<?xml version="1.0" encoding="UTF-8" standalone="yes"?>
<contentHaul xmlns:a="http://www.appian.com/ae/types/2009">
    <versionUuid>_a-0000ea57-d5bf-8000-9bb3-011c48011c48_114254</versionUuid>
    <interface>
        <name>RDAA_VehicleMake1</name>
        <uuid>13ee7a14-014d-4b20-a936-63a14e3ed693</uuid>
        <description>The interface used for your record view</description>
        <parentUuid>_a-0000ea32-688e-8000-9bb1-011c48011c48_112487</parentUuid>
        <visibility>
            <advertise>false</advertise>
            <hierarchy>true</hierarchy>
            <indexable>true</indexable>
            <quota>false</quota>
            <searchable>true</searchable>
            <system>false</system>
            <unlogged>false</unlogged>
        </visibility>
        <definition>{
  #"SYSTEM_SYSRULES_sectionLayout_v1"(
    label: "Vehicle",
    labelSize: "MEDIUM",
    labelHeadingTag: "H2",
    labelColor: "STANDARD",
    contents: {
      #"SYSTEM_SYSRULES_columnsLayout"(
        columns: {
          #"SYSTEM_SYSRULES_columnLayout"(
            contents: {
              #"SYSTEM_SYSRULES_textField"(
                label: "Make",
                labelPosition: "JUSTIFIED",
                value: a!defaultValue(
                  ri!record[#"urn:appian:record-field:v1:adc51301-a486-48d0-8ed6-932118db7c24/4fd1b12b-2290-4dfb-ac18-d49eaec134b6"],
                  "–"
                ),
                readOnly: true
              ),
              #"SYSTEM_SYSRULES_textField"(
                label: "Year Built",
                labelPosition: "JUSTIFIED",
                value: a!defaultValue(
                  ri!record[#"urn:appian:record-field:v1:adc51301-a486-48d0-8ed6-932118db7c24/3e4b5676-f32e-4e10-a077-c5c2a6de9494"],
                  "–"
                ),
                readOnly: true
              ),
              #"SYSTEM_SYSRULES_richTextDisplayField"(
                label: "Is Available",
                labelPosition: "JUSTIFIED",
                value: if(
                  isnull(
                    ri!record[#"urn:appian:record-field:v1:adc51301-a486-48d0-8ed6-932118db7c24/2e092d3c-7b41-4424-8975-851ee1326339"]
                  ),
                  "–",
                  {
                    #"SYSTEM_SYSRULES_richTextIcon"(
                      icon: if(
                        ri!record[#"urn:appian:record-field:v1:adc51301-a486-48d0-8ed6-932118db7c24/2e092d3c-7b41-4424-8975-851ee1326339"],
                        "check-circle",
                        "times-circle"
                      ),
                      color: if(
                        ri!record[#"urn:appian:record-field:v1:adc51301-a486-48d0-8ed6-932118db7c24/2e092d3c-7b41-4424-8975-851ee1326339"],
                        "POSITIVE",
                        "NEGATIVE"
                      )
                    ),
                    if(
                      ri!record[#"urn:appian:record-field:v1:adc51301-a486-48d0-8ed6-932118db7c24/2e092d3c-7b41-4424-8975-851ee1326339"],
                      " Yes",
                      " No"
                    )
                  }
                )
              ),
              #"SYSTEM_SYSRULES_richTextDisplayField"(
                label: "Added On",
                labelPosition: "JUSTIFIED",
                value: if(
                  isnull(
                    ri!record[#"urn:appian:record-field:v1:adc51301-a486-48d0-8ed6-932118db7c24/58f6859f-9960-42dd-85ff-14a6eadd52be"]
                  ),
                  "–",
                  {
                    #"SYSTEM_SYSRULES_richTextIcon"(
                      icon: "calendar-o",
                      color: "SECONDARY"
                    ),
                    " ",
                    #"SYSTEM_SYSRULES_richTextItem_v1"(
                      text: text(
                        ri!record[#"urn:appian:record-field:v1:adc51301-a486-48d0-8ed6-932118db7c24/58f6859f-9960-42dd-85ff-14a6eadd52be"],
                        "mmmm d, yyyy h:mm AM/PM"
                      )
                    )
                  }
                )
              ),
              #"SYSTEM_SYSRULES_richTextDisplayField"(
                label: "Modified On",
                labelPosition: "JUSTIFIED",
                value: if(
                  isnull(
                    ri!record[#"urn:appian:record-field:v1:adc51301-a486-48d0-8ed6-932118db7c24/a7264ece-aecb-43f1-8092-bed5c476332f"]
                  ),
                  "–",
                  {
                    #"SYSTEM_SYSRULES_richTextIcon"(
                      icon: "calendar-o",
                      color: "SECONDARY"
                    ),
                    " ",
                    #"SYSTEM_SYSRULES_richTextItem_v1"(
                      text: text(
                        ri!record[#"urn:appian:record-field:v1:adc51301-a486-48d0-8ed6-932118db7c24/a7264ece-aecb-43f1-8092-bed5c476332f"],
                        "mmmm d, yyyy h:mm AM/PM"
                      )
                    )
                  }
                )
              ),
              #"SYSTEM_SYSRULES_textField"(
                label: "Color",
                labelPosition: "JUSTIFIED",
                value: a!defaultValue(
                  ri!record[#"urn:appian:record-field:v1:adc51301-a486-48d0-8ed6-932118db7c24/5ac69f02-f33b-4bda-a9fe-c531ed6c49a5"],
                  "–"
                ),
                readOnly: true
              ),
              #"SYSTEM_SYSRULES_textField"(
                label: "Mileage Category",
                labelPosition: "JUSTIFIED",
                value: a!defaultValue(
                  ri!record[#"urn:appian:record-field:v1:adc51301-a486-48d0-8ed6-932118db7c24/8daf352d-acd0-4181-881c-e4a006db2728"],
                  "–"
                ),
                readOnly: true
              )
            }
          ),
          #"SYSTEM_SYSRULES_columnLayout"(
            contents: {
              #"SYSTEM_SYSRULES_billboardLayout_v1"(
                backgroundMedia: #"SYSTEM_SYSRULES_documentImage"(
                  document: #"SYSTEM_SYSRULES_EXAMPLE_BILLBOARD_IMAGE"()
                ),
                backgroundColor: "#f0f0f0",
                overlay: #"SYSTEM_SYSRULES_barOverlay"(
                  contents: {}
                )
              )
            }
          )
        }
      )
    },
    divider: "ABOVE",
    marginAbove: "STANDARD",
    marginBelow: "MORE"
  )
}</definition>
        <namedTypedValue>
            <name>record</name>
            <type>
                <name>adc51301-a486-48d0-8ed6-932118db7c24</name>
                <namespace>urn:com:appian:recordtype:datatype</namespace>
            </type>
        </namedTypedValue>
        <preferredEditor>interface</preferredEditor>
        <offlineEnabled>false</offlineEnabled>
        <isCustom>false</isCustom>
    </interface>
    <roleMap public="true">
        <role inherit="true" allowForAll="false" name="readers">
            <users/>
            <groups/>
        </role>
        <role inherit="true" allowForAll="false" name="authors">
            <users/>
            <groups/>
        </role>
        <role inherit="true" allowForAll="false" name="administrators">
            <users/>
            <groups/>
        </role>
        <role inherit="false" allowForAll="false" name="denyReaders">
            <users/>
            <groups/>
        </role>
        <role inherit="false" allowForAll="false" name="denyAuthors">
            <users/>
            <groups/>
        </role>
        <role inherit="false" allowForAll="false" name="denyAdministrators">
            <users/>
            <groups/>
        </role>
    </roleMap>
    <typedValue>
        <type>
            <name>RuleTestConfig?list</name>
            <namespace>http://www.appian.com/ae/types/2009</namespace>
        </type>
        <value>
            <el>
                <a:name/>
                <a:ruleInputTestConfigs>
                    <a:value xmlns:xsi="http://www.w3.org/2001/XMLSchema-instance" xsi:type="a:Expression">#"SYSTEM_SYSRULES_queryRecordType_v1"(
  recordType: #"urn:appian:record-type:v1:adc51301-a486-48d0-8ed6-932118db7c24",
  fields: {},
  pagingInfo: #"SYSTEM_SYSRULES_pagingInfo"(
    startIndex: 1,
    batchSize: 1
  )
).data</a:value>
                    <a:nameRef>record</a:nameRef>
                    <a:id>1</a:id>
                </a:ruleInputTestConfigs>
                <a:assertions xmlns:xsi="http://www.w3.org/2001/XMLSchema-instance" xsi:nil="true"/>
            </el>
        </value>
    </typedValue>
    <history>
        <historyInfo versionUuid="7ca9666a-3101-4ba7-b415-ad81a548d6af"/>
        <historyInfo versionUuid="_a-0000ea57-d5bf-8000-9bb3-011c48011c48_114254"/>
    </history>
</contentHaul>
