<?xml version="1.0" encoding="UTF-8" standalone="yes"?>
<contentHaul xmlns:a="http://www.appian.com/ae/types/2009">
    <versionUuid>_a-0000ea57-d5bf-8000-9bb3-011c48011c48_125265</versionUuid>
    <interface>
        <name>RDAA_MaintainanceSummary</name>
        <uuid>7fcdbdf7-f1a2-4049-8b47-2a8e6d7ee56f</uuid>
        <description>The interface used for your record view</description>
        <parentUuid>_a-0000ea32-688e-8000-9bb1-011c48011c48_112487</parentUuid>
        <visibility>
            <advertise>false</advertise>
            <hierarchy>true</hierarchy>
            <indexable>true</indexable>
            <quota>false</quota>
            <searchable>true</searchable>
            <system>false</system>
            <unlogged>false</unlogged>
        </visibility>
        <definition>{
  #"SYSTEM_SYSRULES_columnsLayout"(
    columns: {
      #"SYSTEM_SYSRULES_columnLayout"(
        contents: {
          #"SYSTEM_SYSRULES_sectionLayout_v1"(
            label: "Maintenance Details",
            labelIcon: "tools",
            labelSize: "MEDIUM",
            labelHeadingTag: "H2",
            labelColor: "STANDARD",
            contents: {
              #"SYSTEM_SYSRULES_columnsLayout"(
                columns: {
                  #"SYSTEM_SYSRULES_columnLayout"(
                    contents: {
                      #"SYSTEM_SYSRULES_textField"(
                        label: "Issue",
                        labelPosition: "JUSTIFIED",
                        value: a!defaultValue(
                          ri!record[#"urn:appian:record-field:v1:51427fd6-eb7a-4dc3-b19f-c8c3ed413f99/d2f46328-3873-44e7-818c-70538a88557b"],
                          "–"
                        ),
                        readOnly: true
                      ),
                      #"SYSTEM_SYSRULES_textField"(
                        label: "Requestedby",
                        labelPosition: "JUSTIFIED",
                        value: a!defaultValue(
                          #"_a-0000ea57-d5bf-8000-9bb3-011c48011c48_113355"(ri!record[#"urn:appian:record-field:v1:51427fd6-eb7a-4dc3-b19f-c8c3ed413f99/edda1683-7684-4b70-b374-01f8d46aca26"]),
                          "–"
                        ),
                        readOnly: true,
                        align: "LEFT"
                      ),
                      #"SYSTEM_SYSRULES_richTextDisplayField"(
                        label: "Requestedon",
                        labelPosition: "JUSTIFIED",
                        value: if(
                          isnull(
                            ri!record[#"urn:appian:record-field:v1:51427fd6-eb7a-4dc3-b19f-c8c3ed413f99/d5c7c135-dc71-4d9b-9c2c-180ffb663a15"]
                          ),
                          "–",
                          {
                            #"SYSTEM_SYSRULES_richTextIcon"(
                              icon: "calendar-o",
                              color: "SECONDARY"
                            ),
                            " ",
                            #"SYSTEM_SYSRULES_richTextItem_v1"(
                              text: text(
                                ri!record[#"urn:appian:record-field:v1:51427fd6-eb7a-4dc3-b19f-c8c3ed413f99/d5c7c135-dc71-4d9b-9c2c-180ffb663a15"],
                                "mmmm d, yyyy h:mm AM/PM"
                              )
                            )
                          }
                        )
                      ),
                      #"SYSTEM_SYSRULES_textField"(
                        label: "Servicetype",
                        labelPosition: "JUSTIFIED",
                        value: a!defaultValue(
                          ri!record[#"urn:appian:record-field:v1:51427fd6-eb7a-4dc3-b19f-c8c3ed413f99/3241d123-ede3-4469-a674-f6d7b2d63127"],
                          "–"
                        ),
                        readOnly: true
                      ),
                      #"SYSTEM_SYSRULES_textField"(
                        label: "Mechanicserved",
                        labelPosition: "JUSTIFIED",
                        value: a!defaultValue(
                          ri!record[#"urn:appian:record-field:v1:51427fd6-eb7a-4dc3-b19f-c8c3ed413f99/9d3d23eb-d866-455b-a7e9-ce41ca868470"],
                          "–"
                        ),
                        readOnly: true
                      ),
                      #"SYSTEM_SYSRULES_textField"(
                        label: "Status",
                        labelPosition: "JUSTIFIED",
                        value: a!defaultValue(
                          ri!record[#"urn:appian:record-field:v1:51427fd6-eb7a-4dc3-b19f-c8c3ed413f99/17b15324-6f20-419c-ac68-570c19a89cad"],
                          "–"
                        ),
                        readOnly: true
                      ),
                      #"SYSTEM_SYSRULES_richTextDisplayField"(
                        label: "Completedon",
                        labelPosition: "JUSTIFIED",
                        value: if(
                          isnull(
                            ri!record[#"urn:appian:record-field:v1:51427fd6-eb7a-4dc3-b19f-c8c3ed413f99/f552c437-ce17-4518-9da4-de26581dd377"]
                          ),
                          "–",
                          {
                            #"SYSTEM_SYSRULES_richTextIcon"(
                              icon: "calendar-o",
                              color: "SECONDARY"
                            ),
                            " ",
                            #"SYSTEM_SYSRULES_richTextItem_v1"(
                              text: text(
                                ri!record[#"urn:appian:record-field:v1:51427fd6-eb7a-4dc3-b19f-c8c3ed413f99/f552c437-ce17-4518-9da4-de26581dd377"],
                                "mmmm d, yyyy h:mm AM/PM"
                              )
                            )
                          }
                        ),
                        showWhen: if(
                          ri!record[#"urn:appian:record-field:v1:51427fd6-eb7a-4dc3-b19f-c8c3ed413f99/17b15324-6f20-419c-ac68-570c19a89cad"]="Completed",
                          true(),
                          false()
                        )
                      ),
                      #"SYSTEM_SYSRULES_textField"(
                        label: "Cost",
                        labelPosition: "JUSTIFIED",
                        value: if(
                          isnull(
                            ri!record[#"urn:appian:record-field:v1:51427fd6-eb7a-4dc3-b19f-c8c3ed413f99/703933c9-7d7e-4648-9038-7628f41baffe"]
                          ),
                          "–",
                          text(
                            ri!record[#"urn:appian:record-field:v1:51427fd6-eb7a-4dc3-b19f-c8c3ed413f99/703933c9-7d7e-4648-9038-7628f41baffe"],
                            "#.##"
                          )
                        ),
                        showWhen: if(
                          ri!record[#"urn:appian:record-field:v1:51427fd6-eb7a-4dc3-b19f-c8c3ed413f99/17b15324-6f20-419c-ac68-570c19a89cad"]="Completed",
                          true(),
                          false()
                        ),
                        readOnly: true
                      )
                    }
                  ),
                  #"SYSTEM_SYSRULES_columnLayout"(
                    contents: {
                      #"SYSTEM_SYSRULES_boxLayout"(
                        label: "Event History",
                        contents: {
                          #"SYSTEM_SYSRULES_eventHistoryListField"(
                            eventData: #"SYSTEM_SYSRULES_eventData"(
                              recordType: #"urn:appian:record-type:v1:1b53bfe0-3c18-4684-9fb6-4b577eab24e6",
                              filters: #"SYSTEM_SYSRULES_queryLogicalExpression"(
                                operator: "AND",
                                filters: {
                                  #"SYSTEM_SYSRULES_queryFilter"(
                                    field: #"urn:appian:record-field:v1:1b53bfe0-3c18-4684-9fb6-4b577eab24e6/f10675ef-de13-486d-96ba-fb3df57db9e6",
                                    operator: "=",
                                    value: ri!record[#"urn:appian:record-field:v1:51427fd6-eb7a-4dc3-b19f-c8c3ed413f99/7b16caec-9480-454e-b2a9-3acd1279d6c9"]
                                  )
                                },
                                ignoreFiltersWithEmptyValues: true
                              ),
                              timestamp: #"urn:appian:record-field:v1:1b53bfe0-3c18-4684-9fb6-4b577eab24e6/9dfa6eca-c411-4f6f-81f7-54293bb65026",
                              user: #"urn:appian:record-field:v1:1b53bfe0-3c18-4684-9fb6-4b577eab24e6/cfa600ec-8f9f-493f-835a-b5743cae948d",
                              eventTypeName: fv!data[#"urn:appian:record-field:v1:1b53bfe0-3c18-4684-9fb6-4b577eab24e6/4a7adeb6-390e-4740-9efa-dd8b2bc04e31/77e15030-0a6d-4649-8307-6c6b7eddcee0"]
                            ),
                            eventStyle: "PREVIEW_LIST",
                            previewListPageSize: 10,
                            displayUser: "IMAGE"
                          )
                        },
                        style: "#93c47d",
                        shape: "ROUNDED",
                        marginBelow: "STANDARD"
                      )
                    }
                  )
                }
              )
            },
            divider: "ABOVE",
            marginAbove: "STANDARD",
            marginBelow: "MORE"
          )
        }
      )
    },
    spacing: "SPARSE",
    showDividers: true
  )
}</definition>
        <namedTypedValue>
            <name>record</name>
            <type>
                <name>51427fd6-eb7a-4dc3-b19f-c8c3ed413f99</name>
                <namespace>urn:com:appian:recordtype:datatype</namespace>
            </type>
        </namedTypedValue>
        <preferredEditor>interface</preferredEditor>
        <offlineEnabled>false</offlineEnabled>
        <isCustom>false</isCustom>
    </interface>
    <roleMap public="true">
        <role inherit="true" allowForAll="false" name="readers">
            <users/>
            <groups/>
        </role>
        <role inherit="true" allowForAll="false" name="authors">
            <users/>
            <groups/>
        </role>
        <role inherit="true" allowForAll="false" name="administrators">
            <users/>
            <groups/>
        </role>
        <role inherit="false" allowForAll="false" name="denyReaders">
            <users/>
            <groups/>
        </role>
        <role inherit="false" allowForAll="false" name="denyAuthors">
            <users/>
            <groups/>
        </role>
        <role inherit="false" allowForAll="false" name="denyAdministrators">
            <users/>
            <groups/>
        </role>
    </roleMap>
    <typedValue>
        <type>
            <name>RuleTestConfig?list</name>
            <namespace>http://www.appian.com/ae/types/2009</namespace>
        </type>
        <value>
            <el>
                <a:name/>
                <a:ruleInputTestConfigs>
                    <a:value xmlns:xsi="http://www.w3.org/2001/XMLSchema-instance" xsi:type="a:Expression">#"SYSTEM_SYSRULES_queryRecordType_v1"(
  recordType: #"urn:appian:record-type:v1:51427fd6-eb7a-4dc3-b19f-c8c3ed413f99",
  fields: {},
  pagingInfo: #"SYSTEM_SYSRULES_pagingInfo"(
    startIndex: 1,
    batchSize: 1
  )
).data</a:value>
                    <a:nameRef>record</a:nameRef>
                    <a:id>1</a:id>
                </a:ruleInputTestConfigs>
                <a:assertions xmlns:xsi="http://www.w3.org/2001/XMLSchema-instance" xsi:nil="true"/>
            </el>
        </value>
    </typedValue>
    <history>
        <historyInfo versionUuid="7774b258-f1e3-4e44-b14e-14150fd214ee"/>
        <historyInfo versionUuid="_a-0000ea57-d5bf-8000-9bb3-011c48011c48_125265"/>
    </history>
</contentHaul>
