<?xml version="1.0" encoding="UTF-8" standalone="yes"?>
<contentHaul xmlns:a="http://www.appian.com/ae/types/2009">
    <versionUuid>_a-0000eab3-f57a-8000-9bb4-011c48011c48_133058</versionUuid>
    <interface>
        <name>RDAA_VehicleSummary</name>
        <uuid>87903e34-93f0-47f5-8bc9-94178aa3be56</uuid>
        <description>The interface used for your record view</description>
        <parentUuid>_a-0000ea32-688e-8000-9bb1-011c48011c48_112487</parentUuid>
        <visibility>
            <advertise>false</advertise>
            <hierarchy>true</hierarchy>
            <indexable>true</indexable>
            <quota>false</quota>
            <searchable>true</searchable>
            <system>false</system>
            <unlogged>false</unlogged>
        </visibility>
        <definition>{
  #"SYSTEM_SYSRULES_cardLayout"(
    contents: {
      #"SYSTEM_SYSRULES_columnsLayout"(
        columns: {
          #"SYSTEM_SYSRULES_columnLayout"(
            contents: {#"SYSTEM_SYSRULES_sectionLayout_v1"(
              label: ri!record[#"urn:appian:record-field:v1:adc51301-a486-48d0-8ed6-932118db7c24/4fd1b12b-2290-4dfb-ac18-d49eaec134b6"] &amp; " " &amp; ri!record [ #"urn:appian:record-field:v1:adc51301-a486-48d0-8ed6-932118db7c24/37217b1e-8cb5-4fd6-97a3-8598a869c72d"],
              labelSize: "MEDIUM",
              contents: {
                #"SYSTEM_SYSRULES_textField"(
                  label: "",
                  labelPosition: "COLLAPSED",
                  value: ri!record[#"urn:appian:record-field:v1:adc51301-a486-48d0-8ed6-932118db7c24/dbb51139-0f6f-461c-9908-a7e557757fe6"],
                  saveInto: {},
                  refreshAfter: "UNFOCUS",
                  readOnly: true,
                  validations: {},
                  inputPurpose: "OFF"
                ),

                #"SYSTEM_SYSRULES_columnsLayout"(
                  columns: {
                    #"SYSTEM_SYSRULES_columnLayout"(
                      contents: {
                        #"SYSTEM_SYSRULES_integerField"(
                          label: "Year",
                          labelPosition: "JUSTIFIED",
                          value: ri!record[#"urn:appian:record-field:v1:adc51301-a486-48d0-8ed6-932118db7c24/3e4b5676-f32e-4e10-a077-c5c2a6de9494"],
                          saveInto: {},
                          refreshAfter: "UNFOCUS",
                          readOnly: true,
                          validations: {}
                        ),
                        #"SYSTEM_SYSRULES_textField"(
                          label: "Colour",
                          labelPosition: "JUSTIFIED",
                          value: ri!record[#"urn:appian:record-field:v1:adc51301-a486-48d0-8ed6-932118db7c24/5ac69f02-f33b-4bda-a9fe-c531ed6c49a5"],
                          saveInto: {},
                          refreshAfter: "UNFOCUS",
                          required: false,
                          readOnly: true,
                          validations: {}
                        ),
                        #"SYSTEM_SYSRULES_integerField"(
                          label: "Mileage",
                          labelPosition: "JUSTIFIED",
                          value: ri!record[#"urn:appian:record-field:v1:adc51301-a486-48d0-8ed6-932118db7c24/96f96970-f39f-4b6f-ba1a-40f9f52df54c"],
                          saveInto: {},
                          refreshAfter: "UNFOCUS",
                          readOnly: true,
                          validations: {}
                        )
                      }
                    ),
                    #"SYSTEM_SYSRULES_columnLayout"(
                      contents: {
                        #"SYSTEM_SYSRULES_dateField"(
                          label: "Date Added",
                          labelPosition: "JUSTIFIED",
                          value: ri!record[#"urn:appian:record-field:v1:adc51301-a486-48d0-8ed6-932118db7c24/58f6859f-9960-42dd-85ff-14a6eadd52be"],
                          saveInto: {},
                          readOnly: true,
                          validations: {}
                        ),
                        #"SYSTEM_SYSRULES_textField"(
                          label: "Added By",
                          labelPosition: "JUSTIFIED",
                          value: ri!record[#"urn:appian:record-field:v1:adc51301-a486-48d0-8ed6-932118db7c24/78196efd-9bdd-47d0-af35-dede59f7990f"],
                          saveInto: {},
                          refreshAfter: "UNFOCUS",
                          readOnly: true,
                          validations: {}
                        )
                      }
                    )
                  }
                )
              },
              marginAbove: "MORE"
)}
          ),
          #"SYSTEM_SYSRULES_columnLayout"(
            contents: {
              #"SYSTEM_SYSRULES_imageField_v1"(
                label: "",
                labelPosition: "ABOVE",
                images: {if(
                  isnull(ri!record[#"urn:appian:record-field:v1:adc51301-a486-48d0-8ed6-932118db7c24/9210933c-afcd-4e6b-bab3-3972a68c4194"]),
                  #"SYSTEM_SYSRULES_documentImage"(
                    document: #"_a-0000ea57-d5bf-8000-9bb3-011c48011c48_124784",
                    altText: "Image Unavailable",
                    caption: "Image Unavailable"
                  ),
                  #"SYSTEM_SYSRULES_documentImage"(
                    document: ri!record[#"urn:appian:record-field:v1:adc51301-a486-48d0-8ed6-932118db7c24/9210933c-afcd-4e6b-bab3-3972a68c4194"],
                    altText: ri!record[#"urn:appian:record-field:v1:adc51301-a486-48d0-8ed6-932118db7c24/4fd1b12b-2290-4dfb-ac18-d49eaec134b6"] &amp; " " &amp; ri!record[#"urn:appian:record-field:v1:adc51301-a486-48d0-8ed6-932118db7c24/37217b1e-8cb5-4fd6-97a3-8598a869c72d"],
                    caption: ri!record[#"urn:appian:record-field:v1:adc51301-a486-48d0-8ed6-932118db7c24/4fd1b12b-2290-4dfb-ac18-d49eaec134b6"] &amp; " " &amp; ri!record[#"urn:appian:record-field:v1:adc51301-a486-48d0-8ed6-932118db7c24/37217b1e-8cb5-4fd6-97a3-8598a869c72d"]
                  )
)},
                size: "LARGE",
                isThumbnail: true,
                style: "STANDARD",
                align: "END"
              )
            }
          )
        }
      )
    },
    height: "AUTO",
    style: "STANDARD",
    marginBelow: "STANDARD",
    decorativeBarColor: "POSITIVE"
  ),
  #"SYSTEM_SYSRULES_sectionLayout_v1"(
    label: "Maintainance",
    labelIcon: "tools",
    contents: {
      #"SYSTEM_SYSRULES_gridField_v1"(
        label: "Read-only Grid",
        labelPosition: "ABOVE",
        data: #"SYSTEM_SYSRULES_recordData"(
          recordType: #"urn:appian:record-type:v1:51427fd6-eb7a-4dc3-b19f-c8c3ed413f99",
          filters: #"SYSTEM_SYSRULES_queryLogicalExpression"(
            operator: "AND",
            filters: {
              #"SYSTEM_SYSRULES_queryFilter"(
                field: #"urn:appian:record-field:v1:51427fd6-eb7a-4dc3-b19f-c8c3ed413f99/f31ded75-e511-44f1-9b0b-04ac6fb6d91a",
                operator: "=",
                value: ri!record[#"urn:appian:record-field:v1:adc51301-a486-48d0-8ed6-932118db7c24/b52b6036-1348-4061-ab79-11bf82018c93"]
              )
            },
            ignoreFiltersWithEmptyValues: true
          )
        ),
        columns: {
          #"SYSTEM_SYSRULES_gridColumn"(
            label: "Maintenanceid",
            sortField: #"urn:appian:record-field:v1:51427fd6-eb7a-4dc3-b19f-c8c3ed413f99/7b16caec-9480-454e-b2a9-3acd1279d6c9",
            value: if(
              #"urn:appian:function:v1:a:isusermemberofgroup?okey=a!isUserMemberOfGroup"(
                loggedInUser(),
                {
                  #"_a-0000ea57-d5bf-8000-9bb3-011c48011c48_113319",
                  #"_a-0000ea57-d5bf-8000-9bb3-011c48011c48_113331"
                  }
              ),
              #"SYSTEM_SYSRULES_linkField"(
                links: {
                  #"SYSTEM_SYSRULES_recordLink"(
                    label: fv!row[#"urn:appian:record-field:v1:51427fd6-eb7a-4dc3-b19f-c8c3ed413f99/7b16caec-9480-454e-b2a9-3acd1279d6c9"],
                    recordType: #"urn:appian:record-type:v1:51427fd6-eb7a-4dc3-b19f-c8c3ed413f99",
                    identifier: fv!identifier
                  )
                }
              ),
             fv!row[#"urn:appian:record-field:v1:51427fd6-eb7a-4dc3-b19f-c8c3ed413f99/7b16caec-9480-454e-b2a9-3acd1279d6c9"]
            ),
            align: "END"
          ),
          #"SYSTEM_SYSRULES_gridColumn"(
            label: "Issuedescription",
            sortField: #"urn:appian:record-field:v1:51427fd6-eb7a-4dc3-b19f-c8c3ed413f99/d2f46328-3873-44e7-818c-70538a88557b",
            value: fv!row[#"urn:appian:record-field:v1:51427fd6-eb7a-4dc3-b19f-c8c3ed413f99/d2f46328-3873-44e7-818c-70538a88557b"]
          ),
          #"SYSTEM_SYSRULES_gridColumn"(
            label: "Requestedon",
            sortField: #"urn:appian:record-field:v1:51427fd6-eb7a-4dc3-b19f-c8c3ed413f99/d5c7c135-dc71-4d9b-9c2c-180ffb663a15",
            value: if(
            isnull(fv!row[#"urn:appian:record-field:v1:51427fd6-eb7a-4dc3-b19f-c8c3ed413f99/d5c7c135-dc71-4d9b-9c2c-180ffb663a15"]),
            fv!row[#"urn:appian:record-field:v1:51427fd6-eb7a-4dc3-b19f-c8c3ed413f99/d5c7c135-dc71-4d9b-9c2c-180ffb663a15"],
            datetext(fv!row[#"urn:appian:record-field:v1:51427fd6-eb7a-4dc3-b19f-c8c3ed413f99/d5c7c135-dc71-4d9b-9c2c-180ffb663a15"], "default")
            ),
            align: "END"
          ),
          #"SYSTEM_SYSRULES_gridColumn"(
            label: "Requestedby",
            sortField: #"urn:appian:record-field:v1:51427fd6-eb7a-4dc3-b19f-c8c3ed413f99/edda1683-7684-4b70-b374-01f8d46aca26",
            value: fv!row[#"urn:appian:record-field:v1:51427fd6-eb7a-4dc3-b19f-c8c3ed413f99/edda1683-7684-4b70-b374-01f8d46aca26"]
          ),
          #"SYSTEM_SYSRULES_gridColumn"(
            label: "Servicetype",
            sortField: #"urn:appian:record-field:v1:51427fd6-eb7a-4dc3-b19f-c8c3ed413f99/3241d123-ede3-4469-a674-f6d7b2d63127",
            value: fv!row[#"urn:appian:record-field:v1:51427fd6-eb7a-4dc3-b19f-c8c3ed413f99/3241d123-ede3-4469-a674-f6d7b2d63127"]
          ),
          #"SYSTEM_SYSRULES_gridColumn"(
            label: "Mechanicserved",
            sortField: #"urn:appian:record-field:v1:51427fd6-eb7a-4dc3-b19f-c8c3ed413f99/9d3d23eb-d866-455b-a7e9-ce41ca868470",
            value: fv!row[#"urn:appian:record-field:v1:51427fd6-eb7a-4dc3-b19f-c8c3ed413f99/9d3d23eb-d866-455b-a7e9-ce41ca868470"]
          ),
          #"SYSTEM_SYSRULES_gridColumn"(
            label: "Status",
            sortField: #"urn:appian:record-field:v1:51427fd6-eb7a-4dc3-b19f-c8c3ed413f99/17b15324-6f20-419c-ac68-570c19a89cad",
            value: fv!row[#"urn:appian:record-field:v1:51427fd6-eb7a-4dc3-b19f-c8c3ed413f99/17b15324-6f20-419c-ac68-570c19a89cad"],
            align: "START"
          ),
          #"SYSTEM_SYSRULES_gridColumn"(
            label: "Completedon",
            sortField: #"urn:appian:record-field:v1:51427fd6-eb7a-4dc3-b19f-c8c3ed413f99/f552c437-ce17-4518-9da4-de26581dd377",
            value: if(
            isnull(fv!row[#"urn:appian:record-field:v1:51427fd6-eb7a-4dc3-b19f-c8c3ed413f99/f552c437-ce17-4518-9da4-de26581dd377"]),
            fv!row[#"urn:appian:record-field:v1:51427fd6-eb7a-4dc3-b19f-c8c3ed413f99/f552c437-ce17-4518-9da4-de26581dd377"],
            datetext(fv!row[#"urn:appian:record-field:v1:51427fd6-eb7a-4dc3-b19f-c8c3ed413f99/f552c437-ce17-4518-9da4-de26581dd377"], "default")
            ),
            align: "END"
          ),
          #"SYSTEM_SYSRULES_gridColumn"(
            label: "Cost",
            sortField: #"urn:appian:record-field:v1:51427fd6-eb7a-4dc3-b19f-c8c3ed413f99/703933c9-7d7e-4648-9038-7628f41baffe",
            value: if(
            isnull(fv!row[#"urn:appian:record-field:v1:51427fd6-eb7a-4dc3-b19f-c8c3ed413f99/703933c9-7d7e-4648-9038-7628f41baffe"]),
            fv!row[#"urn:appian:record-field:v1:51427fd6-eb7a-4dc3-b19f-c8c3ed413f99/703933c9-7d7e-4648-9038-7628f41baffe"],
            fixed(fv!row[#"urn:appian:record-field:v1:51427fd6-eb7a-4dc3-b19f-c8c3ed413f99/703933c9-7d7e-4648-9038-7628f41baffe"], 2)
            ),
            align: "END"
          )
        },
        validations: {},
        refreshAfter: "RECORD_ACTION",
        showSearchBox: true,
        showRefreshButton: true
      )
    }
  )
}</definition>
        <namedTypedValue>
            <name>record</name>
            <type>
                <name>adc51301-a486-48d0-8ed6-932118db7c24</name>
                <namespace>urn:com:appian:recordtype:datatype</namespace>
            </type>
        </namedTypedValue>
        <preferredEditor>interface</preferredEditor>
        <offlineEnabled>false</offlineEnabled>
        <isCustom>false</isCustom>
    </interface>
    <roleMap public="true">
        <role inherit="true" allowForAll="false" name="readers">
            <users/>
            <groups/>
        </role>
        <role inherit="true" allowForAll="false" name="authors">
            <users/>
            <groups/>
        </role>
        <role inherit="true" allowForAll="false" name="administrators">
            <users/>
            <groups/>
        </role>
        <role inherit="false" allowForAll="false" name="denyReaders">
            <users/>
            <groups/>
        </role>
        <role inherit="false" allowForAll="false" name="denyAuthors">
            <users/>
            <groups/>
        </role>
        <role inherit="false" allowForAll="false" name="denyAdministrators">
            <users/>
            <groups/>
        </role>
    </roleMap>
    <typedValue>
        <type>
            <name>RuleTestConfig?list</name>
            <namespace>http://www.appian.com/ae/types/2009</namespace>
        </type>
        <value>
            <el>
                <a:name/>
                <a:ruleInputTestConfigs>
                    <a:value xmlns:xsi="http://www.w3.org/2001/XMLSchema-instance" xsi:type="a:Expression">#"SYSTEM_SYSRULES_queryRecordType_v1"(
  recordType: #"urn:appian:record-type:v1:adc51301-a486-48d0-8ed6-932118db7c24",
  fields: {},
  pagingInfo: #"SYSTEM_SYSRULES_pagingInfo"(
    startIndex: 1,
    batchSize: 1
  )
).data</a:value>
                    <a:nameRef>record</a:nameRef>
                    <a:id>1</a:id>
                </a:ruleInputTestConfigs>
                <a:assertions xmlns:xsi="http://www.w3.org/2001/XMLSchema-instance" xsi:nil="true"/>
            </el>
        </value>
    </typedValue>
    <history>
        <historyInfo versionUuid="d37984f4-21ca-43ff-82bc-5cc193441474"/>
        <historyInfo versionUuid="_a-0000eab3-f57a-8000-9bb4-011c48011c48_133058"/>
    </history>
</contentHaul>
