<?xml version="1.0" encoding="UTF-8" standalone="yes"?>
<contentHaul xmlns:a="http://www.appian.com/ae/types/2009">
    <versionUuid>_a-0000eab3-f57a-8000-9bb4-011c48011c48_133394</versionUuid>
    <interface>
        <name>RDAA_VehicleReportInterface</name>
        <uuid>_a-0000ea57-d5bf-8000-9bb3-011c48011c48_128253</uuid>
        <description>An interface that shows the charts of vehicles by category and make</description>
        <parentUuid>_a-0000ea32-688e-8000-9bb1-011c48011c48_112487</parentUuid>
        <visibility>
            <advertise>false</advertise>
            <hierarchy>true</hierarchy>
            <indexable>true</indexable>
            <quota>false</quota>
            <searchable>true</searchable>
            <system>false</system>
            <unlogged>false</unlogged>
        </visibility>
        <definition>a!localVariables(
  local!make,
  #"SYSTEM_SYSRULES_headerContentLayout"(
    header: {
      #"SYSTEM_SYSRULES_cardLayout"(
        contents: {
          #"SYSTEM_SYSRULES_cardLayout"(
            contents: {
              #"SYSTEM_SYSRULES_sideBySideLayout"(
                items: {
                  #"SYSTEM_SYSRULES_sideBySideItem"(
                    item: #"SYSTEM_SYSRULES_richTextDisplayField"(
                      labelPosition: "COLLAPSED",
                      value: {
                        #"SYSTEM_SYSRULES_richTextHeader"(
                          text: {
                            "Fleet Data"
                          },
                          size: "LARGE"
                        )
                      },
                      align: "LEFT"
                    )
                  ),
                  #"SYSTEM_SYSRULES_sideBySideItem"(
                    item: #"SYSTEM_SYSRULES_richTextDisplayField"(
                      labelPosition: "COLLAPSED",
                      value: {
                        #"SYSTEM_SYSRULES_richTextHeader"(
                          text: {
                            #"SYSTEM_SYSRULES_richTextIcon"(
                              icon: "car"
                            ),
                            " ",
                            #"SYSTEM_SYSRULES_richTextIcon"(
                              icon: "shuttle-van"
                            ),
                            " ",
                            #"SYSTEM_SYSRULES_richTextIcon"(
                              icon: "car-side"
                            )
                          }
                        )
                      },
                      align: "RIGHT",
                      marginAbove: "STANDARD",
                      marginBelow: "NONE"
                    ),
                    width: "MINIMIZE"
                  ),
                  #"SYSTEM_SYSRULES_sideBySideItem"(
                    item: #"SYSTEM_SYSRULES_richTextDisplayField"(
                      labelPosition: "COLLAPSED",
                      value: {
                        #"SYSTEM_SYSRULES_richTextHeader"(
                          text: {
                            #"SYSTEM_SYSRULES_richTextIcon"(
                              icon: "warehouse"
                            )
                          },
                          size: "LARGE"
                        )
                      },
                      align: "RIGHT"
                    ),
                    width: "MINIMIZE"
                  )
                }
              )
            },
            height: "AUTO",
            style: "TRANSPARENT",
            shape: "SQUARED",
            padding: "EVEN_LESS",
            marginBelow: "STANDARD",
            showBorder: false,
            showShadow: true
          )
        },
        height: "AUTO",
        style: "#1a1e21",
        marginBelow: "NONE",
        showBorder: false,
        decorativeBarColor: "POSITIVE"
      )
    },
    contents: {
      #"SYSTEM_SYSRULES_sectionLayout_v1"(
        label: "",
        contents: {
          #"SYSTEM_SYSRULES_columnsLayout"(
            columns: {
              #"SYSTEM_SYSRULES_columnLayout"(
                contents: {
                  #"_a-0000ea57-d5bf-8000-9bb3-011c48011c48_128069"()
                }
              ),
              #"SYSTEM_SYSRULES_columnLayout"(
                contents: {
                  #"_a-0000ea57-d5bf-8000-9bb3-011c48011c48_128168"()
                }
              )
            }
          )
        }
      ),
      #"SYSTEM_SYSRULES_sectionLayout_v1"(
        label: "",
        contents: {
          #"_a-0000ea57-d5bf-8000-9bb3-011c48011c48_128207"( make: local!make)
        }
      )
    }
  )
)</definition>
        <preferredEditor>interface</preferredEditor>
        <offlineEnabled>false</offlineEnabled>
        <isCustom>false</isCustom>
    </interface>
    <roleMap public="true">
        <role inherit="true" allowForAll="false" name="readers">
            <users/>
            <groups/>
        </role>
        <role inherit="true" allowForAll="false" name="authors">
            <users/>
            <groups/>
        </role>
        <role inherit="true" allowForAll="false" name="administrators">
            <users/>
            <groups/>
        </role>
        <role inherit="false" allowForAll="false" name="denyReaders">
            <users/>
            <groups/>
        </role>
        <role inherit="false" allowForAll="false" name="denyAuthors">
            <users/>
            <groups/>
        </role>
        <role inherit="false" allowForAll="false" name="denyAdministrators">
            <users/>
            <groups/>
        </role>
    </roleMap>
    <history>
        <historyInfo versionUuid="_a-0000eab3-f57a-8000-9bb4-011c48011c48_133394"/>
    </history>
</contentHaul>
