<?xml version="1.0" encoding="UTF-8" standalone="yes"?>
<contentHaul xmlns:a="http://www.appian.com/ae/types/2009">
    <versionUuid>_a-0000ea57-d5bf-8000-9bb3-011c48011c48_124976</versionUuid>
    <interface>
        <name>RDAA_VehicleApprovalForm</name>
        <uuid>_a-0000ea57-d5bf-8000-9bb3-011c48011c48_124752</uuid>
        <description></description>
        <parentUuid>_a-0000ea32-688e-8000-9bb1-011c48011c48_112487</parentUuid>
        <visibility>
            <advertise>false</advertise>
            <hierarchy>true</hierarchy>
            <indexable>true</indexable>
            <quota>false</quota>
            <searchable>true</searchable>
            <system>false</system>
            <unlogged>false</unlogged>
        </visibility>
        <definition>{
  #"SYSTEM_SYSRULES_sectionLayout_v1"(
    label: "Section",
    contents: {
      #"SYSTEM_SYSRULES_columnsLayout"(
        columns: {
          #"SYSTEM_SYSRULES_columnLayout"(
            contents: {
              #"SYSTEM_SYSRULES_textField"(
                label: "Vin",
                labelPosition: "ADJACENT",
                value: ri!RDAA_B2C_Vehicle.vin,
                readOnly: true
              ),
              #"SYSTEM_SYSRULES_textField"(
                label: "Model",
                labelPosition: "ADJACENT",
                value: ri!RDAA_B2C_Vehicle.model,
                readOnly: true
              ),
              #"SYSTEM_SYSRULES_textField"(
                label: "Color",
                labelPosition: "ADJACENT",
                value: ri!RDAA_B2C_Vehicle.color,
                readOnly: true
              ),
              #"SYSTEM_SYSRULES_integerField"(
                label: "Mileage",
                labelPosition: "ADJACENT",
                value: ri!RDAA_B2C_Vehicle.mileage,
                readOnly: true
              ),
              #"SYSTEM_SYSRULES_textField"(
                label: "Added By",
                labelPosition: "ADJACENT",
                value: ri!RDAA_B2C_Vehicle.addedBy,
                readOnly: true
              )
            }
          ),
          #"SYSTEM_SYSRULES_columnLayout"(
            contents: {
              #"SYSTEM_SYSRULES_textField"(
                label: "Make",
                labelPosition: "ADJACENT",
                value: ri!RDAA_B2C_Vehicle.make,
                readOnly: true
              ),
              #"SYSTEM_SYSRULES_textField"(
                label: "Type",
                labelPosition: "ADJACENT",
                value: ri!RDAA_B2C_Vehicle.type,
                readOnly: true
              ),
              #"SYSTEM_SYSRULES_integerField"(
                label: "Year Built",
                labelPosition: "ADJACENT",
                value: ri!RDAA_B2C_Vehicle.yearBuilt,
                readOnly: true
              ),
              #"SYSTEM_SYSRULES_dateTimeField"(
                label: "Added On",
                labelPosition: "ADJACENT",
                value: ri!RDAA_B2C_Vehicle.addedOn,
                readOnly: true
              )
            }
          ),
          #"SYSTEM_SYSRULES_columnLayout"(
            contents: {
              #"SYSTEM_SYSRULES_imageField_v1"(
                label: "Image",
                labelPosition: "COLLAPSED",
                images: if(
                  isnull(ri!RDAA_B2C_Vehicle.imageId),
                  #"SYSTEM_SYSRULES_documentImage"(
                    document: #"_a-0000ea57-d5bf-8000-9bb3-011c48011c48_124784",
                    altText: "Image Unavailable",
                    caption: "Image Unavailable"
                  ),
                  #"SYSTEM_SYSRULES_documentImage"(
                  document: ri!RDAA_B2C_Vehicle.imageId,
                  altText: ri!RDAA_B2C_Vehicle.make &amp; " " &amp; ri!RDAA_B2C_Vehicle.model,
                  caption: ri!RDAA_B2C_Vehicle.make &amp; " " &amp; ri!RDAA_B2C_Vehicle.model
                  )
                ),
                size: "LARGE",
                isThumbnail: false,
                style: "AVATAR",
                align: "CENTER"
              )
            }
          )
        }
      )
    }
  ),
  #"SYSTEM_SYSRULES_ButtonLayout"(
    primaryButtons: {
      #"SYSTEM_SYSRULES_ButtonWidget"(
        label: "Approve",
        icon: "thumbs-up",
        value: false(),
        saveInto: ri!cancel,
        submit: true,
        style: "PRIMARY"
      )
    },
    secondaryButtons: {
      #"SYSTEM_SYSRULES_ButtonWidget"(label: "Deny",
        icon: "thumbs-down",
        value: true(),
        saveInto: ri!cancel,
        submit: true, style: "NORMAL")

    }
  )
}</definition>
        <namedTypedValue>
            <name>RDAA_B2C_Vehicle</name>
            <type>
                <name>RDAA_B2C_Vehicle</name>
                <namespace>urn:com:appian:types:RDAA</namespace>
            </type>
        </namedTypedValue>
        <namedTypedValue>
            <name>cancel</name>
            <type>
                <name>boolean</name>
                <namespace>http://www.w3.org/2001/XMLSchema</namespace>
            </type>
        </namedTypedValue>
        <preferredEditor>interface</preferredEditor>
        <offlineEnabled>false</offlineEnabled>
        <isCustom>false</isCustom>
    </interface>
    <roleMap public="true">
        <role inherit="true" allowForAll="false" name="readers">
            <users/>
            <groups/>
        </role>
        <role inherit="true" allowForAll="false" name="authors">
            <users/>
            <groups/>
        </role>
        <role inherit="true" allowForAll="false" name="administrators">
            <users/>
            <groups/>
        </role>
        <role inherit="false" allowForAll="false" name="denyReaders">
            <users/>
            <groups/>
        </role>
        <role inherit="false" allowForAll="false" name="denyAuthors">
            <users/>
            <groups/>
        </role>
        <role inherit="false" allowForAll="false" name="denyAdministrators">
            <users/>
            <groups/>
        </role>
    </roleMap>
    <typedValue>
        <type>
            <name>RuleTestConfig?list</name>
            <namespace>http://www.appian.com/ae/types/2009</namespace>
        </type>
        <value>
            <el>
                <a:name/>
                <a:ruleInputTestConfigs>
                    <a:value xmlns:xsi="http://www.w3.org/2001/XMLSchema-instance" xsi:type="a:Expression">'type!{urn:com:appian:types:RDAA}RDAA_B2C_Vehicle'()</a:value>
                    <a:nameRef>RDAA_B2C_Vehicle</a:nameRef>
                    <a:id>1</a:id>
                </a:ruleInputTestConfigs>
                <a:ruleInputTestConfigs>
                    <a:value xmlns:xsd="http://www.w3.org/2001/XMLSchema" xmlns:xsi="http://www.w3.org/2001/XMLSchema-instance" xsi:nil="true" xsi:type="xsd:boolean"/>
                    <a:nameRef>cancel</a:nameRef>
                    <a:id>2</a:id>
                </a:ruleInputTestConfigs>
                <a:assertions xmlns:xsi="http://www.w3.org/2001/XMLSchema-instance" xsi:nil="true"/>
            </el>
        </value>
    </typedValue>
    <history>
        <historyInfo versionUuid="_a-0000ea57-d5bf-8000-9bb3-011c48011c48_124976"/>
    </history>
</contentHaul>
