<?xml version="1.0" encoding="UTF-8" standalone="yes"?>
<contentHaul xmlns:a="http://www.appian.com/ae/types/2009">
    <versionUuid>_a-0000eab3-f57a-8000-9bb4-011c48011c48_133421</versionUuid>
    <interface>
        <name>RDAA_MaintenanceReport</name>
        <uuid>_a-0000ea57-d5bf-8000-9bb3-011c48011c48_128415</uuid>
        <description></description>
        <parentUuid>_a-0000ea32-688e-8000-9bb1-011c48011c48_112487</parentUuid>
        <visibility>
            <advertise>false</advertise>
            <hierarchy>true</hierarchy>
            <indexable>true</indexable>
            <quota>false</quota>
            <searchable>true</searchable>
            <system>false</system>
            <unlogged>false</unlogged>
        </visibility>
        <definition>a!localVariables(
  local!vin,
  #"SYSTEM_SYSRULES_headerContentLayout"(
    header: {
      #"SYSTEM_SYSRULES_cardLayout"(
        contents: {
          #"SYSTEM_SYSRULES_cardLayout"(
            contents: {
              #"SYSTEM_SYSRULES_sideBySideLayout"(
                items: {
                  #"SYSTEM_SYSRULES_sideBySideItem"(
                    item: #"SYSTEM_SYSRULES_richTextDisplayField"(
                      labelPosition: "COLLAPSED",
                      value: {
                        #"SYSTEM_SYSRULES_richTextHeader"(
                          text: {
                            "Maintenance Data"
                          },
                          size: "LARGE"
                        )
                      },
                      align: "LEFT"
                    )
                  ),
                  #"SYSTEM_SYSRULES_sideBySideItem"(
                    item: #"SYSTEM_SYSRULES_richTextDisplayField"(
                      labelPosition: "COLLAPSED",
                      value: {
                        #"SYSTEM_SYSRULES_richTextHeader"(
                          text: {
                            #"SYSTEM_SYSRULES_richTextIcon"(
                              icon: "car"
                            )
                          },
                          size: "LARGE"
                        )
                      },
                      align: "RIGHT"
                    ),
                    width: "MINIMIZE"
                  ),
                  #"SYSTEM_SYSRULES_sideBySideItem"(
                    item: #"SYSTEM_SYSRULES_richTextDisplayField"(
                      labelPosition: "COLLAPSED",
                      value: {
                        #"SYSTEM_SYSRULES_richTextHeader"(
                          text: {
                            #"SYSTEM_SYSRULES_richTextIcon"(
                              icon: "tools"
                            )
                          },
                          size: "LARGE"
                        )
                      },
                      align: "RIGHT"
                    ),
                    width: "MINIMIZE"
                  )
                }
              )
            },
            height: "AUTO",
            style: "TRANSPARENT",
            marginBelow: "STANDARD",
            showBorder: false,
            showShadow: true
          )
        },
        height: "AUTO",
        style: "#1a1e21",
        marginBelow: "NONE",
        showBorder: false
      )
    },
    contents: {
      #"SYSTEM_SYSRULES_sectionLayout_v1"(
        label: "",
        contents: {
          #"SYSTEM_SYSRULES_sideBySideLayout"(
            items: {
              #"SYSTEM_SYSRULES_sideBySideItem"(
                item: #"SYSTEM_SYSRULES_pieChartField"(
                  data: #"SYSTEM_SYSRULES_recordData"(
                    recordType: #"urn:appian:record-type:v1:51427fd6-eb7a-4dc3-b19f-c8c3ed413f99",
                    filters: #"SYSTEM_SYSRULES_queryLogicalExpression"(
                      operator: "AND",
                      filters: {
                        #"SYSTEM_SYSRULES_queryFilter"(
                          field: #"urn:appian:record-field:v1:51427fd6-eb7a-4dc3-b19f-c8c3ed413f99/17b15324-6f20-419c-ac68-570c19a89cad",
                          operator: "&lt;&gt;",
                          value: "[Series 1]"
                        ),
                        #"SYSTEM_SYSRULES_queryFilter"(
                          field: #"urn:appian:record-field:v1:51427fd6-eb7a-4dc3-b19f-c8c3ed413f99/17b15324-6f20-419c-ac68-570c19a89cad",
                          operator: "&lt;&gt;",
                          value: "Complted"
                        )
                      },
                      ignoreFiltersWithEmptyValues: true
                    )
                  ),
                  config: #"SYSTEM_SYSRULES_pieChartConfig"(
                    primaryGrouping: #"SYSTEM_SYSRULES_grouping"(
                      field: #"urn:appian:record-field:v1:51427fd6-eb7a-4dc3-b19f-c8c3ed413f99/17b15324-6f20-419c-ac68-570c19a89cad",
                      alias: "status_primaryGrouping"
                    ),
                    measures: {
                      #"SYSTEM_SYSRULES_measure"(
                        function: "COUNT",
                        field: #"urn:appian:record-field:v1:51427fd6-eb7a-4dc3-b19f-c8c3ed413f99/7b16caec-9480-454e-b2a9-3acd1279d6c9",
                        alias: "maintenanceid_count_measure1"
                      )
                    },
                    dataLimit: 100
                  ),
                  label: "Status of Maintenances",
                  labelPosition: "ABOVE",
                  showDataLabels: true,
                  showAsPercentage: true,
                  colorScheme: "MIDNIGHT",
                  style: "PIE",
                  seriesLabelStyle: "ON_CHART",
                  height: "MEDIUM",
                  refreshAfter: "RECORD_ACTION"
                )
              )
            }
          )
        }
      ),
      #"SYSTEM_SYSRULES_columnChartField"(
        data: #"SYSTEM_SYSRULES_recordData"(
          recordType: #"urn:appian:record-type:v1:51427fd6-eb7a-4dc3-b19f-c8c3ed413f99",
          filters: #"SYSTEM_SYSRULES_queryLogicalExpression"(
            operator: "AND",
            filters: {
              #"SYSTEM_SYSRULES_queryFilter"(
                field: #"urn:appian:record-field:v1:51427fd6-eb7a-4dc3-b19f-c8c3ed413f99/0a0c6bbc-a292-4ed5-b030-48685f342d19/dbb51139-0f6f-461c-9908-a7e557757fe6",
                operator: "&lt;&gt;",
                value: "[Category 1]"
              ),
              #"SYSTEM_SYSRULES_queryFilter"(
                field: #"urn:appian:record-field:v1:51427fd6-eb7a-4dc3-b19f-c8c3ed413f99/17b15324-6f20-419c-ac68-570c19a89cad",
                operator: "&lt;&gt;",
                value: "[Series 1]"
              ),
              #"SYSTEM_SYSRULES_queryFilter"(
                field: #"urn:appian:record-field:v1:51427fd6-eb7a-4dc3-b19f-c8c3ed413f99/17b15324-6f20-419c-ac68-570c19a89cad",
                operator: "&lt;&gt;",
                value: "Complted"
              )
            },
            ignoreFiltersWithEmptyValues: true
          )
        ),
        config: #"SYSTEM_SYSRULES_columnChartConfig"(
          primaryGrouping: #"SYSTEM_SYSRULES_grouping"(
            field: #"urn:appian:record-field:v1:51427fd6-eb7a-4dc3-b19f-c8c3ed413f99/0a0c6bbc-a292-4ed5-b030-48685f342d19/dbb51139-0f6f-461c-9908-a7e557757fe6",
            alias: "vin_primaryGrouping",
            formatValue:  #"_a-0000ea57-d5bf-8000-9bb3-011c48011c48_128427"(fv!value) &amp; " " &amp; #"_a-0000ea57-d5bf-8000-9bb3-011c48011c48_128439"(fv!value)
               &amp; " " &amp; "(" &amp; fv!value &amp; ")" 
            
          ),
          secondaryGrouping: #"SYSTEM_SYSRULES_grouping"(
            field: #"urn:appian:record-field:v1:51427fd6-eb7a-4dc3-b19f-c8c3ed413f99/17b15324-6f20-419c-ac68-570c19a89cad",
            alias: "status_secondaryGrouping"
          ),
          measures: {
            #"SYSTEM_SYSRULES_measure"(
              function: "COUNT",
              field: #"urn:appian:record-field:v1:51427fd6-eb7a-4dc3-b19f-c8c3ed413f99/7b16caec-9480-454e-b2a9-3acd1279d6c9",
              alias: "maintenanceid_count_measure1"
            )
          },
          dataLimit: 100,
          link: #"SYSTEM_SYSRULES_dynamicLink"(
            label: "vin",
            value: fv!selection.vin_primaryGrouping,
            saveInto: local!vin /* insert variable to save into */
          )
        ),
        label: "Maintenance History of Vehicles",
        stacking: "NORMAL",
        showLegend: true,
        showDataLabels: true,
        showTooltips: true,
        labelPosition: "ABOVE",
        colorScheme: "MIDNIGHT",
        height: "MEDIUM",
        xAxisStyle: "STANDARD",
        yAxisStyle: "STANDARD",
        refreshAfter: "RECORD_ACTION"
      ),
      #"SYSTEM_SYSRULES_gridField_v1"(
        label: "",
        labelPosition: "ABOVE",
        data: #"SYSTEM_SYSRULES_recordData"(
          recordType: #"urn:appian:record-type:v1:51427fd6-eb7a-4dc3-b19f-c8c3ed413f99",
          filters: #"SYSTEM_SYSRULES_queryLogicalExpression"(
            operator: "AND",
            filters: {
              #"SYSTEM_SYSRULES_queryFilter"(
                field: #"urn:appian:record-field:v1:51427fd6-eb7a-4dc3-b19f-c8c3ed413f99/0a0c6bbc-a292-4ed5-b030-48685f342d19/dbb51139-0f6f-461c-9908-a7e557757fe6",
                operator: "=",
                value: local!vin
              )
            },
            ignoreFiltersWithEmptyValues: true
          )
        ),
        columns: {
          #"SYSTEM_SYSRULES_gridColumn"(
            label: "Id",
            sortField: #"urn:appian:record-field:v1:51427fd6-eb7a-4dc3-b19f-c8c3ed413f99/7b16caec-9480-454e-b2a9-3acd1279d6c9",
            value: #"SYSTEM_SYSRULES_linkField"(
              links: {
                #"SYSTEM_SYSRULES_recordLink"(
                  label: fv!row[#"urn:appian:record-field:v1:51427fd6-eb7a-4dc3-b19f-c8c3ed413f99/7b16caec-9480-454e-b2a9-3acd1279d6c9"],
                  recordType: #"urn:appian:record-type:v1:51427fd6-eb7a-4dc3-b19f-c8c3ed413f99",
                  identifier: fv!identifier
                )
              }
            ),
            align: "END"
          ),
          #"SYSTEM_SYSRULES_gridColumn"(
            label: "Issuedescription",
            sortField: #"urn:appian:record-field:v1:51427fd6-eb7a-4dc3-b19f-c8c3ed413f99/d2f46328-3873-44e7-818c-70538a88557b",
            value: fv!row[#"urn:appian:record-field:v1:51427fd6-eb7a-4dc3-b19f-c8c3ed413f99/d2f46328-3873-44e7-818c-70538a88557b"]
          ),
          #"SYSTEM_SYSRULES_gridColumn"(
            label: "Requestedon",
            sortField: #"urn:appian:record-field:v1:51427fd6-eb7a-4dc3-b19f-c8c3ed413f99/d5c7c135-dc71-4d9b-9c2c-180ffb663a15",
            value: if(
            isnull(fv!row[#"urn:appian:record-field:v1:51427fd6-eb7a-4dc3-b19f-c8c3ed413f99/d5c7c135-dc71-4d9b-9c2c-180ffb663a15"]),
            fv!row[#"urn:appian:record-field:v1:51427fd6-eb7a-4dc3-b19f-c8c3ed413f99/d5c7c135-dc71-4d9b-9c2c-180ffb663a15"],
            datetext(fv!row[#"urn:appian:record-field:v1:51427fd6-eb7a-4dc3-b19f-c8c3ed413f99/d5c7c135-dc71-4d9b-9c2c-180ffb663a15"], "default")
            ),
            align: "END"
          ),
          #"SYSTEM_SYSRULES_gridColumn"(
            label: "Requestedby",
            sortField: #"urn:appian:record-field:v1:51427fd6-eb7a-4dc3-b19f-c8c3ed413f99/edda1683-7684-4b70-b374-01f8d46aca26",
            value: fv!row[#"urn:appian:record-field:v1:51427fd6-eb7a-4dc3-b19f-c8c3ed413f99/edda1683-7684-4b70-b374-01f8d46aca26"]
          ),
          #"SYSTEM_SYSRULES_gridColumn"(
            label: "Mechanicserved",
            sortField: #"urn:appian:record-field:v1:51427fd6-eb7a-4dc3-b19f-c8c3ed413f99/9d3d23eb-d866-455b-a7e9-ce41ca868470",
            value: fv!row[#"urn:appian:record-field:v1:51427fd6-eb7a-4dc3-b19f-c8c3ed413f99/9d3d23eb-d866-455b-a7e9-ce41ca868470"]
          ),
          #"SYSTEM_SYSRULES_gridColumn"(
            label: "Status",
            sortField: #"urn:appian:record-field:v1:51427fd6-eb7a-4dc3-b19f-c8c3ed413f99/17b15324-6f20-419c-ac68-570c19a89cad",
            value: fv!row[#"urn:appian:record-field:v1:51427fd6-eb7a-4dc3-b19f-c8c3ed413f99/17b15324-6f20-419c-ac68-570c19a89cad"]
          ),
          #"SYSTEM_SYSRULES_gridColumn"(
            label: "Completedon",
            sortField: #"urn:appian:record-field:v1:51427fd6-eb7a-4dc3-b19f-c8c3ed413f99/f552c437-ce17-4518-9da4-de26581dd377",
            value: if(
            isnull(fv!row[#"urn:appian:record-field:v1:51427fd6-eb7a-4dc3-b19f-c8c3ed413f99/f552c437-ce17-4518-9da4-de26581dd377"]),
            fv!row[#"urn:appian:record-field:v1:51427fd6-eb7a-4dc3-b19f-c8c3ed413f99/f552c437-ce17-4518-9da4-de26581dd377"],
            datetext(fv!row[#"urn:appian:record-field:v1:51427fd6-eb7a-4dc3-b19f-c8c3ed413f99/f552c437-ce17-4518-9da4-de26581dd377"], "default")
            ),
            align: "END"
          ),
          #"SYSTEM_SYSRULES_gridColumn"(
            label: "Cost",
            sortField: #"urn:appian:record-field:v1:51427fd6-eb7a-4dc3-b19f-c8c3ed413f99/703933c9-7d7e-4648-9038-7628f41baffe",
            value: if(
            isnull(fv!row[#"urn:appian:record-field:v1:51427fd6-eb7a-4dc3-b19f-c8c3ed413f99/703933c9-7d7e-4648-9038-7628f41baffe"]),
            fv!row[#"urn:appian:record-field:v1:51427fd6-eb7a-4dc3-b19f-c8c3ed413f99/703933c9-7d7e-4648-9038-7628f41baffe"],
            fixed(fv!row[#"urn:appian:record-field:v1:51427fd6-eb7a-4dc3-b19f-c8c3ed413f99/703933c9-7d7e-4648-9038-7628f41baffe"], 2)
            ),
            align: "END"
          )
        },
        pageSize: 10,
        showWhen: not(a!isNullOrEmpty(local!vin)),
        validations: {},
        spacing: "DENSE",
        height: "AUTO",
        borderStyle: "LIGHT",
        refreshAfter: "RECORD_ACTION",
        showSearchBox: false,
        showRefreshButton: false
      )
    }
  )
)</definition>
        <preferredEditor>interface</preferredEditor>
        <offlineEnabled>false</offlineEnabled>
        <isCustom>false</isCustom>
    </interface>
    <roleMap public="true">
        <role inherit="true" allowForAll="false" name="readers">
            <users/>
            <groups/>
        </role>
        <role inherit="true" allowForAll="false" name="authors">
            <users/>
            <groups/>
        </role>
        <role inherit="true" allowForAll="false" name="administrators">
            <users/>
            <groups/>
        </role>
        <role inherit="false" allowForAll="false" name="denyReaders">
            <users/>
            <groups/>
        </role>
        <role inherit="false" allowForAll="false" name="denyAuthors">
            <users/>
            <groups/>
        </role>
        <role inherit="false" allowForAll="false" name="denyAdministrators">
            <users/>
            <groups/>
        </role>
    </roleMap>
    <history>
        <historyInfo versionUuid="_a-0000eab3-f57a-8000-9bb4-011c48011c48_133421"/>
    </history>
</contentHaul>
