<?xml version="1.0" encoding="UTF-8" standalone="yes"?>
<contentHaul xmlns:a="http://www.appian.com/ae/types/2009">
    <versionUuid>_a-0000ea57-d5bf-8000-9bb3-011c48011c48_128465</versionUuid>
    <rule>
        <name>RDAA_GetMakeByVIN</name>
        <uuid>_a-0000ea57-d5bf-8000-9bb3-011c48011c48_128427</uuid>
        <description></description>
        <parentUuid>_a-0000ea32-688e-8000-9bb1-011c48011c48_112493</parentUuid>
        <visibility>
            <advertise>false</advertise>
            <hierarchy>true</hierarchy>
            <indexable>true</indexable>
            <quota>false</quota>
            <searchable>true</searchable>
            <system>false</system>
            <unlogged>false</unlogged>
        </visibility>
        <definition>index(#"SYSTEM_SYSRULES_queryRecordType_v1"(
  recordType: #"urn:appian:record-type:v1:adc51301-a486-48d0-8ed6-932118db7c24",
  fields: {
    #"urn:appian:record-field:v1:adc51301-a486-48d0-8ed6-932118db7c24/4fd1b12b-2290-4dfb-ac18-d49eaec134b6"
  },
  filters: #"SYSTEM_SYSRULES_queryLogicalExpression"(
    operator: "AND",
    filters: {
      #"SYSTEM_SYSRULES_queryFilter"(
        field: #"urn:appian:record-field:v1:adc51301-a486-48d0-8ed6-932118db7c24/dbb51139-0f6f-461c-9908-a7e557757fe6",
        operator: "=",
        value: ri!givenVin
      )
    },
    ignoreFiltersWithEmptyValues: true
  ),
  pagingInfo: #"SYSTEM_SYSRULES_pagingInfo"(
    startIndex: 1,
    batchSize: 100
  )
).data, #"urn:appian:record-field:v1:adc51301-a486-48d0-8ed6-932118db7c24/4fd1b12b-2290-4dfb-ac18-d49eaec134b6")</definition>
        <namedTypedValue>
            <name>givenVin</name>
            <type>
                <name>string</name>
                <namespace>http://www.w3.org/2001/XMLSchema</namespace>
            </type>
            <value/>
        </namedTypedValue>
        <preferredEditor>legacy</preferredEditor>
        <offlineEnabled>false</offlineEnabled>
    </rule>
    <roleMap public="true">
        <role inherit="true" allowForAll="false" name="readers">
            <users/>
            <groups/>
        </role>
        <role inherit="true" allowForAll="false" name="authors">
            <users/>
            <groups/>
        </role>
        <role inherit="true" allowForAll="false" name="administrators">
            <users/>
            <groups/>
        </role>
        <role inherit="false" allowForAll="false" name="denyReaders">
            <users/>
            <groups/>
        </role>
        <role inherit="false" allowForAll="false" name="denyAuthors">
            <users/>
            <groups/>
        </role>
        <role inherit="false" allowForAll="false" name="denyAdministrators">
            <users/>
            <groups/>
        </role>
    </roleMap>
    <history>
        <historyInfo versionUuid="_a-0000ea57-d5bf-8000-9bb3-011c48011c48_128465"/>
    </history>
</contentHaul>
