<?xml version="1.0" encoding="UTF-8" standalone="yes"?>
<contentHaul xmlns:a="http://www.appian.com/ae/types/2009">
    <versionUuid>_a-0000ea57-d5bf-8000-9bb3-011c48011c48_124955</versionUuid>
    <rule>
        <name>RDAA_Get_Vehicle_By_ID</name>
        <uuid>_a-0000ea57-d5bf-8000-9bb3-011c48011c48_118195</uuid>
        <description></description>
        <parentUuid>_a-0000ea32-688e-8000-9bb1-011c48011c48_112493</parentUuid>
        <visibility>
            <advertise>false</advertise>
            <hierarchy>true</hierarchy>
            <indexable>true</indexable>
            <quota>false</quota>
            <searchable>true</searchable>
            <system>false</system>
            <unlogged>false</unlogged>
        </visibility>
        <definition>#"SYSTEM_SYSRULES_queryRecordType_v1"(
  pagingInfo: #"SYSTEM_SYSRULES_pagingInfo"(
    startIndex:1,
    batchSize: 50
  ),
  recordType: #"urn:appian:record-type:v1:adc51301-a486-48d0-8ed6-932118db7c24",
  filters: #"SYSTEM_SYSRULES_queryFilter"(
    field: #"urn:appian:record-field:v1:adc51301-a486-48d0-8ed6-932118db7c24/b52b6036-1348-4061-ab79-11bf82018c93",
    operator: "=",
    value: ri!givenVehicleID
  )
).data</definition>
        <namedTypedValue>
            <name>givenVehicleID</name>
            <type>
                <name>int</name>
                <namespace>http://www.w3.org/2001/XMLSchema</namespace>
            </type>
        </namedTypedValue>
        <preferredEditor>legacy</preferredEditor>
        <offlineEnabled>false</offlineEnabled>
    </rule>
    <roleMap public="true">
        <role inherit="true" allowForAll="false" name="readers">
            <users/>
            <groups/>
        </role>
        <role inherit="true" allowForAll="false" name="authors">
            <users/>
            <groups/>
        </role>
        <role inherit="true" allowForAll="false" name="administrators">
            <users/>
            <groups/>
        </role>
        <role inherit="false" allowForAll="false" name="denyReaders">
            <users/>
            <groups/>
        </role>
        <role inherit="false" allowForAll="false" name="denyAuthors">
            <users/>
            <groups/>
        </role>
        <role inherit="false" allowForAll="false" name="denyAdministrators">
            <users/>
            <groups/>
        </role>
    </roleMap>
    <history>
        <historyInfo versionUuid="_a-0000ea57-d5bf-8000-9bb3-011c48011c48_124955"/>
    </history>
</contentHaul>
