<?xml version="1.0" encoding="UTF-8" standalone="yes"?>
<contentHaul xmlns:a="http://www.appian.com/ae/types/2009">
    <versionUuid>_a-0000ea57-d5bf-8000-9bb3-011c48011c48_121286</versionUuid>
    <constant>
        <name>RDAA_VEHICLE_COLOUR</name>
        <uuid>_a-0000ea57-d5bf-8000-9bb3-011c48011c48_121282</uuid>
        <description></description>
        <parentUuid>_a-0000ea57-d5bf-8000-9bb3-011c48011c48_113151</parentUuid>
        <visibility>
            <advertise>false</advertise>
            <hierarchy>true</hierarchy>
            <indexable>true</indexable>
            <quota>false</quota>
            <searchable>true</searchable>
            <system>false</system>
            <unlogged>false</unlogged>
        </visibility>
        <typedValue>
            <type>
                <name>Text?list</name>
                <namespace>http://www.appian.com/ae/types/2009</namespace>
            </type>
            <value>
                <el>Turquoise</el>
                <el>Pink</el>
                <el>Blue</el>
                <el>Violet</el>
                <el>Teal</el>
                <el>Khaki</el>
                <el>Crimson</el>
                <el>Yellow</el>
                <el>Aqua</el>
                <el>Red</el>
                <el>Orange</el>
                <el>Gold</el>
                <el>Puce</el>
                <el>Mauv</el>
                <el>Indigo</el>
                <el>Green</el>
                <el>Fuscia</el>
                <el>Maroon</el>
                <el>Purple</el>
            </value>
        </typedValue>
        <isEnvironmentSpecific>false</isEnvironmentSpecific>
    </constant>
    <roleMap public="true">
        <role inherit="true" allowForAll="false" name="readers">
            <users/>
            <groups/>
        </role>
        <role inherit="true" allowForAll="false" name="authors">
            <users/>
            <groups/>
        </role>
        <role inherit="true" allowForAll="false" name="administrators">
            <users/>
            <groups/>
        </role>
        <role inherit="false" allowForAll="false" name="denyReaders">
            <users/>
            <groups/>
        </role>
        <role inherit="false" allowForAll="false" name="denyAuthors">
            <users/>
            <groups/>
        </role>
        <role inherit="false" allowForAll="false" name="denyAdministrators">
            <users/>
            <groups/>
        </role>
    </roleMap>
    <history>
        <historyInfo versionUuid="_a-0000ea57-d5bf-8000-9bb3-011c48011c48_121286"/>
    </history>
</contentHaul>
