<?xml version="1.0" encoding="UTF-8" standalone="yes"?>
<contentHaul xmlns:a="http://www.appian.com/ae/types/2009">
    <versionUuid>_a-0000eab3-f57a-8000-9bb4-011c48011c48_133353</versionUuid>
    <interface>
        <name>RDAA_DeleteVehicleForm</name>
        <uuid>_a-0000eab3-f57a-8000-9bb4-011c48011c48_132581</uuid>
        <description></description>
        <parentUuid>_a-0000ea32-688e-8000-9bb1-011c48011c48_112487</parentUuid>
        <visibility>
            <advertise>false</advertise>
            <hierarchy>true</hierarchy>
            <indexable>true</indexable>
            <quota>false</quota>
            <searchable>true</searchable>
            <system>false</system>
            <unlogged>false</unlogged>
        </visibility>
        <definition>#"SYSTEM_SYSRULES_formLayout_v1"(
  label: if(
    #"urn:appian:function:v1:a:isusermemberofgroup?okey=a!isUserMemberOfGroup"(
      loggedInUser(),
      #"_a-0000ea57-d5bf-8000-9bb3-011c48011c48_113319"
    ),
    "Approve Deletion of " &amp; ri!vehicle.make &amp; " " &amp; ri!vehicle.model &amp; " (" &amp; ri!vehicle.vin &amp; ") ?",
    "Delete " &amp; ri!vehicle.make &amp; " " &amp; ri!vehicle.model &amp; " (" &amp; ri!vehicle.vin &amp; ") ?"
  ),
  contents: {
    #"SYSTEM_SYSRULES_sectionLayout_v1"(
      label: "Vehicle Details",
      labelIcon: "car-alt",
      contents: {
        #"SYSTEM_SYSRULES_columnsLayout"(
          columns: {
            #"SYSTEM_SYSRULES_columnLayout"(
              contents: {
                #"SYSTEM_SYSRULES_textField"(
                  label: "VIN",
                  labelPosition: "JUSTIFIED",
                  value: ri!vehicle.vin,
                  refreshAfter: "UNFOCUS",
                  characterLimit: 17,
                  readOnly: true,
                  validations: {}
                ),
                #"SYSTEM_SYSRULES_textField"(
                  label: "Model",
                  labelPosition: "JUSTIFIED",
                  value: ri!vehicle.model,
                  saveInto: ri!vehicle.model,
                  refreshAfter: "UNFOCUS",
                  characterLimit: 55,
                  readOnly: true,
                  validations: {}
                ),
                #"SYSTEM_SYSRULES_integerField"(
                  label: "Year Built",
                  labelPosition: "JUSTIFIED",
                  saveInto: ri!vehicle.yearBuilt,
                  refreshAfter: "UNFOCUS",
                  readOnly: true,
                  validations: {}
                ),
                #"SYSTEM_SYSRULES_richTextDisplayField"(
                  label: "Available",
                  labelPosition: "JUSTIFIED",
                  value: {
                    #"SYSTEM_SYSRULES_richTextItem_v1"(
                      text: if(ri!vehicle.isAvailable, "Yes ", "No ")
                    ),
                    #"SYSTEM_SYSRULES_richTextIcon"(
                      icon: if(
                        ri!vehicle.isAvailable,
                        "check-circle",
                        "times-circle"
                      ),
                      color: if(
                        ri!vehicle.isAvailable,
                        "POSITIVE",
                        "NEGATIVE"
                      )
                    )
                  }
                ),
                #"SYSTEM_SYSRULES_textField"(
                  label: "Added By",
                  labelPosition: "JUSTIFIED",
                  value: ri!vehicle.addedBy,
                  saveInto: {},
                  refreshAfter: "UNFOCUS",
                  readOnly: true,
                  validations: {}
                )
              }
            ),
            #"SYSTEM_SYSRULES_columnLayout"(
              contents: {
                #"SYSTEM_SYSRULES_textField"(
                  label: "Make",
                  labelPosition: "JUSTIFIED",
                  value: ri!vehicle.make,
                  refreshAfter: "UNFOCUS",
                  characterLimit: 55,
                  readOnly: true,
                  validations: {}
                ),
                #"SYSTEM_SYSRULES_textField"(
                  label: "Type",
                  labelPosition: "JUSTIFIED",
                  value: ri!vehicle.type,
                  saveInto: {},
                  refreshAfter: "UNFOCUS",
                  readOnly: true,
                  validations: {}
                ),
                #"SYSTEM_SYSRULES_textField"(
                  label: "Color",
                  labelPosition: "JUSTIFIED",
                  value: ri!vehicle.color,
                  saveInto: {},
                  refreshAfter: "UNFOCUS",
                  readOnly: true,
                  validations: {}
                ),
                #"SYSTEM_SYSRULES_sideBySideLayout"(
                  items: {
                    #"SYSTEM_SYSRULES_sideBySideItem"(
                      item: #"SYSTEM_SYSRULES_integerField"(
                        label: "Mileage",
                        labelPosition: "JUSTIFIED",
                        value: ri!vehicle.mileage,
                        refreshAfter: "UNFOCUS",
                        readOnly: true,
                        validations: {}
                      )
                    )
                  }
                ),
                #"SYSTEM_SYSRULES_richTextDisplayField"(
                  label: "Added On",
                  labelPosition: "JUSTIFIED",
                  value: {
                    #"SYSTEM_SYSRULES_richTextIcon"(
                      icon: "calendar"
                    ),
                    #"SYSTEM_SYSRULES_richTextItem_v1"(
                      text: " " &amp; ri!vehicle.addedOn
                    )
                  }
                )
              }
            ),
            #"SYSTEM_SYSRULES_columnLayout"(
              contents: {
                #"SYSTEM_SYSRULES_imageField_v1"(
                  label: "",
                  labelPosition: "COLLAPSED",
                  images: {
                    if(
                      isnull(ri!vehicle.imageId),
                      #"SYSTEM_SYSRULES_documentImage"(document: #"_a-0000ea57-d5bf-8000-9bb3-011c48011c48_124784"),
                      #"SYSTEM_SYSRULES_documentImage"(document: ri!vehicle.imageId)
                    )
                  },
                  size: "MEDIUM",
                  isThumbnail: false,
                  style: "STANDARD"
                )
              }
            )
          }
        )
      }
    ),
    #"SYSTEM_SYSRULES_richTextDisplayField"(
      labelPosition: "COLLAPSED",
      value: {
        #"SYSTEM_SYSRULES_richTextItem_v1"(
          text: {
            #"SYSTEM_SYSRULES_richTextIcon"(
              icon: "tools"
            ),
            " Maintenance History"
          },
          size: "MEDIUM",
          style: {
            "STRONG"
          }
        )
      }
    ),
    #"SYSTEM_SYSRULES_gridField_v1"(
      label: "",
      labelPosition: "ABOVE",
      data: #"SYSTEM_SYSRULES_recordData"(
        recordType: #"urn:appian:record-type:v1:51427fd6-eb7a-4dc3-b19f-c8c3ed413f99",
        filters: #"SYSTEM_SYSRULES_queryLogicalExpression"(
          operator: "AND",
          filters: {
            #"SYSTEM_SYSRULES_queryFilter"(
              field: #"urn:appian:record-field:v1:51427fd6-eb7a-4dc3-b19f-c8c3ed413f99/f31ded75-e511-44f1-9b0b-04ac6fb6d91a",
              operator: "=",
              value: ri!vehicle.vehicleId
            )
          },
          ignoreFiltersWithEmptyValues: true
        )
      ),
      columns: {
        #"SYSTEM_SYSRULES_gridColumn"(
          label: "Maintenanceid",
          sortField: #"urn:appian:record-field:v1:51427fd6-eb7a-4dc3-b19f-c8c3ed413f99/7b16caec-9480-454e-b2a9-3acd1279d6c9",
          value: #"SYSTEM_SYSRULES_linkField"(
            links: {
              #"SYSTEM_SYSRULES_recordLink"(
                label: fv!row[#"urn:appian:record-field:v1:51427fd6-eb7a-4dc3-b19f-c8c3ed413f99/7b16caec-9480-454e-b2a9-3acd1279d6c9"],
                recordType: #"urn:appian:record-type:v1:51427fd6-eb7a-4dc3-b19f-c8c3ed413f99",
                identifier: fv!identifier
              )
            }
          ),
          align: "END"
        ),
        #"SYSTEM_SYSRULES_gridColumn"(
          label: "Issuedescription",
          sortField: #"urn:appian:record-field:v1:51427fd6-eb7a-4dc3-b19f-c8c3ed413f99/d2f46328-3873-44e7-818c-70538a88557b",
          value: fv!row[#"urn:appian:record-field:v1:51427fd6-eb7a-4dc3-b19f-c8c3ed413f99/d2f46328-3873-44e7-818c-70538a88557b"]
        ),
        #"SYSTEM_SYSRULES_gridColumn"(
          label: "Requestedon",
          sortField: #"urn:appian:record-field:v1:51427fd6-eb7a-4dc3-b19f-c8c3ed413f99/d5c7c135-dc71-4d9b-9c2c-180ffb663a15",
          value: if(
          isnull(fv!row[#"urn:appian:record-field:v1:51427fd6-eb7a-4dc3-b19f-c8c3ed413f99/d5c7c135-dc71-4d9b-9c2c-180ffb663a15"]),
          fv!row[#"urn:appian:record-field:v1:51427fd6-eb7a-4dc3-b19f-c8c3ed413f99/d5c7c135-dc71-4d9b-9c2c-180ffb663a15"],
          datetext(fv!row[#"urn:appian:record-field:v1:51427fd6-eb7a-4dc3-b19f-c8c3ed413f99/d5c7c135-dc71-4d9b-9c2c-180ffb663a15"], "default")
          ),
          align: "END"
        ),
        #"SYSTEM_SYSRULES_gridColumn"(
          label: "Requestedby",
          sortField: #"urn:appian:record-field:v1:51427fd6-eb7a-4dc3-b19f-c8c3ed413f99/edda1683-7684-4b70-b374-01f8d46aca26",
          value: fv!row[#"urn:appian:record-field:v1:51427fd6-eb7a-4dc3-b19f-c8c3ed413f99/edda1683-7684-4b70-b374-01f8d46aca26"]
        ),
        #"SYSTEM_SYSRULES_gridColumn"(
          label: "Servicetype",
          sortField: #"urn:appian:record-field:v1:51427fd6-eb7a-4dc3-b19f-c8c3ed413f99/3241d123-ede3-4469-a674-f6d7b2d63127",
          value: fv!row[#"urn:appian:record-field:v1:51427fd6-eb7a-4dc3-b19f-c8c3ed413f99/3241d123-ede3-4469-a674-f6d7b2d63127"]
        ),
        #"SYSTEM_SYSRULES_gridColumn"(
          label: "Mechanicserved",
          sortField: #"urn:appian:record-field:v1:51427fd6-eb7a-4dc3-b19f-c8c3ed413f99/9d3d23eb-d866-455b-a7e9-ce41ca868470",
          value: fv!row[#"urn:appian:record-field:v1:51427fd6-eb7a-4dc3-b19f-c8c3ed413f99/9d3d23eb-d866-455b-a7e9-ce41ca868470"]
        ),
        #"SYSTEM_SYSRULES_gridColumn"(
          label: "Status",
          sortField: #"urn:appian:record-field:v1:51427fd6-eb7a-4dc3-b19f-c8c3ed413f99/17b15324-6f20-419c-ac68-570c19a89cad",
          value: fv!row[#"urn:appian:record-field:v1:51427fd6-eb7a-4dc3-b19f-c8c3ed413f99/17b15324-6f20-419c-ac68-570c19a89cad"]
        ),
        #"SYSTEM_SYSRULES_gridColumn"(
          label: "Completedon",
          sortField: #"urn:appian:record-field:v1:51427fd6-eb7a-4dc3-b19f-c8c3ed413f99/f552c437-ce17-4518-9da4-de26581dd377",
          value: if(
          isnull(fv!row[#"urn:appian:record-field:v1:51427fd6-eb7a-4dc3-b19f-c8c3ed413f99/f552c437-ce17-4518-9da4-de26581dd377"]),
          fv!row[#"urn:appian:record-field:v1:51427fd6-eb7a-4dc3-b19f-c8c3ed413f99/f552c437-ce17-4518-9da4-de26581dd377"],
          datetext(fv!row[#"urn:appian:record-field:v1:51427fd6-eb7a-4dc3-b19f-c8c3ed413f99/f552c437-ce17-4518-9da4-de26581dd377"], "default")
          ),
          align: "END"
        ),
        #"SYSTEM_SYSRULES_gridColumn"(
          label: "Cost",
          sortField: #"urn:appian:record-field:v1:51427fd6-eb7a-4dc3-b19f-c8c3ed413f99/703933c9-7d7e-4648-9038-7628f41baffe",
          value: if(
          isnull(fv!row[#"urn:appian:record-field:v1:51427fd6-eb7a-4dc3-b19f-c8c3ed413f99/703933c9-7d7e-4648-9038-7628f41baffe"]),
          fv!row[#"urn:appian:record-field:v1:51427fd6-eb7a-4dc3-b19f-c8c3ed413f99/703933c9-7d7e-4648-9038-7628f41baffe"],
          fixed(fv!row[#"urn:appian:record-field:v1:51427fd6-eb7a-4dc3-b19f-c8c3ed413f99/703933c9-7d7e-4648-9038-7628f41baffe"], 2)
          ),
          align: "END"
        )
      },
      validations: {},
      refreshAfter: "RECORD_ACTION",
      showSearchBox: false,
      showRefreshButton: false
    )
  },
  buttons: #"SYSTEM_SYSRULES_ButtonLayout"(
    primaryButtons: {
      #"SYSTEM_SYSRULES_ButtonWidget"(
        label: if(#"urn:appian:function:v1:a:isusermemberofgroup?okey=a!isUserMemberOfGroup"(loggedInUser(), #"_a-0000ea57-d5bf-8000-9bb3-011c48011c48_113319"), "Approve", "Delete"),
        icon: "check-circle",
        value: false,
        saveInto: ri!cancel,
        submit: true,
        style: "DESTRUCTIVE",
        loadingIndicator: true,
        confirmMessage: "This action will permanently delete the Vehicle and it's Maintenance History. Proceed?",
        confirmButtonLabel: "Yes",
        cancelButtonLabel: "No"
      )
    },
    secondaryButtons: {
      #"SYSTEM_SYSRULES_ButtonWidget"(
        label: if(#"urn:appian:function:v1:a:isusermemberofgroup?okey=a!isUserMemberOfGroup"(loggedInUser(), #"_a-0000ea57-d5bf-8000-9bb3-011c48011c48_113319"), "Deny", "Cancel"),
        icon: "times-circle",
        value: true,
        saveInto: ri!cancel,
        submit: true,
        style: "PRIMARY",
        validate: false
      )
    }
  )
)</definition>
        <namedTypedValue>
            <name>vehicle</name>
            <type>
                <name>RDAA_B2C_Vehicle</name>
                <namespace>urn:com:appian:types:RDAA</namespace>
            </type>
        </namedTypedValue>
        <namedTypedValue>
            <name>submit</name>
            <type>
                <name>boolean</name>
                <namespace>http://www.w3.org/2001/XMLSchema</namespace>
            </type>
        </namedTypedValue>
        <namedTypedValue>
            <name>cancel</name>
            <type>
                <name>boolean</name>
                <namespace>http://www.w3.org/2001/XMLSchema</namespace>
            </type>
        </namedTypedValue>
        <preferredEditor>interface</preferredEditor>
        <offlineEnabled>false</offlineEnabled>
        <isCustom>false</isCustom>
    </interface>
    <roleMap public="true">
        <role inherit="true" allowForAll="false" name="readers">
            <users/>
            <groups/>
        </role>
        <role inherit="true" allowForAll="false" name="authors">
            <users/>
            <groups/>
        </role>
        <role inherit="true" allowForAll="false" name="administrators">
            <users/>
            <groups/>
        </role>
        <role inherit="false" allowForAll="false" name="denyReaders">
            <users/>
            <groups/>
        </role>
        <role inherit="false" allowForAll="false" name="denyAuthors">
            <users/>
            <groups/>
        </role>
        <role inherit="false" allowForAll="false" name="denyAdministrators">
            <users/>
            <groups/>
        </role>
    </roleMap>
    <typedValue>
        <type>
            <name>RuleTestConfig?list</name>
            <namespace>http://www.appian.com/ae/types/2009</namespace>
        </type>
        <value>
            <el>
                <a:name/>
                <a:ruleInputTestConfigs>
                    <a:value xmlns:xsi="http://www.w3.org/2001/XMLSchema-instance" xsi:type="a:Expression">#"_a-0000ea57-d5bf-8000-9bb3-011c48011c48_115065"(10)</a:value>
                    <a:nameRef>vehicle</a:nameRef>
                    <a:id>1</a:id>
                </a:ruleInputTestConfigs>
                <a:ruleInputTestConfigs>
                    <a:value xmlns:xsd="http://www.w3.org/2001/XMLSchema" xmlns:xsi="http://www.w3.org/2001/XMLSchema-instance" xsi:nil="true" xsi:type="xsd:boolean"/>
                    <a:nameRef>submit</a:nameRef>
                    <a:id>2</a:id>
                </a:ruleInputTestConfigs>
                <a:ruleInputTestConfigs>
                    <a:value xmlns:xsd="http://www.w3.org/2001/XMLSchema" xmlns:xsi="http://www.w3.org/2001/XMLSchema-instance" xsi:nil="true" xsi:type="xsd:boolean"/>
                    <a:nameRef>cancel</a:nameRef>
                    <a:id>3</a:id>
                </a:ruleInputTestConfigs>
                <a:assertions xmlns:xsi="http://www.w3.org/2001/XMLSchema-instance" xsi:nil="true"/>
            </el>
        </value>
    </typedValue>
    <history>
        <historyInfo versionUuid="_a-0000eab3-f57a-8000-9bb4-011c48011c48_133353"/>
    </history>
</contentHaul>
