<?xml version="1.0" encoding="UTF-8" standalone="yes"?>
<contentHaul xmlns:a="http://www.appian.com/ae/types/2009">
    <versionUuid>_a-0000ea57-d5bf-8000-9bb3-011c48011c48_125492</versionUuid>
    <interface>
        <name>RDAA_MaintainanceApproval</name>
        <uuid>_a-0000ea57-d5bf-8000-9bb3-011c48011c48_125134</uuid>
        <description></description>
        <parentUuid>_a-0000ea32-688e-8000-9bb1-011c48011c48_112487</parentUuid>
        <visibility>
            <advertise>false</advertise>
            <hierarchy>true</hierarchy>
            <indexable>true</indexable>
            <quota>false</quota>
            <searchable>true</searchable>
            <system>false</system>
            <unlogged>false</unlogged>
        </visibility>
        <definition>{
  #"SYSTEM_SYSRULES_columnsLayout"(
    columns: {
      #"SYSTEM_SYSRULES_columnLayout"(
        contents: {
          #"SYSTEM_SYSRULES_sectionLayout_v1"(
            label: "Maintainance ID " &amp; ri!record[#"urn:appian:record-field:v1:51427fd6-eb7a-4dc3-b19f-c8c3ed413f99/7b16caec-9480-454e-b2a9-3acd1279d6c9"] ,
            labelSize: "MEDIUM",
            labelHeadingTag: "H2",
            labelColor: "STANDARD",
            contents: {
              #"SYSTEM_SYSRULES_columnsLayout"(
                columns: {
                  #"SYSTEM_SYSRULES_columnLayout"(
                    contents: {
                      #"SYSTEM_SYSRULES_textField"(
                        label: "Issue",
                        labelPosition: "JUSTIFIED",
                        value: a!defaultValue(
                          ri!record[#"urn:appian:record-field:v1:51427fd6-eb7a-4dc3-b19f-c8c3ed413f99/d2f46328-3873-44e7-818c-70538a88557b"],
                          "–"
                        ),
                        readOnly: true
                      ),
                      #"SYSTEM_SYSRULES_richTextDisplayField"(
                        label: "Requestedon",
                        labelPosition: "JUSTIFIED",
                        value: if(
                          isnull(
                            ri!record[#"urn:appian:record-field:v1:51427fd6-eb7a-4dc3-b19f-c8c3ed413f99/d5c7c135-dc71-4d9b-9c2c-180ffb663a15"]
                          ),
                          "–",
                          {
                            #"SYSTEM_SYSRULES_richTextIcon"(
                              icon: "calendar-o",
                              color: "SECONDARY"
                            ),
                            " ",
                            #"SYSTEM_SYSRULES_richTextItem_v1"(
                              text: text(
                                ri!record[#"urn:appian:record-field:v1:51427fd6-eb7a-4dc3-b19f-c8c3ed413f99/d5c7c135-dc71-4d9b-9c2c-180ffb663a15"],
                                "mmmm d, yyyy h:mm AM/PM"
                              )
                            )
                          }
                        )
                      ),
                      #"SYSTEM_SYSRULES_richTextDisplayField"(
                        label: "Completedon",
                        labelPosition: "JUSTIFIED",
                        value: if(
                          isnull(
                            ri!record[#"urn:appian:record-field:v1:51427fd6-eb7a-4dc3-b19f-c8c3ed413f99/f552c437-ce17-4518-9da4-de26581dd377"]
                          ),
                          "–",
                          {
                            #"SYSTEM_SYSRULES_richTextIcon"(
                              icon: "calendar-o",
                              color: "SECONDARY"
                            ),
                            " ",
                            #"SYSTEM_SYSRULES_richTextItem_v1"(
                              text: text(
                                ri!record[#"urn:appian:record-field:v1:51427fd6-eb7a-4dc3-b19f-c8c3ed413f99/f552c437-ce17-4518-9da4-de26581dd377"],
                                "mmmm d, yyyy h:mm AM/PM"
                              )
                            )
                          }
                        ),
                        showWhen: if(
                          ri!record[#"urn:appian:record-field:v1:51427fd6-eb7a-4dc3-b19f-c8c3ed413f99/17b15324-6f20-419c-ac68-570c19a89cad"]="Completed",
                          true(),
                          false()
                        )
                      )
                    }
                  ),
                  #"SYSTEM_SYSRULES_columnLayout"(
                    contents: {
                      #"SYSTEM_SYSRULES_textField"(
                        label: "Requestedby",
                        labelPosition: "JUSTIFIED",
                        value: a!defaultValue(
                          #"_a-0000ea57-d5bf-8000-9bb3-011c48011c48_113355"(ri!record[#"urn:appian:record-field:v1:51427fd6-eb7a-4dc3-b19f-c8c3ed413f99/edda1683-7684-4b70-b374-01f8d46aca26"]),
                          "–"
                        ),
                        readOnly: true,
                        align: "LEFT"
                      ),
                      #"SYSTEM_SYSRULES_textField"(
                        label: "Servicetype",
                        labelPosition: "JUSTIFIED",
                        value: a!defaultValue(
                          ri!record[#"urn:appian:record-field:v1:51427fd6-eb7a-4dc3-b19f-c8c3ed413f99/3241d123-ede3-4469-a674-f6d7b2d63127"],
                          "–"
                        ),
                        readOnly: true
                      ),
                      #"SYSTEM_SYSRULES_textField"(
                        label: "Cost",
                        labelPosition: "JUSTIFIED",
                        value: if(
                          isnull(
                            ri!record[#"urn:appian:record-field:v1:51427fd6-eb7a-4dc3-b19f-c8c3ed413f99/703933c9-7d7e-4648-9038-7628f41baffe"]
                          ),
                          "–",
                          text(
                            ri!record[#"urn:appian:record-field:v1:51427fd6-eb7a-4dc3-b19f-c8c3ed413f99/703933c9-7d7e-4648-9038-7628f41baffe"],
                            "#.##"
                          )
                        ),
                        showWhen: if(
                          ri!record[#"urn:appian:record-field:v1:51427fd6-eb7a-4dc3-b19f-c8c3ed413f99/17b15324-6f20-419c-ac68-570c19a89cad"]="Completed",
                          true(),
                          false()
                        ),
                        readOnly: true
                      )
                    }
                  ),
                  #"SYSTEM_SYSRULES_columnLayout"(
                    contents: {
                      #"SYSTEM_SYSRULES_textField"(
                        label: "VIN",
                        labelPosition: "JUSTIFIED",
                        value: ri!record[#"urn:appian:record-field:v1:51427fd6-eb7a-4dc3-b19f-c8c3ed413f99/0a0c6bbc-a292-4ed5-b030-48685f342d19/dbb51139-0f6f-461c-9908-a7e557757fe6"],
                        saveInto: {},
                        refreshAfter: "UNFOCUS",
                        readOnly: true,
                        validations: {}
                      ),
                      #"SYSTEM_SYSRULES_textField"(
                        label: "Vehicle",
                        labelPosition: "JUSTIFIED",
                        value: ri!record[#"urn:appian:record-field:v1:51427fd6-eb7a-4dc3-b19f-c8c3ed413f99/0a0c6bbc-a292-4ed5-b030-48685f342d19/4fd1b12b-2290-4dfb-ac18-d49eaec134b6"] &amp; " " &amp; ri!record[#"urn:appian:record-field:v1:51427fd6-eb7a-4dc3-b19f-c8c3ed413f99/0a0c6bbc-a292-4ed5-b030-48685f342d19/37217b1e-8cb5-4fd6-97a3-8598a869c72d"],
                        saveInto: {},
                        refreshAfter: "UNFOCUS",
                        readOnly: true,
                        validations: {}
                      ),
                      #"SYSTEM_SYSRULES_textField"(
                        label: "Assigned To",
                        labelPosition: "JUSTIFIED",
                        value: ri!record[#"urn:appian:record-field:v1:51427fd6-eb7a-4dc3-b19f-c8c3ed413f99/9d3d23eb-d866-455b-a7e9-ce41ca868470"],
                        saveInto: {},
                        refreshAfter: "UNFOCUS",
                        showWhen: a!isNotNullOrEmpty(
                          ri!record[#"urn:appian:record-field:v1:51427fd6-eb7a-4dc3-b19f-c8c3ed413f99/9d3d23eb-d866-455b-a7e9-ce41ca868470"]
                        ),
                        readOnly: true,
                        validations: {}
                      )
                    }
                  )
                }
              )
            },
            divider: "ABOVE",
            marginAbove: "STANDARD",
            marginBelow: "MORE"
          )
        }
      )
    },
    spacing: "SPARSE",
    showDividers: true
  ),
  #"SYSTEM_SYSRULES_pickerFieldUsers"(
    label: "Assign To",
    labelPosition: "ABOVE",
    groupFilter: #"_a-0000ea57-d5bf-8000-9bb3-011c48011c48_113331",
    value: ri!assignedMechanic,
    saveInto: ri!assignedMechanic,
    showWhen: if(
      isnull(ri!record[#"urn:appian:record-field:v1:51427fd6-eb7a-4dc3-b19f-c8c3ed413f99/9d3d23eb-d866-455b-a7e9-ce41ca868470"]),
      true(),
      false()
    ),
    required: true,
    validations: {}
  ),
  #"SYSTEM_SYSRULES_ButtonLayout"(
    primaryButtons: {
      #"SYSTEM_SYSRULES_ButtonWidget"(
        label: "Approve",
        icon: "check",
        value: false(),
        saveInto: ri!deny,
        submit: true,
        style: "PRIMARY"
      )}
      ,
      secondaryButtons: #"SYSTEM_SYSRULES_ButtonWidget"(
        label: "Deny",
        icon: "times",
        value: true(),
        saveInto: ri!deny,
        submit: true,
        style: "SECONDARY"
      )
  )
}</definition>
        <namedTypedValue>
            <name>record</name>
            <type>
                <name>51427fd6-eb7a-4dc3-b19f-c8c3ed413f99</name>
                <namespace>urn:com:appian:recordtype:datatype</namespace>
            </type>
        </namedTypedValue>
        <namedTypedValue>
            <name>assignedMechanic</name>
            <type>
                <name>string</name>
                <namespace>http://www.w3.org/2001/XMLSchema</namespace>
            </type>
            <value/>
        </namedTypedValue>
        <namedTypedValue>
            <name>deny</name>
            <type>
                <name>boolean</name>
                <namespace>http://www.w3.org/2001/XMLSchema</namespace>
            </type>
        </namedTypedValue>
        <preferredEditor>interface</preferredEditor>
        <offlineEnabled>false</offlineEnabled>
        <isCustom>false</isCustom>
    </interface>
    <roleMap public="true">
        <role inherit="true" allowForAll="false" name="readers">
            <users/>
            <groups/>
        </role>
        <role inherit="true" allowForAll="false" name="authors">
            <users/>
            <groups/>
        </role>
        <role inherit="true" allowForAll="false" name="administrators">
            <users/>
            <groups/>
        </role>
        <role inherit="false" allowForAll="false" name="denyReaders">
            <users/>
            <groups/>
        </role>
        <role inherit="false" allowForAll="false" name="denyAuthors">
            <users/>
            <groups/>
        </role>
        <role inherit="false" allowForAll="false" name="denyAdministrators">
            <users/>
            <groups/>
        </role>
    </roleMap>
    <typedValue>
        <type>
            <name>RuleTestConfig?list</name>
            <namespace>http://www.appian.com/ae/types/2009</namespace>
        </type>
        <value>
            <el>
                <a:name/>
                <a:ruleInputTestConfigs>
                    <a:value xmlns:xsi="http://www.w3.org/2001/XMLSchema-instance" xsi:type="a:Expression">#"SYSTEM_SYSRULES_queryRecordType_v1"(
  recordType: #"urn:appian:record-type:v1:51427fd6-eb7a-4dc3-b19f-c8c3ed413f99",
  fields: {},
  pagingInfo: #"SYSTEM_SYSRULES_pagingInfo"(
    startIndex: 1,
    batchSize: 1
  )
).data</a:value>
                    <a:nameRef>record</a:nameRef>
                    <a:id>1</a:id>
                </a:ruleInputTestConfigs>
                <a:ruleInputTestConfigs>
                    <a:value xmlns:xsd="http://www.w3.org/2001/XMLSchema" xmlns:xsi="http://www.w3.org/2001/XMLSchema-instance" xsi:type="xsd:string"/>
                    <a:nameRef>assignedMechanic</a:nameRef>
                    <a:id>2</a:id>
                </a:ruleInputTestConfigs>
                <a:ruleInputTestConfigs>
                    <a:value xmlns:xsd="http://www.w3.org/2001/XMLSchema" xmlns:xsi="http://www.w3.org/2001/XMLSchema-instance" xsi:nil="true" xsi:type="xsd:boolean"/>
                    <a:nameRef>deny</a:nameRef>
                    <a:id>3</a:id>
                </a:ruleInputTestConfigs>
                <a:assertions xmlns:xsi="http://www.w3.org/2001/XMLSchema-instance" xsi:nil="true"/>
            </el>
        </value>
    </typedValue>
    <history>
        <historyInfo versionUuid="_a-0000ea57-d5bf-8000-9bb3-011c48011c48_125492"/>
    </history>
</contentHaul>
