<?xml version="1.0" encoding="UTF-8" standalone="yes"?>
<contentHaul xmlns:a="http://www.appian.com/ae/types/2009">
    <versionUuid>_a-0000ea57-d5bf-8000-9bb3-011c48011c48_124202</versionUuid>
    <interface>
        <name>RDAA_StudentSummary</name>
        <uuid>_a-0000ea57-d5bf-8000-9bb3-011c48011c48_124150</uuid>
        <description></description>
        <parentUuid>_a-0000ea32-688e-8000-9bb1-011c48011c48_112487</parentUuid>
        <visibility>
            <advertise>false</advertise>
            <hierarchy>true</hierarchy>
            <indexable>true</indexable>
            <quota>false</quota>
            <searchable>true</searchable>
            <system>false</system>
            <unlogged>false</unlogged>
        </visibility>
        <definition>{
  #"SYSTEM_SYSRULES_sectionLayout_v1"(
    label: "Student Details",
    labelIcon: "user-graduate",
    contents: {
      #"SYSTEM_SYSRULES_columnsLayout"(
        columns: {
          #"SYSTEM_SYSRULES_columnLayout"(
            contents: {
              #"SYSTEM_SYSRULES_boxLayout"(
                label: "Avatar",
                contents: {
                  #"SYSTEM_SYSRULES_imageField_v1"(
                    label: "",
                    labelPosition: "ABOVE",
                    images: #"SYSTEM_SYSRULES_documentImage"(
                      document: ri!RDAA_Student.Photograph
                    ),
                    size: "FIT",
                    isThumbnail: false,
                    style: "AVATAR",
                    align: "CENTER"
                  )
                },
                style: "#93c47d",
                shape: "ROUNDED",
                marginBelow: "STANDARD"
              )
            }
          ),
          #"SYSTEM_SYSRULES_columnLayout"(
            contents: {
              #"SYSTEM_SYSRULES_integerField"(
                label: "Student Id",
                labelPosition: "ABOVE",
                value: ri!RDAA_Student.studentID,
                saveInto: {},
                refreshAfter: "UNFOCUS",
                readOnly: true,
                validations: {}
              ),
              #"SYSTEM_SYSRULES_textField"(
                label: "Name",
                labelPosition: "ABOVE",
                value: ri!RDAA_Student.Name,
                readOnly: true
              )
            }
          )
        }
      )
    }
  )
}</definition>
        <namedTypedValue>
            <name>RDAA_Student</name>
            <type>
                <name>RDAA_Student</name>
                <namespace>urn:com:appian:types:RDAA</namespace>
            </type>
        </namedTypedValue>
        <preferredEditor>interface</preferredEditor>
        <offlineEnabled>false</offlineEnabled>
        <isCustom>false</isCustom>
    </interface>
    <roleMap public="true">
        <role inherit="true" allowForAll="false" name="readers">
            <users/>
            <groups/>
        </role>
        <role inherit="true" allowForAll="false" name="authors">
            <users/>
            <groups/>
        </role>
        <role inherit="true" allowForAll="false" name="administrators">
            <users/>
            <groups/>
        </role>
        <role inherit="false" allowForAll="false" name="denyReaders">
            <users/>
            <groups/>
        </role>
        <role inherit="false" allowForAll="false" name="denyAuthors">
            <users/>
            <groups/>
        </role>
        <role inherit="false" allowForAll="false" name="denyAdministrators">
            <users/>
            <groups/>
        </role>
    </roleMap>
    <typedValue>
        <type>
            <name>RuleTestConfig?list</name>
            <namespace>http://www.appian.com/ae/types/2009</namespace>
        </type>
        <value>
            <el>
                <a:name/>
                <a:ruleInputTestConfigs>
                    <a:value xmlns:xsi="http://www.w3.org/2001/XMLSchema-instance" xsi:type="a:Expression">'type!{urn:com:appian:types:RDAA}RDAA_Student'()</a:value>
                    <a:nameRef>RDAA_Student</a:nameRef>
                    <a:id/>
                </a:ruleInputTestConfigs>
                <a:assertions xmlns:xsi="http://www.w3.org/2001/XMLSchema-instance" xsi:nil="true"/>
            </el>
        </value>
    </typedValue>
    <history>
        <historyInfo versionUuid="_a-0000ea57-d5bf-8000-9bb3-011c48011c48_124202"/>
    </history>
</contentHaul>
