<?xml version="1.0" encoding="UTF-8" standalone="yes"?>
<contentHaul xmlns:a="http://www.appian.com/ae/types/2009">
    <versionUuid>_a-0000eab3-f57a-8000-9bb4-011c48011c48_133280</versionUuid>
    <interface>
        <name>RDAA_TaskInterface</name>
        <uuid>_a-0000eab3-f57a-8000-9bb4-011c48011c48_133256</uuid>
        <description></description>
        <parentUuid>_a-0000ea32-688e-8000-9bb1-011c48011c48_112487</parentUuid>
        <visibility>
            <advertise>false</advertise>
            <hierarchy>true</hierarchy>
            <indexable>true</indexable>
            <quota>false</quota>
            <searchable>true</searchable>
            <system>false</system>
            <unlogged>false</unlogged>
        </visibility>
        <definition>a!localVariables(
  local!statusFilter: null,
  
  /* https://docs.appian.com/suite/help/latest/Task_Report_Tutorial.html */
  /* Basic steps to follow:                                              */
  /* 1. Create a Process Report object                                   */
  /* 2. Duplicate an existing process report, e.g. active_tasks          */
  /* 3. Create a Document constant for the report, e.g. TASKS_REPORT     */
  /* 4. Replace the value parameter of the refresh variable              */
  /*    local!taskReportData with a process analytics query e.g.         */
  /*    a!queryProcessAnalytics(                                         */
  /*      report: cons!TASKS_REPORT,                                     */
  /*      query: a!query(                                                */
  /*        pagingInfo: a!pagingInfo(                                    */
  /*          startIndex: 1,                                             */
  /*          batchSize: -1,                                             */
  /*          sort: a!sortInfo(                                          */
  /*            field: "c2",                                             */
  /*            ascending: false                                         */
  /*          )                                                          */
  /*       ),                                                            */
  /*       filter: a!queryFilter(                                        */
  /*         field: "c5",                                                */
  /*         operator: "in",                                             */
  /*         value: local!statusFilter,                                  */
  /*         applyWhen: a!isNotNullOrEmpty(local!statusFilter)           */
  /*       )                                                             */
  /*     )                                                               */
  /*   )                                                                 */

  /* The variable used to refresh the task report data */
  local!refreshTrigger: true,
      
  /* Placeholder variable for the task data returned by a process analytics query */
  local!taskReportData: a!queryProcessAnalytics(                                         
    report: #"_a-0000eab3-f57a-8000-9bb4-011c48011c48_133250",                                  
    query: #"SYSTEM_SYSRULES_query"(                                                
      pagingInfo: #"SYSTEM_SYSRULES_pagingInfo"(                                    
        startIndex: 1,                                             
        batchSize: 10,                                             
        sort: #"SYSTEM_SYSRULES_sortInfo"(                                          
          field: "c2",                                             
          ascending: true                                          
        )                                                          
      ),                                                            
      filter: #"SYSTEM_SYSRULES_queryFilter"(                                        
        field: "c5",                                                
        operator: "in",                                             
        value: local!statusFilter,                                  
        applyWhen: a!isNotNullOrEmpty(local!statusFilter)           
      )                                                             
    )                                                               
  ),
  /* Maps the "c5" / "Status" field values to status names */
  local!taskStatuses: {
    a!map(name: "Assigned",               icon: "user-o",             color: "#666666"),
    a!map(name: "Accepted",               icon: "user-check",         color: "ACCENT"),
    a!map(name: "Completed",              icon: "check-circle",       color: "POSITIVE"),
    a!map(name: "Not Started",            icon: "circle-o-large",     color: "#666666"),
    a!map(name: "Cancelled",              icon: "stop-circle",        color: "#fdb858"),
    a!map(name: "Paused",                 icon: "pause-circle",       color: "#666666"),
    a!map(name: "Aborted",                icon: "question-circle",    color: "#666666"),
    a!map(name: "Cancelled By Exception", icon: "minus-circle",       color: "#fdb858"),
    a!map(name: "Cancelled By Exception", icon: "times-circle",       color: "NEGATIVE"),
    a!map(name: "Submitted",              icon: "share",              color: "ACCENT"),
    a!map(name: "Running",                icon: "spinner",            color: "ACCENT"),
    a!map(name: "Error",                  icon: "exclamation-circle", color: "NEGATIVE")
  },
  {
    #"SYSTEM_SYSRULES_columnsLayout"(
      columns: {
        #"SYSTEM_SYSRULES_columnLayout"(
          contents: {
            #"SYSTEM_SYSRULES_sectionLayout_v1"(
              label: "Employee Tasks",
              labelColor: "SECONDARY",
              contents: {
                #"SYSTEM_SYSRULES_columnsLayout"(
                  columns: {
                    #"SYSTEM_SYSRULES_columnLayout"(
                      contents: {
                        #"SYSTEM_SYSRULES_multipleDropdownField_v1"(
                          label: "Status",
                          labelPosition: "COLLAPSED",
                          placeholder: "All statuses",
                          choiceLabels: { "Assigned", "Accepted", "Completed", "Not Started" },
                          choiceValues: enumerate(4),
                          value: local!statusFilter,
                          saveInto: local!statusFilter
                        )
                      },
                      width: "MEDIUM"
                    ),
                    #"SYSTEM_SYSRULES_columnLayout"(
                      contents: {
                        #"SYSTEM_SYSRULES_ButtonArrayLayout"(
                          buttons: #"SYSTEM_SYSRULES_ButtonWidget"(
                            icon: "refresh",
                            value: not(local!refreshTrigger),
                            saveInto: local!refreshTrigger,
                            size: "SMALL",
                            style: "SECONDARY",
                            accessibilityText: "Refresh task data"
                          )
                        )
                      }
                    )
                  },
                  marginBelow: "NONE"
                ),
                #"SYSTEM_SYSRULES_gridField_v1"(
                  label: "Employee Tasks",
                  labelPosition: "COLLAPSED",
                  data: local!taskReportData.data,
                  columns: #"SYSTEM_SYSRULES_forEach"(
                    items: local!taskReportData.columnConfigs,
                    expression: #"SYSTEM_SYSRULES_gridColumn"(
                      label: fv!item.label,
                      sortField: fv!item.field,
                      value: a!localVariables(
                        local!fieldValue: index(fv!row, fv!item.field, {}),
                        /* Display the data based on its configured formatting */
                        a!match(
                  value: fv!item.configuredFormatting,
                  equals: "TASK_STATUS",
                  then: a!localVariables(
                    local!status: index(local!taskStatuses, local!fieldValue + 1, {}),
                    #"SYSTEM_SYSRULES_richTextDisplayField"(
                      value: {
                        #"SYSTEM_SYSRULES_richTextIcon"(
                          icon: index(local!status, "icon", "circle"),
                          color: index(local!status, "color", "#666666")
                        ),
                        "  ",
                        index(local!status, "name", "Other")
                      }
                    )
                  ),
                  equals: "DATE_TIME",
                  then: if(
                    a!isNullOrEmpty(local!fieldValue),
                    local!fieldValue,
                    text(local!fieldValue, "MMM D, YYYY, H:MM am/pm")
                  ),
                  /* Show a process link for task details */
                  whenTrue: fv!item.configuredDrilldown = "TASK_DETAILS",
                  then: #"SYSTEM_SYSRULES_linkField"(
                    links: #"SYSTEM_SYSRULES_processTaskLink"(
                      label: local!fieldValue,
                      task: index(fv!row, fv!item.drilldownField, {})
                    )
                  ),
                  /* Show username or group name for Assignee field                         */
                  /* Note: For task reports that only show tasks for the current user,      */
                  /* the "Assignee" column can be hidden. Task list can be named "My Tasks" */
                  whenTrue: fv!item.field = "c8",
                  then: #"SYSTEM_SYSRULES_richTextDisplayField"(
                    value: #"SYSTEM_SYSRULES_forEach"(
                      items: fv!row.c8,
                      expression: if(
                        /* Check if User, otherwise its a Group */
                        runtimetypeof(fv!item) = 4,
                        #"SYSTEM_SYSRULES_richTextItem_v1"(
                          text: user(fv!item, "firstName") &amp; " " &amp; user(fv!item, "lastName") &amp; char(10),
                          link: #"SYSTEM_SYSRULES_userRecordLink"(user: fv!item),
                          linkStyle: "STANDALONE"
                        ),
                        /* Adding char(10) adds line breaks to the list of names */
                        group(fv!item, "groupName") &amp; char(10)
                      )
                    )
                  ),
                  default: local!fieldValue
                )
                      ),
                      align: if(fv!item.configuredFormatting = "DATE_TIME", "END", "START")
                    )
                  ),
                  pageSize: 10,
                  spacing: "DENSE",
                  height: "AUTO",
                  borderStyle: "LIGHT",
                  rowHeader: 1
                )
              }
            )
          }
        )
      }
    )
  }
)</definition>
        <preferredEditor>interface</preferredEditor>
        <offlineEnabled>false</offlineEnabled>
        <isCustom>false</isCustom>
    </interface>
    <roleMap public="true">
        <role inherit="true" allowForAll="false" name="readers">
            <users/>
            <groups/>
        </role>
        <role inherit="true" allowForAll="false" name="authors">
            <users/>
            <groups/>
        </role>
        <role inherit="true" allowForAll="false" name="administrators">
            <users/>
            <groups/>
        </role>
        <role inherit="false" allowForAll="false" name="denyReaders">
            <users/>
            <groups/>
        </role>
        <role inherit="false" allowForAll="false" name="denyAuthors">
            <users/>
            <groups/>
        </role>
        <role inherit="false" allowForAll="false" name="denyAdministrators">
            <users/>
            <groups/>
        </role>
    </roleMap>
    <history>
        <historyInfo versionUuid="_a-0000eab3-f57a-8000-9bb4-011c48011c48_133280"/>
    </history>
</contentHaul>
