<?xml version="1.0" encoding="UTF-8" standalone="yes"?>
<contentHaul xmlns:a="http://www.appian.com/ae/types/2009">
    <versionUuid>_a-0000ea57-d5bf-8000-9bb3-011c48011c48_128412</versionUuid>
    <interface>
        <name>RDAA_VehicleColumnChart</name>
        <uuid>_a-0000ea57-d5bf-8000-9bb3-011c48011c48_128069</uuid>
        <description>An interface with the column chart of vehicles by make and category</description>
        <parentUuid>_a-0000ea32-688e-8000-9bb1-011c48011c48_112487</parentUuid>
        <visibility>
            <advertise>false</advertise>
            <hierarchy>true</hierarchy>
            <indexable>true</indexable>
            <quota>false</quota>
            <searchable>true</searchable>
            <system>false</system>
            <unlogged>false</unlogged>
        </visibility>
        <definition>{
  #"SYSTEM_SYSRULES_columnChartField"(
    data: #"SYSTEM_SYSRULES_recordData"(
      recordType: #"urn:appian:record-type:v1:adc51301-a486-48d0-8ed6-932118db7c24",
      filters: #"SYSTEM_SYSRULES_queryLogicalExpression"(
        operator: "AND",
        filters: {
          #"SYSTEM_SYSRULES_queryFilter"(
            field: #"urn:appian:record-field:v1:adc51301-a486-48d0-8ed6-932118db7c24/4fd1b12b-2290-4dfb-ac18-d49eaec134b6",
            operator: "in",
            value: #"_a-0000ea57-d5bf-8000-9bb3-011c48011c48_128075"(30)
          ),
          #"SYSTEM_SYSRULES_queryFilter"(
            field: #"urn:appian:record-field:v1:adc51301-a486-48d0-8ed6-932118db7c24/4fd1b12b-2290-4dfb-ac18-d49eaec134b6",
            operator: "&lt;&gt;",
            value: "AUDI"
          ),
          #"SYSTEM_SYSRULES_queryFilter"(
            field: #"urn:appian:record-field:v1:adc51301-a486-48d0-8ed6-932118db7c24/4fd1b12b-2290-4dfb-ac18-d49eaec134b6",
            operator: "&lt;&gt;",
            value: "audi"
          ),
          #"SYSTEM_SYSRULES_queryFilter"(
            field: #"urn:appian:record-field:v1:adc51301-a486-48d0-8ed6-932118db7c24/4fd1b12b-2290-4dfb-ac18-d49eaec134b6",
            operator: "&lt;&gt;",
            value: "bmw"
          ),
          #"SYSTEM_SYSRULES_queryFilter"(
            field: #"urn:appian:record-field:v1:adc51301-a486-48d0-8ed6-932118db7c24/196baed1-3770-4f31-be3d-006bbd4ae265",
            operator: "&lt;&gt;",
            value: "[Series 1]"
          ),
          #"SYSTEM_SYSRULES_queryFilter"(
            field: #"urn:appian:record-field:v1:adc51301-a486-48d0-8ed6-932118db7c24/4fd1b12b-2290-4dfb-ac18-d49eaec134b6",
            operator: "&lt;&gt;",
            value: "BMW"
          ),
          #"SYSTEM_SYSRULES_queryFilter"(
            field: #"urn:appian:record-field:v1:adc51301-a486-48d0-8ed6-932118db7c24/4fd1b12b-2290-4dfb-ac18-d49eaec134b6",
            operator: "&lt;&gt;",
            value: "honda"
          ),
          #"SYSTEM_SYSRULES_queryFilter"(
            field: #"urn:appian:record-field:v1:adc51301-a486-48d0-8ed6-932118db7c24/4fd1b12b-2290-4dfb-ac18-d49eaec134b6",
            operator: "&lt;&gt;",
            value: "hyundai"
          )
        },
        ignoreFiltersWithEmptyValues: true
      )
    ),
    config: #"SYSTEM_SYSRULES_columnChartConfig"(
      primaryGrouping: #"SYSTEM_SYSRULES_grouping"(
        field: #"urn:appian:record-field:v1:adc51301-a486-48d0-8ed6-932118db7c24/4fd1b12b-2290-4dfb-ac18-d49eaec134b6",
        alias: "make_primaryGrouping"
      ),
      secondaryGrouping: #"SYSTEM_SYSRULES_grouping"(
        field: #"urn:appian:record-field:v1:adc51301-a486-48d0-8ed6-932118db7c24/196baed1-3770-4f31-be3d-006bbd4ae265",
        alias: "type_secondaryGrouping"
      ),
      measures: {
        #"SYSTEM_SYSRULES_measure"(
          function: "COUNT",
          field: #"urn:appian:record-field:v1:adc51301-a486-48d0-8ed6-932118db7c24/b52b6036-1348-4061-ab79-11bf82018c93",
          alias: "vehicleId_count_measure1"
        )
      },
      sort: {
        #"SYSTEM_SYSRULES_sortInfo"(
          field: "make_primaryGrouping",
          ascending: false
        )
      },
      dataLimit: 100
    ),
    label: "Vehicles by Make and Category",
    stacking: "NORMAL",
    showLegend: true,
    showDataLabels: true,
    showTooltips: true,
    labelPosition: "ABOVE",
    colorScheme: "MIDNIGHT",
    height: "MEDIUM",
    xAxisStyle: "STANDARD",
    yAxisStyle: "STANDARD",
    refreshAfter: "RECORD_ACTION"
  )
}</definition>
        <preferredEditor>interface</preferredEditor>
        <offlineEnabled>false</offlineEnabled>
        <isCustom>false</isCustom>
    </interface>
    <roleMap public="true">
        <role inherit="true" allowForAll="false" name="readers">
            <users/>
            <groups/>
        </role>
        <role inherit="true" allowForAll="false" name="authors">
            <users/>
            <groups/>
        </role>
        <role inherit="true" allowForAll="false" name="administrators">
            <users/>
            <groups/>
        </role>
        <role inherit="false" allowForAll="false" name="denyReaders">
            <users/>
            <groups/>
        </role>
        <role inherit="false" allowForAll="false" name="denyAuthors">
            <users/>
            <groups/>
        </role>
        <role inherit="false" allowForAll="false" name="denyAdministrators">
            <users/>
            <groups/>
        </role>
    </roleMap>
    <history>
        <historyInfo versionUuid="_a-0000ea57-d5bf-8000-9bb3-011c48011c48_128412"/>
    </history>
</contentHaul>
