<?xml version="1.0" encoding="UTF-8" standalone="yes"?>
<contentHaul xmlns:a="http://www.appian.com/ae/types/2009">
    <versionUuid>_a-0000ea57-d5bf-8000-9bb3-011c48011c48_113478</versionUuid>
    <rule>
        <name>RDAA_Practice</name>
        <uuid>_a-0000ea57-d5bf-8000-9bb3-011c48011c48_113459</uuid>
        <description>Practice</description>
        <parentUuid>_a-0000ea32-688e-8000-9bb1-011c48011c48_112798</parentUuid>
        <visibility>
            <advertise>false</advertise>
            <hierarchy>true</hierarchy>
            <indexable>true</indexable>
            <quota>false</quota>
            <searchable>true</searchable>
            <system>false</system>
            <unlogged>false</unlogged>
        </visibility>
        <definition>#"SYSTEM_SYSRULES_queryRecordType_v1"(
  recordType: #"urn:appian:record-type:v1:adc51301-a486-48d0-8ed6-932118db7c24",
  fields: {
    #"urn:appian:record-field:v1:adc51301-a486-48d0-8ed6-932118db7c24/b52b6036-1348-4061-ab79-11bf82018c93",
    #"urn:appian:record-field:v1:adc51301-a486-48d0-8ed6-932118db7c24/dbb51139-0f6f-461c-9908-a7e557757fe6",
    #"urn:appian:record-field:v1:adc51301-a486-48d0-8ed6-932118db7c24/3e4b5676-f32e-4e10-a077-c5c2a6de9494",
    #"urn:appian:record-field:v1:adc51301-a486-48d0-8ed6-932118db7c24/96f96970-f39f-4b6f-ba1a-40f9f52df54c",
    #"urn:appian:record-field:v1:adc51301-a486-48d0-8ed6-932118db7c24/2e092d3c-7b41-4424-8975-851ee1326339",
    #"urn:appian:record-field:v1:adc51301-a486-48d0-8ed6-932118db7c24/78196efd-9bdd-47d0-af35-dede59f7990f",
    #"urn:appian:record-field:v1:adc51301-a486-48d0-8ed6-932118db7c24/58f6859f-9960-42dd-85ff-14a6eadd52be",
    #"urn:appian:record-field:v1:adc51301-a486-48d0-8ed6-932118db7c24/6de544c0-0551-4419-8641-8f098a007876",
    #"urn:appian:record-field:v1:adc51301-a486-48d0-8ed6-932118db7c24/a7264ece-aecb-43f1-8092-bed5c476332f",
    #"urn:appian:record-field:v1:adc51301-a486-48d0-8ed6-932118db7c24/9210933c-afcd-4e6b-bab3-3972a68c4194",
    #"urn:appian:record-field:v1:adc51301-a486-48d0-8ed6-932118db7c24/5ac69f02-f33b-4bda-a9fe-c531ed6c49a5",
    #"urn:appian:record-field:v1:adc51301-a486-48d0-8ed6-932118db7c24/4fd1b12b-2290-4dfb-ac18-d49eaec134b6",
    #"urn:appian:record-field:v1:adc51301-a486-48d0-8ed6-932118db7c24/37217b1e-8cb5-4fd6-97a3-8598a869c72d"
  },
  filters: #"SYSTEM_SYSRULES_queryLogicalExpression"(
    operator: "AND",
    filters: {
      #"SYSTEM_SYSRULES_queryFilter"(
        field: #"urn:appian:record-field:v1:adc51301-a486-48d0-8ed6-932118db7c24/dbb51139-0f6f-461c-9908-a7e557757fe6",
        operator: "=",
        value: ri!ivin
      )
    },
    ignoreFiltersWithEmptyValues: true
  ),
  pagingInfo: #"SYSTEM_SYSRULES_pagingInfo"(
    startIndex: 1,
    batchSize: 100
  )
).data</definition>
        <namedTypedValue>
            <name>ivin</name>
            <description>input vin</description>
            <type>
                <name>string</name>
                <namespace>http://www.w3.org/2001/XMLSchema</namespace>
            </type>
            <value/>
        </namedTypedValue>
        <preferredEditor>legacy</preferredEditor>
        <offlineEnabled>false</offlineEnabled>
    </rule>
    <roleMap public="true">
        <role inherit="true" allowForAll="false" name="readers">
            <users/>
            <groups/>
        </role>
        <role inherit="true" allowForAll="false" name="authors">
            <users/>
            <groups/>
        </role>
        <role inherit="true" allowForAll="false" name="administrators">
            <users/>
            <groups/>
        </role>
        <role inherit="false" allowForAll="false" name="denyReaders">
            <users/>
            <groups/>
        </role>
        <role inherit="false" allowForAll="false" name="denyAuthors">
            <users/>
            <groups/>
        </role>
        <role inherit="false" allowForAll="false" name="denyAdministrators">
            <users/>
            <groups/>
        </role>
    </roleMap>
    <typedValue>
        <type>
            <name>RuleTestConfig?list</name>
            <namespace>http://www.appian.com/ae/types/2009</namespace>
        </type>
        <value>
            <el>
                <a:name>1G6AB5RX7D0238738</a:name>
                <a:ruleInputTestConfigs>
                    <a:value xmlns:xsd="http://www.w3.org/2001/XMLSchema" xmlns:xsi="http://www.w3.org/2001/XMLSchema-instance" xsi:type="xsd:string">1G6AB5RX7D0238738</a:value>
                    <a:nameRef>ivin</a:nameRef>
                    <a:id>1</a:id>
                </a:ruleInputTestConfigs>
                <a:assertions xmlns:xsi="http://www.w3.org/2001/XMLSchema-instance" xsi:nil="true"/>
            </el>
        </value>
    </typedValue>
    <history>
        <historyInfo versionUuid="_a-0000ea57-d5bf-8000-9bb3-011c48011c48_113478"/>
    </history>
</contentHaul>
