<?xml version="1.0" encoding="UTF-8" standalone="yes"?>
<contentHaul xmlns:a="http://www.appian.com/ae/types/2009">
    <versionUuid>_a-0000ea57-d5bf-8000-9bb3-011c48011c48_125084</versionUuid>
    <interface>
        <name>RDAA_AddVehicleForm</name>
        <uuid>_a-0000ea57-d5bf-8000-9bb3-011c48011c48_121222</uuid>
        <description>A form to add vehicle details</description>
        <parentUuid>_a-0000ea32-688e-8000-9bb1-011c48011c48_112487</parentUuid>
        <visibility>
            <advertise>false</advertise>
            <hierarchy>true</hierarchy>
            <indexable>true</indexable>
            <quota>false</quota>
            <searchable>true</searchable>
            <system>false</system>
            <unlogged>false</unlogged>
        </visibility>
        <definition>#"SYSTEM_SYSRULES_formLayout_v1"(
  label: "Add Vehicle",
  contents: {
    #"SYSTEM_SYSRULES_sectionLayout_v1"(
      label: "Vehicle Details",
      labelIcon: "car-alt",
      contents: {
        #"SYSTEM_SYSRULES_columnsLayout"(
          columns: {
            #"SYSTEM_SYSRULES_columnLayout"(
              contents: {
                #"SYSTEM_SYSRULES_textField"(
                  label: "VIN",
                  labelPosition: "ABOVE",
                  value: ri!vehicle.vin,
                  saveInto: ri!vehicle.vin,
                  refreshAfter: "UNFOCUS",
                  characterLimit: 17,
                  validations: {}
                ),
                #"SYSTEM_SYSRULES_textField"(
                  label: "Model",
                  labelPosition: "ABOVE",
                  value: ri!vehicle.model,
                  saveInto: ri!vehicle.model,
                  refreshAfter: "UNFOCUS",
                  characterLimit: 55,
                  validations: {}
                ),
                #"SYSTEM_SYSRULES_integerField"(
                  label: "Year Built",
                  labelPosition: "ABOVE",
                  value: ri!vehicle.yearBuilt,
                  saveInto: ri!vehicle.yearBuilt,
                  refreshAfter: "UNFOCUS",
                  validations: {}
                ),
                #"SYSTEM_SYSRULES_fileUploadField_v1"(
                  label: "Image",
                  labelPosition: "ABOVE",
                  target: #"_a-0000ea57-d5bf-8000-9bb3-011c48011c48_113349",
                  maxSelections: 1,
                  value: ri!vehicle.imageId,
                  saveInto: ri!vehicle.imageId,
                  validations: {},
                  buttonDisplay: "LABEL_AND_ICON",
                  buttonStyle: "PRIMARY"
                )
              }
            ),
            #"SYSTEM_SYSRULES_columnLayout"(
              contents: {
                #"SYSTEM_SYSRULES_textField"(
                  label: "Make",
                  labelPosition: "ABOVE",
                  value: ri!vehicle.make,
                  saveInto: ri!vehicle.make,
                  refreshAfter: "UNFOCUS",
                  characterLimit: 55,
                  validations: {}
                ),
                #"SYSTEM_SYSRULES_sideBySideLayout"(
                  items: {
                    #"SYSTEM_SYSRULES_sideBySideItem"(
                      item: #"SYSTEM_SYSRULES_dropdownField_v1"(
                        label: "Type",
                        labelPosition: "ABOVE",
                        placeholder: "--- Select the Type ---",
                        choiceLabels: #"_a-0000ea57-d5bf-8000-9bb3-011c48011c48_121251",
                        choiceValues: #"_a-0000ea57-d5bf-8000-9bb3-011c48011c48_121251",
                        value: ri!vehicle.type,
                        saveInto: ri!vehicle.type,
                        searchDisplay: "AUTO",
                        validations: {}
                      )
                    ),
                    #"SYSTEM_SYSRULES_sideBySideItem"(
                      item: #"SYSTEM_SYSRULES_dropdownField_v1"(
                        label: "Color",
                        labelPosition: "ABOVE",
                        placeholder: "--- Select the Color ---",
                        choiceLabels: #"_a-0000ea57-d5bf-8000-9bb3-011c48011c48_121282",
                        choiceValues: #"_a-0000ea57-d5bf-8000-9bb3-011c48011c48_121282",
                        value: ri!vehicle.color,
                        saveInto: ri!vehicle.color,
                        searchDisplay: "AUTO",
                        validations: {}
                      )
                    )
                  }
                ),
                #"SYSTEM_SYSRULES_sideBySideLayout"(
                  items: {
                    #"SYSTEM_SYSRULES_sideBySideItem"(
                      item: #"SYSTEM_SYSRULES_integerField"(
                        label: "Mileage",
                        labelPosition: "ABOVE",
                        value: ri!vehicle.mileage,
                        saveInto: ri!vehicle.mileage,
                        refreshAfter: "UNFOCUS",
                        validations: {}
                      )
                    ),
                    #"SYSTEM_SYSRULES_sideBySideItem"(
                      item: #"SYSTEM_SYSRULES_radioButtonField"(
                        label: "Availability",
                        labelPosition: "ABOVE",
                        choiceLabels: {
                          "Available",
                          "Not Available"
                        },
                        choiceValues: {
                          true(),
                          false()
                        },
                        value: ri!vehicle.isAvailable,
                        saveInto: ri!vehicle.isAvailable,
                        choiceLayout: "COMPACT",
                        validations: {}
                      )
                    )
                  }
                ),
                #"SYSTEM_SYSRULES_pickerFieldUsers"(
                  label: "Added By",
                  labelPosition: "ABOVE",
                  maxSelections: 1,
                  groupFilter: #"_a-0000ea57-d5bf-8000-9bb3-011c48011c48_113325",
                  value: ri!vehicle.addedBy,
                  saveInto: ri!vehicle.addedBy,
                  validations: {}
                )
              }
            )
          }
        )
      }
    )
  },
  buttons: #"SYSTEM_SYSRULES_ButtonLayout"(
    primaryButtons: {
      #"SYSTEM_SYSRULES_ButtonWidget"(
        label: "Add",
        icon: "check-circle",
        value: true(),
        saveInto: ri!submit,
        submit: true,
        style: "PRIMARY",
        loadingIndicator: true
      )
    },
    secondaryButtons: {
      #"SYSTEM_SYSRULES_ButtonWidget"(
        label: "Cancel",
        icon: "times-circle",
        value: true,
        saveInto: ri!cancel,
        submit: true,
        style: "SECONDARY",
        validate: false
      )
    }
  )
)</definition>
        <namedTypedValue>
            <name>vehicle</name>
            <type>
                <name>RDAA_B2C_Vehicle</name>
                <namespace>urn:com:appian:types:RDAA</namespace>
            </type>
        </namedTypedValue>
        <namedTypedValue>
            <name>submit</name>
            <type>
                <name>boolean</name>
                <namespace>http://www.w3.org/2001/XMLSchema</namespace>
            </type>
        </namedTypedValue>
        <namedTypedValue>
            <name>cancel</name>
            <type>
                <name>boolean</name>
                <namespace>http://www.w3.org/2001/XMLSchema</namespace>
            </type>
        </namedTypedValue>
        <preferredEditor>interface</preferredEditor>
        <offlineEnabled>false</offlineEnabled>
        <isCustom>false</isCustom>
    </interface>
    <roleMap public="true">
        <role inherit="true" allowForAll="false" name="readers">
            <users/>
            <groups/>
        </role>
        <role inherit="true" allowForAll="false" name="authors">
            <users/>
            <groups/>
        </role>
        <role inherit="true" allowForAll="false" name="administrators">
            <users/>
            <groups/>
        </role>
        <role inherit="false" allowForAll="false" name="denyReaders">
            <users/>
            <groups/>
        </role>
        <role inherit="false" allowForAll="false" name="denyAuthors">
            <users/>
            <groups/>
        </role>
        <role inherit="false" allowForAll="false" name="denyAdministrators">
            <users/>
            <groups/>
        </role>
    </roleMap>
    <history>
        <historyInfo versionUuid="_a-0000ea57-d5bf-8000-9bb3-011c48011c48_125084"/>
    </history>
</contentHaul>
