<?xml version="1.0" encoding="UTF-8" standalone="yes"?>
<contentHaul xmlns:a="http://www.appian.com/ae/types/2009">
    <versionUuid>_a-0000ea57-d5bf-8000-9bb3-011c48011c48_125510</versionUuid>
    <interface>
        <name>RDAA_MaintainanceForm</name>
        <uuid>_a-0000ea57-d5bf-8000-9bb3-011c48011c48_124866</uuid>
        <description></description>
        <parentUuid>_a-0000ea32-688e-8000-9bb1-011c48011c48_112487</parentUuid>
        <visibility>
            <advertise>false</advertise>
            <hierarchy>true</hierarchy>
            <indexable>true</indexable>
            <quota>false</quota>
            <searchable>true</searchable>
            <system>false</system>
            <unlogged>false</unlogged>
        </visibility>
        <definition>#"SYSTEM_SYSRULES_formLayout_v1"(
  label: "New Maintenance Request",
  contents: {
    #"SYSTEM_SYSRULES_sectionLayout_v1"(
      label: "Vehicle Details",
      contents: {
        #"SYSTEM_SYSRULES_columnsLayout"(
          columns: {
            #"SYSTEM_SYSRULES_columnLayout"(
              contents: {
                #"SYSTEM_SYSRULES_textField"(
                  label: "Make",
                  labelPosition: "JUSTIFIED",
                  value: ri!vehicle[#"urn:appian:record-field:v1:adc51301-a486-48d0-8ed6-932118db7c24/4fd1b12b-2290-4dfb-ac18-d49eaec134b6"],
                  saveInto: {},
                  refreshAfter: "UNFOCUS",
                  readOnly: true,
                  validations: {}
                ),
                #"SYSTEM_SYSRULES_textField"(
                  label: "Model",
                  labelPosition: "JUSTIFIED",
                  value: ri!vehicle[#"urn:appian:record-field:v1:adc51301-a486-48d0-8ed6-932118db7c24/37217b1e-8cb5-4fd6-97a3-8598a869c72d"],
                  saveInto: {},
                  refreshAfter: "UNFOCUS",
                  readOnly: true,
                  validations: {}
                ),
                #"SYSTEM_SYSRULES_textField"(
                  label: "VIN",
                  labelPosition: "JUSTIFIED",
                  value: ri!vehicle[#"urn:appian:record-field:v1:adc51301-a486-48d0-8ed6-932118db7c24/dbb51139-0f6f-461c-9908-a7e557757fe6"],
                  saveInto: {},
                  refreshAfter: "UNFOCUS",
                  readOnly: true,
                  validations: {}
                ),
                #"SYSTEM_SYSRULES_integerField"(
                  label: "Year",
                  labelPosition: "JUSTIFIED",
                  value: ri!vehicle[#"urn:appian:record-field:v1:adc51301-a486-48d0-8ed6-932118db7c24/3e4b5676-f32e-4e10-a077-c5c2a6de9494"],
                  saveInto: {},
                  refreshAfter: "UNFOCUS",
                  readOnly: true,
                  validations: {}
                ),
                #"SYSTEM_SYSRULES_integerField"(
                  label: "Mileage",
                  labelPosition: "JUSTIFIED",
                  value: ri!vehicle[#"urn:appian:record-field:v1:adc51301-a486-48d0-8ed6-932118db7c24/96f96970-f39f-4b6f-ba1a-40f9f52df54c"],
                  saveInto: {},
                  refreshAfter: "UNFOCUS",
                  readOnly: true,
                  validations: {}
                )
              }
            ),
            #"SYSTEM_SYSRULES_columnLayout"(
              contents: {
                #"SYSTEM_SYSRULES_imageField_v1"(
                  label: "",
                  labelPosition: "COLLAPSED",
                  images: if(
                    isnull(ri!vehicle[#"urn:appian:record-field:v1:adc51301-a486-48d0-8ed6-932118db7c24/9210933c-afcd-4e6b-bab3-3972a68c4194"]),
                    #"SYSTEM_SYSRULES_documentImage"(
                      document: #"_a-0000ea57-d5bf-8000-9bb3-011c48011c48_124784",
                      altText: "Image Unavailable",
                      caption: "Image Unavailable"
                    ),
                    #"SYSTEM_SYSRULES_documentImage"(
                      document: ri!vehicle[#"urn:appian:record-field:v1:adc51301-a486-48d0-8ed6-932118db7c24/9210933c-afcd-4e6b-bab3-3972a68c4194"],
                      altText: ri!vehicle[#"urn:appian:record-field:v1:adc51301-a486-48d0-8ed6-932118db7c24/4fd1b12b-2290-4dfb-ac18-d49eaec134b6"] &amp; " " &amp; ri!vehicle[#"urn:appian:record-field:v1:adc51301-a486-48d0-8ed6-932118db7c24/37217b1e-8cb5-4fd6-97a3-8598a869c72d"],
                      caption: ri!vehicle[#"urn:appian:record-field:v1:adc51301-a486-48d0-8ed6-932118db7c24/4fd1b12b-2290-4dfb-ac18-d49eaec134b6"] &amp; " " &amp; ri!vehicle[#"urn:appian:record-field:v1:adc51301-a486-48d0-8ed6-932118db7c24/37217b1e-8cb5-4fd6-97a3-8598a869c72d"]
                    )
                  ),
                  size: "LARGE",
                  isThumbnail: false,
                  style: "AVATAR",
                  align: "CENTER"
                )
              }
            )
          }
        )
      }
    ),
    #"SYSTEM_SYSRULES_sectionLayout_v1"(
      label: "Maintenance Details",
      contents: {
        #"SYSTEM_SYSRULES_columnsLayout"(
          columns: {
            #"SYSTEM_SYSRULES_columnLayout"(
              contents: {
                #"SYSTEM_SYSRULES_dateField"(
                  label: "Request Date",
                  labelPosition: "ABOVE",
                  value: ri!maintenance[#"urn:appian:record-field:v1:51427fd6-eb7a-4dc3-b19f-c8c3ed413f99/d5c7c135-dc71-4d9b-9c2c-180ffb663a15"],
                  saveInto: ri!maintenance[#"urn:appian:record-field:v1:51427fd6-eb7a-4dc3-b19f-c8c3ed413f99/d5c7c135-dc71-4d9b-9c2c-180ffb663a15"],
                  required: true,
                  readOnly: false,
                  validations: {}
                ),
                #"SYSTEM_SYSRULES_textField"(
                  label: "Service Type",
                  labelPosition: "ABOVE",
                  value: ri!maintenance[#"urn:appian:record-field:v1:51427fd6-eb7a-4dc3-b19f-c8c3ed413f99/3241d123-ede3-4469-a674-f6d7b2d63127"],
                  saveInto: ri!maintenance[#"urn:appian:record-field:v1:51427fd6-eb7a-4dc3-b19f-c8c3ed413f99/3241d123-ede3-4469-a674-f6d7b2d63127"],
                  refreshAfter: "UNFOCUS",
                  required: true,
                  validations: {}
                ),
                #"SYSTEM_SYSRULES_pickerFieldUsers"(
                  label: "Assign To",
                  labelPosition: "ABOVE",
                  maxSelections: 1,
                  groupFilter: #"_a-0000ea57-d5bf-8000-9bb3-011c48011c48_113331",
                  value: ri!maintenance[#"urn:appian:record-field:v1:51427fd6-eb7a-4dc3-b19f-c8c3ed413f99/9d3d23eb-d866-455b-a7e9-ce41ca868470"],
                  saveInto: ri!maintenance[#"urn:appian:record-field:v1:51427fd6-eb7a-4dc3-b19f-c8c3ed413f99/9d3d23eb-d866-455b-a7e9-ce41ca868470"],
                  showWhen: #"urn:appian:function:v1:a:isusermemberofgroup?okey=a!isUserMemberOfGroup"(
                    loggedInUser(),
                    #"_a-0000ea57-d5bf-8000-9bb3-011c48011c48_113319"
                  ),
                  required: true,
                  validations: {}
                )
              }
            ),
            #"SYSTEM_SYSRULES_columnLayout"(
              contents: {
                #"SYSTEM_SYSRULES_paragraphField"(
                  label: "Issue",
                  labelPosition: "ABOVE",
                  value: ri!maintenance[#"urn:appian:record-field:v1:51427fd6-eb7a-4dc3-b19f-c8c3ed413f99/d2f46328-3873-44e7-818c-70538a88557b"],
                  saveInto: ri!maintenance[#"urn:appian:record-field:v1:51427fd6-eb7a-4dc3-b19f-c8c3ed413f99/d2f46328-3873-44e7-818c-70538a88557b"],
                  refreshAfter: "UNFOCUS",
                  height: "MEDIUM",
                  required: true,
                  validations: {}
                )
              }
            )
          }
        )
      }
    )
  },
  buttons: #"SYSTEM_SYSRULES_ButtonLayout"(
    primaryButtons: {
      #"SYSTEM_SYSRULES_ButtonWidget"(
        label: "Submit",
        saveInto: {
          a!save(
          target: {                                 
            ri!maintenance[#"urn:appian:record-field:v1:51427fd6-eb7a-4dc3-b19f-c8c3ed413f99/edda1683-7684-4b70-b374-01f8d46aca26"]},
          value: {
            loggedInUser()
          }
          ),
          a!save(
            target: ri!cancel,
            value: false()
          ),
          a!save(
            target: ri!maintenance[#"urn:appian:record-field:v1:51427fd6-eb7a-4dc3-b19f-c8c3ed413f99/f31ded75-e511-44f1-9b0b-04ac6fb6d91a"],
            value: ri!vehicle[#"urn:appian:record-field:v1:adc51301-a486-48d0-8ed6-932118db7c24/b52b6036-1348-4061-ab79-11bf82018c93"]
          ),
          a!save(
            target: ri!maintenance[#"urn:appian:record-relationship:v1:51427fd6-eb7a-4dc3-b19f-c8c3ed413f99/0a0c6bbc-a292-4ed5-b030-48685f342d19"],
            value: ri!vehicle
          )
        },
        submit: true,
        style: "PRIMARY"
      )
    },
    secondaryButtons: {
      #"SYSTEM_SYSRULES_ButtonWidget"(
        label: "Cancel",
        value: true,
        saveInto: ri!cancel,
        submit: true,
        style: "NORMAL",
        validate: false
      )
    }
  )
)</definition>
        <namedTypedValue>
            <name>cancel</name>
            <type>
                <name>boolean</name>
                <namespace>http://www.w3.org/2001/XMLSchema</namespace>
            </type>
        </namedTypedValue>
        <namedTypedValue>
            <name>vehicle</name>
            <type>
                <name>adc51301-a486-48d0-8ed6-932118db7c24</name>
                <namespace>urn:com:appian:recordtype:datatype</namespace>
            </type>
        </namedTypedValue>
        <namedTypedValue>
            <name>maintenance</name>
            <type>
                <name>51427fd6-eb7a-4dc3-b19f-c8c3ed413f99</name>
                <namespace>urn:com:appian:recordtype:datatype</namespace>
            </type>
        </namedTypedValue>
        <preferredEditor>interface</preferredEditor>
        <offlineEnabled>false</offlineEnabled>
        <isCustom>false</isCustom>
    </interface>
    <roleMap public="true">
        <role inherit="true" allowForAll="false" name="readers">
            <users/>
            <groups/>
        </role>
        <role inherit="true" allowForAll="false" name="authors">
            <users/>
            <groups/>
        </role>
        <role inherit="true" allowForAll="false" name="administrators">
            <users/>
            <groups/>
        </role>
        <role inherit="false" allowForAll="false" name="denyReaders">
            <users/>
            <groups/>
        </role>
        <role inherit="false" allowForAll="false" name="denyAuthors">
            <users/>
            <groups/>
        </role>
        <role inherit="false" allowForAll="false" name="denyAdministrators">
            <users/>
            <groups/>
        </role>
    </roleMap>
    <typedValue>
        <type>
            <name>RuleTestConfig?list</name>
            <namespace>http://www.appian.com/ae/types/2009</namespace>
        </type>
        <value>
            <el>
                <a:name/>
                <a:ruleInputTestConfigs>
                    <a:value xmlns:xsd="http://www.w3.org/2001/XMLSchema" xmlns:xsi="http://www.w3.org/2001/XMLSchema-instance" xsi:nil="true" xsi:type="xsd:boolean"/>
                    <a:nameRef>cancel</a:nameRef>
                    <a:id>1</a:id>
                </a:ruleInputTestConfigs>
                <a:ruleInputTestConfigs>
                    <a:value xmlns:xsi="http://www.w3.org/2001/XMLSchema-instance" xsi:type="a:Expression">null</a:value>
                    <a:nameRef>vehicle</a:nameRef>
                    <a:id>2</a:id>
                </a:ruleInputTestConfigs>
                <a:ruleInputTestConfigs>
                    <a:value xmlns:xsi="http://www.w3.org/2001/XMLSchema-instance" xsi:type="a:Expression">null</a:value>
                    <a:nameRef>maintenance</a:nameRef>
                    <a:id>3</a:id>
                </a:ruleInputTestConfigs>
                <a:assertions xmlns:xsi="http://www.w3.org/2001/XMLSchema-instance" xsi:nil="true"/>
            </el>
        </value>
    </typedValue>
    <history>
        <historyInfo versionUuid="_a-0000ea57-d5bf-8000-9bb3-011c48011c48_125510"/>
    </history>
</contentHaul>
