<?xml version="1.0" encoding="UTF-8" standalone="yes"?>
<contentHaul xmlns:a="http://www.appian.com/ae/types/2009">
    <versionUuid>_a-0000ea57-d5bf-8000-9bb3-011c48011c48_128400</versionUuid>
    <interface>
        <name>RDAA_VehicleDrillableChart</name>
        <uuid>_a-0000ea57-d5bf-8000-9bb3-011c48011c48_128207</uuid>
        <description>An interface with the drillable bar chart of vehicles by make</description>
        <parentUuid>_a-0000ea32-688e-8000-9bb1-011c48011c48_112487</parentUuid>
        <visibility>
            <advertise>false</advertise>
            <hierarchy>true</hierarchy>
            <indexable>true</indexable>
            <quota>false</quota>
            <searchable>true</searchable>
            <system>false</system>
            <unlogged>false</unlogged>
        </visibility>
        <definition>{
  #"SYSTEM_SYSRULES_barChartField_v1"(
    data: #"SYSTEM_SYSRULES_recordData"(
      recordType: #"urn:appian:record-type:v1:adc51301-a486-48d0-8ed6-932118db7c24",
      filters: #"SYSTEM_SYSRULES_queryLogicalExpression"(
        operator: "AND",
        filters: {
          #"SYSTEM_SYSRULES_queryFilter"(
            field: #"urn:appian:record-field:v1:adc51301-a486-48d0-8ed6-932118db7c24/4fd1b12b-2290-4dfb-ac18-d49eaec134b6",
            operator: "in",
            value: #"_a-0000ea57-d5bf-8000-9bb3-011c48011c48_128075"(30)
          ),
          #"SYSTEM_SYSRULES_queryFilter"(
            field: #"urn:appian:record-field:v1:adc51301-a486-48d0-8ed6-932118db7c24/4fd1b12b-2290-4dfb-ac18-d49eaec134b6",
            operator: "&lt;&gt;",
            value: "AUDI"
          ),
          #"SYSTEM_SYSRULES_queryFilter"(
            field: #"urn:appian:record-field:v1:adc51301-a486-48d0-8ed6-932118db7c24/4fd1b12b-2290-4dfb-ac18-d49eaec134b6",
            operator: "&lt;&gt;",
            value: "audi"
          ),
          #"SYSTEM_SYSRULES_queryFilter"(
            field: #"urn:appian:record-field:v1:adc51301-a486-48d0-8ed6-932118db7c24/4fd1b12b-2290-4dfb-ac18-d49eaec134b6",
            operator: "&lt;&gt;",
            value: "bmw"
          ),
          #"SYSTEM_SYSRULES_queryFilter"(
            field: #"urn:appian:record-field:v1:adc51301-a486-48d0-8ed6-932118db7c24/196baed1-3770-4f31-be3d-006bbd4ae265",
            operator: "&lt;&gt;",
            value: "[Series 1]"
          ),
          #"SYSTEM_SYSRULES_queryFilter"(
            field: #"urn:appian:record-field:v1:adc51301-a486-48d0-8ed6-932118db7c24/4fd1b12b-2290-4dfb-ac18-d49eaec134b6",
            operator: "&lt;&gt;",
            value: "BMW"
          ),
          #"SYSTEM_SYSRULES_queryFilter"(
            field: #"urn:appian:record-field:v1:adc51301-a486-48d0-8ed6-932118db7c24/4fd1b12b-2290-4dfb-ac18-d49eaec134b6",
            operator: "&lt;&gt;",
            value: "honda"
          ),
          #"SYSTEM_SYSRULES_queryFilter"(
            field: #"urn:appian:record-field:v1:adc51301-a486-48d0-8ed6-932118db7c24/4fd1b12b-2290-4dfb-ac18-d49eaec134b6",
            operator: "&lt;&gt;",
            value: "hyundai"
          )
        },
        ignoreFiltersWithEmptyValues: true
      )
    ),
    config: #"SYSTEM_SYSRULES_barChartConfig"(
      primaryGrouping: #"SYSTEM_SYSRULES_grouping"(
        field: #"urn:appian:record-field:v1:adc51301-a486-48d0-8ed6-932118db7c24/4fd1b12b-2290-4dfb-ac18-d49eaec134b6",
        alias: "make_primaryGrouping"
      ),
      measures: {
        #"SYSTEM_SYSRULES_measure"(
          function: "COUNT",
          field: #"urn:appian:record-field:v1:adc51301-a486-48d0-8ed6-932118db7c24/b52b6036-1348-4061-ab79-11bf82018c93",
          alias: "vehicleId_count_measure1"
        )
      },
      sort: {
        #"SYSTEM_SYSRULES_sortInfo"(
          field: "vehicleId_count_measure1"
        )
      },
      dataLimit: 50,
      link: #"SYSTEM_SYSRULES_dynamicLink"(
        label: "Make",
        value: fv!selection.make_primaryGrouping,
        saveInto: ri!make /* insert variable to save into */
      )
    ),
    label: "Vehicles by Make",
    labelPosition: "ABOVE",
    instructions: "To view the list of vehicles by make, click the corresponding bar",
    stacking: "NONE",
    showLegend: true,
    showDataLabels: true,
    showTooltips: true,
    colorScheme: "MIDNIGHT",
    height: "MEDIUM",
    xAxisStyle: "STANDARD",
    yAxisStyle: "STANDARD",
    refreshAfter: "RECORD_ACTION"
  ),
  #"SYSTEM_SYSRULES_gridField_v1"(
    label: "",
    labelPosition: "ABOVE",
    data: #"SYSTEM_SYSRULES_recordData"(
      recordType: #"urn:appian:record-type:v1:adc51301-a486-48d0-8ed6-932118db7c24",
      filters: #"SYSTEM_SYSRULES_queryLogicalExpression"(
        operator: "AND",
        filters: {
          #"SYSTEM_SYSRULES_queryFilter"(
            field: #"urn:appian:record-field:v1:adc51301-a486-48d0-8ed6-932118db7c24/4fd1b12b-2290-4dfb-ac18-d49eaec134b6",
            operator: "=",
            value: ri!make
          )
        },
        ignoreFiltersWithEmptyValues: true
      )
    ),
    columns: {
      #"SYSTEM_SYSRULES_gridColumn"(
        label: "Vin",
        sortField: #"urn:appian:record-field:v1:adc51301-a486-48d0-8ed6-932118db7c24/dbb51139-0f6f-461c-9908-a7e557757fe6",
        value: #"SYSTEM_SYSRULES_linkField"(
          links: {
            #"SYSTEM_SYSRULES_recordLink"(
              label: fv!row[#"urn:appian:record-field:v1:adc51301-a486-48d0-8ed6-932118db7c24/dbb51139-0f6f-461c-9908-a7e557757fe6"],
              recordType: #"urn:appian:record-type:v1:adc51301-a486-48d0-8ed6-932118db7c24",
              identifier: fv!identifier
            )
          }
        )
      ),
      #"SYSTEM_SYSRULES_gridColumn"(
        label: "Make",
        sortField: #"urn:appian:record-field:v1:adc51301-a486-48d0-8ed6-932118db7c24/4fd1b12b-2290-4dfb-ac18-d49eaec134b6",
        value: fv!row[#"urn:appian:record-field:v1:adc51301-a486-48d0-8ed6-932118db7c24/4fd1b12b-2290-4dfb-ac18-d49eaec134b6"]
      ),
      #"SYSTEM_SYSRULES_gridColumn"(
        label: "Model",
        sortField: #"urn:appian:record-field:v1:adc51301-a486-48d0-8ed6-932118db7c24/37217b1e-8cb5-4fd6-97a3-8598a869c72d",
        value: fv!row[#"urn:appian:record-field:v1:adc51301-a486-48d0-8ed6-932118db7c24/37217b1e-8cb5-4fd6-97a3-8598a869c72d"]
      ),
      #"SYSTEM_SYSRULES_gridColumn"(
        label: "Year Built",
        sortField: #"urn:appian:record-field:v1:adc51301-a486-48d0-8ed6-932118db7c24/3e4b5676-f32e-4e10-a077-c5c2a6de9494",
        value: fv!row[#"urn:appian:record-field:v1:adc51301-a486-48d0-8ed6-932118db7c24/3e4b5676-f32e-4e10-a077-c5c2a6de9494"],
        align: "END"
      ),
      #"SYSTEM_SYSRULES_gridColumn"(
        label: "Mileage",
        sortField: #"urn:appian:record-field:v1:adc51301-a486-48d0-8ed6-932118db7c24/96f96970-f39f-4b6f-ba1a-40f9f52df54c",
        value: fv!row[#"urn:appian:record-field:v1:adc51301-a486-48d0-8ed6-932118db7c24/96f96970-f39f-4b6f-ba1a-40f9f52df54c"],
        align: "END"
      ),
      #"SYSTEM_SYSRULES_gridColumn"(
        label: "Is Available",
        sortField: #"urn:appian:record-field:v1:adc51301-a486-48d0-8ed6-932118db7c24/2e092d3c-7b41-4424-8975-851ee1326339",
        value: fv!row[#"urn:appian:record-field:v1:adc51301-a486-48d0-8ed6-932118db7c24/2e092d3c-7b41-4424-8975-851ee1326339"]
      ),
      #"SYSTEM_SYSRULES_gridColumn"(
        label: "Color",
        sortField: #"urn:appian:record-field:v1:adc51301-a486-48d0-8ed6-932118db7c24/5ac69f02-f33b-4bda-a9fe-c531ed6c49a5",
        value: fv!row[#"urn:appian:record-field:v1:adc51301-a486-48d0-8ed6-932118db7c24/5ac69f02-f33b-4bda-a9fe-c531ed6c49a5"]
      ),
      #"SYSTEM_SYSRULES_gridColumn"(
        label: "Mileage Category",
        sortField: #"urn:appian:record-field:v1:adc51301-a486-48d0-8ed6-932118db7c24/8daf352d-acd0-4181-881c-e4a006db2728",
        value: fv!row[#"urn:appian:record-field:v1:adc51301-a486-48d0-8ed6-932118db7c24/8daf352d-acd0-4181-881c-e4a006db2728"],
        align: "START"
      ),
      #"SYSTEM_SYSRULES_gridColumn"(
        label: "Maintenance ID count",
        sortField: #"urn:appian:record-field:v1:adc51301-a486-48d0-8ed6-932118db7c24/78196efd-9bdd-47d0-af35-dede59f7990f",
        value: #"SYSTEM_SYSRULES_linkField"(
          links: #"SYSTEM_SYSRULES_recordLink"(
            label: fv!row[#"urn:appian:record-field:v1:adc51301-a486-48d0-8ed6-932118db7c24/471085b1-3896-44d0-aade-289164a5b0cc"],
            recordType: #"urn:appian:record-type:v1:adc51301-a486-48d0-8ed6-932118db7c24",
            identifier: fv!identifier
          )
        ),
        align: "START"
      )
    },
    showWhen: a!isNotNullOrEmpty(ri!make),
    selectable: false,
    validations: {},
    height: "MEDIUM",
    borderStyle: "LIGHT",
    refreshAfter: "RECORD_ACTION",
    showSearchBox: false,
    showRefreshButton: false,
    recordActions: {}
  )
}</definition>
        <namedTypedValue>
            <name>make</name>
            <type>
                <name>string</name>
                <namespace>http://www.w3.org/2001/XMLSchema</namespace>
            </type>
            <value/>
        </namedTypedValue>
        <preferredEditor>interface</preferredEditor>
        <offlineEnabled>false</offlineEnabled>
        <isCustom>false</isCustom>
    </interface>
    <roleMap public="true">
        <role inherit="true" allowForAll="false" name="readers">
            <users/>
            <groups/>
        </role>
        <role inherit="true" allowForAll="false" name="authors">
            <users/>
            <groups/>
        </role>
        <role inherit="true" allowForAll="false" name="administrators">
            <users/>
            <groups/>
        </role>
        <role inherit="false" allowForAll="false" name="denyReaders">
            <users/>
            <groups/>
        </role>
        <role inherit="false" allowForAll="false" name="denyAuthors">
            <users/>
            <groups/>
        </role>
        <role inherit="false" allowForAll="false" name="denyAdministrators">
            <users/>
            <groups/>
        </role>
    </roleMap>
    <history>
        <historyInfo versionUuid="_a-0000ea57-d5bf-8000-9bb3-011c48011c48_128400"/>
    </history>
</contentHaul>
