<?xml version="1.0" encoding="UTF-8"?>
<siteHaul xmlns:a="http://www.appian.com/ae/types/2009" xmlns:xsi="http://www.w3.org/2001/XMLSchema-instance">
  <versionUuid>1d3d37a3-8937-4189-9553-511b7f76c37f</versionUuid>
  <site a:uuid="7a42842b-a827-491c-b121-de0585589cb0" name="AIA Acme IT Application">
    <description/>
    <urlStub>acme-it-application</urlStub>
    <page a:uuid="e3327384-847f-4670-aebf-c31d86791df2">
      <staticName>IT Central</staticName>
      <description/>
      <urlStub>it-central</urlStub>
      <uiObject a:uuid="_a-0000eab3-f57a-8000-9bb4-011c48011c48_135464" xsi:type="a:ContentFreeformRule"/>
      <iconId>f42f</iconId>
      <visibilityExpr>fn!true()</visibilityExpr>
      <pageWidth>WIDE</pageWidth>
    </page>
    <page a:uuid="47c0787c-29eb-4672-abe5-b42b9d7dbd11">
      <staticName>Asset Management</staticName>
      <description/>
      <urlStub>asset</urlStub>
      <uiObject a:uuid="c7c1accb-c59c-45e7-9b38-59d598c6a3de" xsi:type="a:RecordType"/>
      <iconId>f42e</iconId>
      <visibilityExpr>#"urn:appian:function:v1:a:isusermemberofgroup?okey=a!isUserMemberOfGroup"(
  loggedInUser(),
  #"_a-0000eab3-f57a-8000-9bb4-011c48011c48_133846"
)</visibilityExpr>
      <pageWidth>WIDE</pageWidth>
    </page>
    <page a:uuid="8b62da90-6b19-4199-8355-1073c3f14ec2">
      <staticName>Request Management</staticName>
      <description/>
      <urlStub>request-management</urlStub>
      <uiObject a:uuid="_a-0000eab3-f57a-8000-9bb4-011c48011c48_140996" xsi:type="a:ContentFreeformRule"/>
      <iconId>f43f</iconId>
      <visibilityExpr>fn!true()</visibilityExpr>
      <pageWidth>WIDE</pageWidth>
    </page>
    <page a:uuid="a5cf722c-e080-4146-b664-5e959dcd0194">
      <staticName>IT Metrics</staticName>
      <description/>
      <urlStub>it-metrics</urlStub>
      <uiObject a:uuid="185df842-4b75-4fd8-8cb8-edefdd03b55a" xsi:type="a:TempoReport"/>
      <iconId>f016</iconId>
      <visibilityExpr>fn!true()</visibilityExpr>
      <pageWidth>WIDE</pageWidth>
    </page>
    <visibility>268435456</visibility>
    <faviconRef a:uuid="SYSTEM_CONTENT_SITES_DEFAULT_FAVICON" xsi:type="a:CollaborationDocument"/>
    <logoRef a:uuid="SYSTEM_CONTENT_SITES_DEFAULT_LOGO" xsi:type="a:CollaborationDocument"/>
    <showName>false</showName>
    <tempoLinkVisibility>HIDDEN</tempoLinkVisibility>
    <showRecordNews>true</showRecordNews>
    <tasksInSitesVisibility>HIDDEN</tasksInSitesVisibility>
    <buttonShape>SQUARED</buttonShape>
    <navigationBarStyle>STYLE1</navigationBarStyle>
    <inputShape>SQUARED</inputShape>
    <isSystem>false</isSystem>
    <displayName>ACME IT Application</displayName>
    <isStaticDisplayName>true</isStaticDisplayName>
  </site>
  <roleMap>
    <role name="site_administrator">
      <users/>
      <groups>
        <groupUuid>_e-0000eab3-f57a-8000-9b01-01075c01075c_3410</groupUuid>
      </groups>
    </role>
    <role name="site_viewer">
      <users/>
      <groups>
        <groupUuid>_e-0000eab3-f57a-8000-9b01-01075c01075c_3408</groupUuid>
      </groups>
    </role>
  </roleMap>
  <history>
    <historyInfo versionUuid="1d3d37a3-8937-4189-9553-511b7f76c37f"/>
  </history>
</siteHaul>
