<?xml version="1.0" encoding="UTF-8" standalone="yes"?>
<dataStoreHaul xmlns:a="http://www.appian.com/ae/types/2009">
    <versionUuid>_a-0000ea57-d5bf-8000-9bb3-011c48011c48_124983</versionUuid>
    <dataStore>
        <uuid>_a-0000ea57-d5bf-8000-9bb3-011c48011c48_118103</uuid>
        <name>RDAA Data Store</name>
        <description></description>
        <dataSourceKey>jdbc/Appian</dataSourceKey>
        <adaptingExplicitSqlNames>false</adaptingExplicitSqlNames>
        <autoUpdateSchema>false</autoUpdateSchema>
        <entities>
            <entity>
                <uuid>0974bc85-71d8-4353-bcc6-109525be56f0</uuid>
                <name>RDAA_B2C_Vehicle</name>
                <type>{urn:com:appian:types:RDAA}RDAA_B2C_Vehicle</type>
            </entity>
            <entity>
                <uuid>d425469d-721d-4a7f-88f9-60476fc9bd75</uuid>
                <name>student</name>
                <type>{urn:com:appian:types:RDAA}RDAA_Student</type>
            </entity>
            <entity>
                <uuid>4dc29ff9-2778-4f16-90e6-9882f9b18e48</uuid>
                <name>maintenance</name>
                <type>{urn:com:appian:types:RDAA}RDAA_AA_MAINTENANCE</type>
            </entity>
        </entities>
    </dataStore>
    <isPublished>true</isPublished>
    <roleMap>
        <role inherit="false" allowForAll="false" name="administrators">
            <users/>
            <groups>
                <groupUuid>_e-0000ea32-688e-8000-9afe-01075c01075c_2837</groupUuid>
            </groups>
        </role>
        <role inherit="false" allowForAll="false" name="authors">
            <users/>
            <groups/>
        </role>
        <role inherit="false" allowForAll="false" name="denyAdministrators">
            <users/>
            <groups/>
        </role>
        <role inherit="false" allowForAll="false" name="denyAuthors">
            <users/>
            <groups/>
        </role>
        <role inherit="false" allowForAll="false" name="denyReaders">
            <users/>
            <groups/>
        </role>
        <role inherit="false" allowForAll="false" name="readers">
            <users/>
            <groups>
                <groupUuid>_e-0000ea32-688e-8000-9afe-01075c01075c_2835</groupUuid>
            </groups>
        </role>
    </roleMap>
    <history>
        <historyInfo versionUuid="_a-0000ea57-d5bf-8000-9bb3-011c48011c48_124983"/>
    </history>
</dataStoreHaul>
