<?xml version="1.0" encoding="UTF-8" standalone="yes"?>
<processModelFolderHaul xmlns:a="http://www.appian.com/ae/types/2009">
    <versionUuid>_g-0000ea32-688e-8000-0d67-7f0000014e7a_667</versionUuid>
    <processModelFolder>
        <name>RDAA Process Model Folder</name>
        <uuid>_g-0000ea32-688e-8000-0d67-7f0000014e7a_665</uuid>
        <description>A Folder for all the process models of the application</description>
    </processModelFolder>
    <roleMap>
        <role name="ADMIN_OWNER">
            <users/>
            <groups>
                <groupUuid>_e-0000ea32-688e-8000-9afe-01075c01075c_2837</groupUuid>
            </groups>
        </role>
        <role name="EDITOR">
            <users/>
            <groups/>
        </role>
        <role name="EXPLICIT_NONMEMBER">
            <users/>
            <groups/>
        </role>
        <role name="VIEWER">
            <users/>
            <groups>
                <groupUuid>_e-0000ea32-688e-8000-9afe-01075c01075c_2835</groupUuid>
            </groups>
        </role>
        <role name="MANAGER">
            <users/>
            <groups/>
        </role>
        <role name="INITIATOR">
            <users/>
            <groups/>
        </role>
    </roleMap>
    <history>
        <historyInfo versionUuid="_g-0000ea32-688e-8000-0d67-7f0000014e7a_667"/>
    </history>
</processModelFolderHaul>
