<?xml version="1.0" encoding="UTF-8" standalone="yes"?>
<tempoReportHaul xmlns:a="http://www.appian.com/ae/types/2009">
    <versionUuid>a23af5fd-f9ee-424c-aa2a-10b9e11fd930</versionUuid>
    <tempoReport a:uuid="185df842-4b75-4fd8-8cb8-edefdd03b55a" name="IT Metrics">
        <a:description>A Report for IT Metrics</a:description>
        <a:uiExpr>=#"_a-0000eac6-85bc-8000-9bb6-011c48011c48_177528"()</a:uiExpr>
        <a:urlStub>Nkqslw</a:urlStub>
    </tempoReport>
    <roleMap>
        <role name="report_administrator">
            <users/>
            <groups>
                <groupUuid>_e-0000eab3-f57a-8000-9b01-01075c01075c_3410</groupUuid>
            </groups>
        </role>
        <role name="report_viewer">
            <users/>
            <groups>
                <groupUuid>_e-0000eab3-f57a-8000-9b01-01075c01075c_3408</groupUuid>
            </groups>
        </role>
    </roleMap>
    <history>
        <historyInfo versionUuid="a23af5fd-f9ee-424c-aa2a-10b9e11fd930"/>
    </history>
</tempoReportHaul>
