<?xml version="1.0" encoding="UTF-8" standalone="yes"?>
<dataStoreHaul xmlns:a="http://www.appian.com/ae/types/2009">
    <versionUuid>_a-0000eab3-f57a-8000-9bb4-011c48011c48_133800</versionUuid>
    <dataStore>
        <uuid>_a-0000eab3-f57a-8000-9bb4-011c48011c48_133579</uuid>
        <name>AIA Data Store</name>
        <description></description>
        <dataSourceKey>jdbc/Appian</dataSourceKey>
        <adaptingExplicitSqlNames>false</adaptingExplicitSqlNames>
        <autoUpdateSchema>false</autoUpdateSchema>
        <entities>
            <entity>
                <uuid>107907aa-9b86-4976-a444-8d7105861870</uuid>
                <name>asset</name>
                <type>{urn:com:appian:types:AIA}AIA_Asset</type>
            </entity>
        </entities>
    </dataStore>
    <isPublished>true</isPublished>
    <roleMap>
        <role inherit="false" allowForAll="false" name="administrators">
            <users/>
            <groups>
                <groupUuid>_e-0000eab3-f57a-8000-9b01-01075c01075c_3410</groupUuid>
            </groups>
        </role>
        <role inherit="false" allowForAll="false" name="authors">
            <users/>
            <groups/>
        </role>
        <role inherit="false" allowForAll="false" name="denyAdministrators">
            <users/>
            <groups/>
        </role>
        <role inherit="false" allowForAll="false" name="denyAuthors">
            <users/>
            <groups/>
        </role>
        <role inherit="false" allowForAll="false" name="denyReaders">
            <users/>
            <groups/>
        </role>
        <role inherit="false" allowForAll="false" name="readers">
            <users/>
            <groups>
                <groupUuid>_e-0000eab3-f57a-8000-9b01-01075c01075c_3408</groupUuid>
            </groups>
        </role>
    </roleMap>
    <history>
        <historyInfo versionUuid="_a-0000eab3-f57a-8000-9bb4-011c48011c48_133800"/>
    </history>
</dataStoreHaul>
