<?xml version="1.0" encoding="UTF-8" standalone="yes"?>
<tempoReportHaul xmlns:a="http://www.appian.com/ae/types/2009">
    <versionUuid>4b18c793-6c0d-481b-aa9c-d487f68b6de3</versionUuid>
    <tempoReport a:uuid="351155d0-63e2-41e5-8ee1-7a187b770f7a" name="MaintenanceReport">
        <a:description></a:description>
        <a:uiExpr>=#"_a-0000ea57-d5bf-8000-9bb3-011c48011c48_128415"()</a:uiExpr>
        <a:urlStub>CVmpeQ</a:urlStub>
    </tempoReport>
    <roleMap>
        <role name="report_administrator">
            <users/>
            <groups>
                <groupUuid>_e-0000ea32-688e-8000-9afe-01075c01075c_2837</groupUuid>
            </groups>
        </role>
        <role name="report_viewer">
            <users/>
            <groups>
                <groupUuid>_e-0000ea32-688e-8000-9afe-01075c01075c_2835</groupUuid>
            </groups>
        </role>
    </roleMap>
    <history>
        <historyInfo versionUuid="4b18c793-6c0d-481b-aa9c-d487f68b6de3"/>
    </history>
</tempoReportHaul>
