<?xml version="1.0" encoding="UTF-8" standalone="yes"?>
<contentHaul xmlns:a="http://www.appian.com/ae/types/2009">
    <versionUuid>_a-0000eab3-f57a-8000-9bb4-011c48011c48_140851</versionUuid>
    <rule>
        <name>AIA_GetRequestById</name>
        <uuid>44258e1d-9ce0-4323-9207-3a948674c544</uuid>
        <description>Rule to return a single Request for a given Id</description>
        <parentUuid>281348e4-9a9a-4870-8f9e-bc467897dc51</parentUuid>
        <visibility>
            <advertise>false</advertise>
            <hierarchy>true</hierarchy>
            <indexable>true</indexable>
            <quota>false</quota>
            <searchable>true</searchable>
            <system>false</system>
            <unlogged>false</unlogged>
        </visibility>
        <definition>index(
  #"SYSTEM_SYSRULES_queryRecordType_v1"(
    recordType: #"urn:appian:record-type:v1:3e4325eb-73c5-4416-b649-eba17aedeea6",
    fields: {
      #"urn:appian:record-relationship:v1:3e4325eb-73c5-4416-b649-eba17aedeea6/74be2dcf-8099-44de-bf0c-6d3b17aa33a7",
      #"urn:appian:record-relationship:v1:3e4325eb-73c5-4416-b649-eba17aedeea6/72714fd8-80e7-4988-bcea-126cc470f307",
      #"urn:appian:record-relationship:v1:3e4325eb-73c5-4416-b649-eba17aedeea6/55380c04-8e05-4a6a-8c74-833472ffebe9",
      #"urn:appian:record-relationship:v1:3e4325eb-73c5-4416-b649-eba17aedeea6/953c3336-9c0d-4466-8d36-588d86aa4350",
      #"urn:appian:record-relationship:v1:3e4325eb-73c5-4416-b649-eba17aedeea6/e76640e8-1b81-42d4-a809-e87f41e7a94b"
    },
    filters: #"SYSTEM_SYSRULES_queryLogicalExpression"(
      operator: "AND",
      filters: #"SYSTEM_SYSRULES_queryFilter"(
        field: #"urn:appian:record-field:v1:3e4325eb-73c5-4416-b649-eba17aedeea6/85fb41e2-6a2a-4b43-bb6e-edbbd98d5267",
        operator: "=",
        value: ri!id
      ),
      ignoreFiltersWithEmptyValues: true
    ),
    pagingInfo: #"SYSTEM_SYSRULES_pagingInfo"(startIndex: 1, batchSize: 1)
  ).data,
1,
  cast(
    #"urn:appian:record-type:v1:3e4325eb-73c5-4416-b649-eba17aedeea6",
    null
  )
)</definition>
        <namedTypedValue>
            <name>id</name>
            <type>
                <name>int</name>
                <namespace>http://www.w3.org/2001/XMLSchema</namespace>
            </type>
        </namedTypedValue>
        <preferredEditor>legacy</preferredEditor>
        <offlineEnabled>false</offlineEnabled>
    </rule>
    <roleMap public="true">
        <role inherit="true" allowForAll="false" name="readers">
            <users/>
            <groups/>
        </role>
        <role inherit="true" allowForAll="false" name="authors">
            <users/>
            <groups/>
        </role>
        <role inherit="true" allowForAll="false" name="administrators">
            <users/>
            <groups/>
        </role>
        <role inherit="false" allowForAll="false" name="denyReaders">
            <users/>
            <groups/>
        </role>
        <role inherit="false" allowForAll="false" name="denyAuthors">
            <users/>
            <groups/>
        </role>
        <role inherit="false" allowForAll="false" name="denyAdministrators">
            <users/>
            <groups/>
        </role>
    </roleMap>
    <history>
        <historyInfo versionUuid="44258e1d-9ce0-4323-9207-3a948674c544"/>
        <historyInfo versionUuid="_a-0000eab3-f57a-8000-9bb4-011c48011c48_140851"/>
    </history>
</contentHaul>
