<?xml version="1.0" encoding="UTF-8" standalone="yes"?>
<contentHaul xmlns:a="http://www.appian.com/ae/types/2009">
    <versionUuid>_a-0000eab3-f57a-8000-9bb4-011c48011c48_140867</versionUuid>
    <interface>
        <name>AIA_RequestSummary</name>
        <uuid>802b3d81-9abe-44d8-8123-f328604b4864</uuid>
        <description>The interface used for your record view</description>
        <parentUuid>281348e4-9a9a-4870-8f9e-bc467897dc51</parentUuid>
        <visibility>
            <advertise>false</advertise>
            <hierarchy>true</hierarchy>
            <indexable>true</indexable>
            <quota>false</quota>
            <searchable>true</searchable>
            <system>false</system>
            <unlogged>false</unlogged>
        </visibility>
        <definition>{
  #"SYSTEM_SYSRULES_sectionLayout_v1"(
    label: "Request Details",
    labelSize: "MEDIUM",
    labelHeadingTag: "H2",
    labelColor: "STANDARD",
    contents: {
      #"SYSTEM_SYSRULES_columnsLayout"(
        columns: {
          #"SYSTEM_SYSRULES_columnLayout"(
            contents: {
              #"SYSTEM_SYSRULES_textField"(
                label: "Category",
                labelPosition: "JUSTIFIED",
                value: a!defaultValue(
                  if(
                    isnull(
                      ri!record[#"urn:appian:record-field:v1:3e4325eb-73c5-4416-b649-eba17aedeea6/037399b2-09d8-4c19-9e5f-64a837527d80"]
                    ),
                    "–",
                    index(
                      #"SYSTEM_SYSRULES_queryRecordType_v1"(
                        recordType: #"urn:appian:record-type:v1:f962a883-1c2a-430d-8c15-ade21c0db7b0",
                        fields: #"urn:appian:record-field:v1:f962a883-1c2a-430d-8c15-ade21c0db7b0/3d1ac929-cfe3-4731-bb0c-5869e9f3a81e",
                        pagingInfo: #"SYSTEM_SYSRULES_pagingInfo"(startIndex: 1, batchSize: 1),
                        filters: #"SYSTEM_SYSRULES_queryFilter"(
                          field: #"urn:appian:record-field:v1:f962a883-1c2a-430d-8c15-ade21c0db7b0/d9fea322-da87-4501-ba19-97a87154d150",
                          operator: "=",
                          value: ri!record[#"urn:appian:record-field:v1:3e4325eb-73c5-4416-b649-eba17aedeea6/037399b2-09d8-4c19-9e5f-64a837527d80"]
                        )
                      ).data,
                      1,
                      #"urn:appian:record-field:v1:f962a883-1c2a-430d-8c15-ade21c0db7b0/3d1ac929-cfe3-4731-bb0c-5869e9f3a81e",
                      null
                    )
                  ),
                  "–"
                ),
                readOnly: true
              ),
              #"SYSTEM_SYSRULES_textField"(
                label: "Asset",
                labelPosition: "JUSTIFIED",
                value: a!defaultValue(
                  ri!record[#"urn:appian:record-field:v1:3e4325eb-73c5-4416-b649-eba17aedeea6/74be2dcf-8099-44de-bf0c-6d3b17aa33a7/2e296317-d105-4264-a22f-ca278233e854"] ,
                  "–"
                ),
                showWhen: ri!record[#"urn:appian:record-field:v1:3e4325eb-73c5-4416-b649-eba17aedeea6/037399b2-09d8-4c19-9e5f-64a837527d80"]=1,
                readOnly: true
              ),
              #"SYSTEM_SYSRULES_textField"(
                label: "Asset Type",
                labelPosition: "JUSTIFIED",
                value: ri!record[#"urn:appian:record-field:v1:3e4325eb-73c5-4416-b649-eba17aedeea6/72714fd8-80e7-4988-bcea-126cc470f307/769429c2-1d5e-454f-b2fa-14bb2844c814"],
                showWhen: ri!record[#"urn:appian:record-field:v1:3e4325eb-73c5-4416-b649-eba17aedeea6/037399b2-09d8-4c19-9e5f-64a837527d80"]=2,
                readOnly: true
              ),
              #"SYSTEM_SYSRULES_textField"(
                label: "Priority",
                labelPosition: "JUSTIFIED",
                value: a!defaultValue(
                  if(
                    isnull(
                      ri!record[#"urn:appian:record-field:v1:3e4325eb-73c5-4416-b649-eba17aedeea6/680b2911-effa-4698-831e-42c769c48de3"]
                    ),
                    "–",
                    index(
                      #"SYSTEM_SYSRULES_queryRecordType_v1"(
                        recordType: #"urn:appian:record-type:v1:8b780b12-bfe5-4faf-bf63-0404a8f1c6bd",
                        fields: #"urn:appian:record-field:v1:8b780b12-bfe5-4faf-bf63-0404a8f1c6bd/6c3cfe86-9252-4638-97ab-65672fc7adf6",
                        pagingInfo: #"SYSTEM_SYSRULES_pagingInfo"(startIndex: 1, batchSize: 1),
                        filters: #"SYSTEM_SYSRULES_queryFilter"(
                          field: #"urn:appian:record-field:v1:8b780b12-bfe5-4faf-bf63-0404a8f1c6bd/f8331b83-162c-45cc-a5eb-a22e9531103f",
                          operator: "=",
                          value: ri!record[#"urn:appian:record-field:v1:3e4325eb-73c5-4416-b649-eba17aedeea6/680b2911-effa-4698-831e-42c769c48de3"]
                        )
                      ).data,
                      1,
                      #"urn:appian:record-field:v1:8b780b12-bfe5-4faf-bf63-0404a8f1c6bd/6c3cfe86-9252-4638-97ab-65672fc7adf6",
                      null
                    )
                  ),
                  "–"
                ),
                readOnly: true
              ),
              #"SYSTEM_SYSRULES_textField"(
                label: "Description",
                labelPosition: "JUSTIFIED",
                value: a!defaultValue(
                  ri!record[#"urn:appian:record-field:v1:3e4325eb-73c5-4416-b649-eba17aedeea6/fa358f51-4727-4cff-b251-02d75c06fbff"],
                  "–"
                ),
                readOnly: true
              ),
              #"SYSTEM_SYSRULES_richTextDisplayField"(
                label: "Created On",
                labelPosition: "JUSTIFIED",
                value: if(
                  isnull(
                    ri!record[#"urn:appian:record-field:v1:3e4325eb-73c5-4416-b649-eba17aedeea6/02f61946-ea43-45ea-9791-b5ca5fe2cc14"]
                  ),
                  "–",
                  {
                    #"SYSTEM_SYSRULES_richTextIcon"(
                      icon: "calendar-o",
                      color: "SECONDARY"
                    ),
                    " ",
                    #"SYSTEM_SYSRULES_richTextItem_v1"(
                      text: text(
                        ri!record[#"urn:appian:record-field:v1:3e4325eb-73c5-4416-b649-eba17aedeea6/02f61946-ea43-45ea-9791-b5ca5fe2cc14"],
                        "mmmm d, yyyy h:mm AM/PM"
                      )
                    )
                  }
                )
              )
            }
          ),
          #"SYSTEM_SYSRULES_columnLayout"(
            contents: {
              #"SYSTEM_SYSRULES_textField"(
                label: "Status",
                labelPosition: "JUSTIFIED",
                value: a!defaultValue(
                  if(
                    isnull(
                      ri!record[#"urn:appian:record-field:v1:3e4325eb-73c5-4416-b649-eba17aedeea6/e319f8d6-19d9-4b5a-b7e4-e3dcd882570c"]
                    ),
                    "–",
                    index(
                      #"SYSTEM_SYSRULES_queryRecordType_v1"(
                        recordType: #"urn:appian:record-type:v1:b931dede-8077-4735-89f7-048c9fbaf03f",
                        fields: #"urn:appian:record-field:v1:b931dede-8077-4735-89f7-048c9fbaf03f/3d7b7d7c-f224-4701-a5d9-ec5a62c34b0c",
                        pagingInfo: #"SYSTEM_SYSRULES_pagingInfo"(startIndex: 1, batchSize: 1),
                        filters: #"SYSTEM_SYSRULES_queryFilter"(
                          field: #"urn:appian:record-field:v1:b931dede-8077-4735-89f7-048c9fbaf03f/63f5c937-09b2-4227-b3f0-2a32140d62c8",
                          operator: "=",
                          value: ri!record[#"urn:appian:record-field:v1:3e4325eb-73c5-4416-b649-eba17aedeea6/e319f8d6-19d9-4b5a-b7e4-e3dcd882570c"]
                        )
                      ).data,
                      1,
                      #"urn:appian:record-field:v1:b931dede-8077-4735-89f7-048c9fbaf03f/3d7b7d7c-f224-4701-a5d9-ec5a62c34b0c",
                      null
                    )
                  ),
                  "–"
                ),
                readOnly: true
              ),
              #"SYSTEM_SYSRULES_richTextDisplayField"(
                label: "Last Modified On",
                labelPosition: "JUSTIFIED",
                value: if(
                  isnull(
                    ri!record[#"urn:appian:record-field:v1:3e4325eb-73c5-4416-b649-eba17aedeea6/92902957-7dc6-4b11-b285-87b1eb84f355"]
                  ),
                  "–",
                  {
                    #"SYSTEM_SYSRULES_richTextIcon"(
                      icon: "calendar-o",
                      color: "SECONDARY"
                    ),
                    " ",
                    #"SYSTEM_SYSRULES_richTextItem_v1"(
                      text: text(
                        ri!record[#"urn:appian:record-field:v1:3e4325eb-73c5-4416-b649-eba17aedeea6/92902957-7dc6-4b11-b285-87b1eb84f355"],
                        "mmmm d, yyyy h:mm AM/PM"
                      )
                    )
                  }
                )
              ),
              #"SYSTEM_SYSRULES_sideBySideLayout"(
                items: {
                  if(
                    or(
                      isnull(
                        ri!record[#"urn:appian:record-field:v1:3e4325eb-73c5-4416-b649-eba17aedeea6/2e3fb373-bfff-42c8-ac46-5433e5db4d16"]
                      ),
                      not(
                        isusernametaken(
                          ri!record[#"urn:appian:record-field:v1:3e4325eb-73c5-4416-b649-eba17aedeea6/2e3fb373-bfff-42c8-ac46-5433e5db4d16"]
                        )
                      )
                    ),
                    #"SYSTEM_SYSRULES_sideBySideItem"(
                      item: #"SYSTEM_SYSRULES_textField"(
                        label: "Assigned To",
                        labelPosition: "JUSTIFIED",
                        value: "–",
                        readOnly: true
                      )
                    ),
                    {
                      #"SYSTEM_SYSRULES_sideBySideItem"(
                        item: #"SYSTEM_SYSRULES_imageField_v1"(
                          label: "Created By",
                          labelPosition: "JUSTIFIED",
                          images: #"SYSTEM_SYSRULES_userImage"(
                            user: ri!record[#"urn:appian:record-field:v1:3e4325eb-73c5-4416-b649-eba17aedeea6/2e3fb373-bfff-42c8-ac46-5433e5db4d16"]
                          ),
                          size: "TINY",
                          style: "AVATAR"
                        ),
                        width: "MINIMIZE"
                      ),
                      #"SYSTEM_SYSRULES_sideBySideItem"(
                        item: #"SYSTEM_SYSRULES_richTextDisplayField"(
                          labelPosition: "COLLAPSED",
                          value: #"SYSTEM_SYSRULES_richTextItem_v1"(
                            text: {
                              user(
                                ri!record[#"urn:appian:record-field:v1:3e4325eb-73c5-4416-b649-eba17aedeea6/2e3fb373-bfff-42c8-ac46-5433e5db4d16"],
                                "firstName"
                              ),
                              " ",
                              user(
                                ri!record[#"urn:appian:record-field:v1:3e4325eb-73c5-4416-b649-eba17aedeea6/2e3fb373-bfff-42c8-ac46-5433e5db4d16"],
                                "lastName"
                              )
                            },
                            link: #"SYSTEM_SYSRULES_userRecordLink"(
                              user: ri!record[#"urn:appian:record-field:v1:3e4325eb-73c5-4416-b649-eba17aedeea6/2e3fb373-bfff-42c8-ac46-5433e5db4d16"]
                            )
                          )
                        )
                      )
                    }
                  )
                },
                showWhen: a!isNotNullOrEmpty(ri!record[#"urn:appian:record-field:v1:3e4325eb-73c5-4416-b649-eba17aedeea6/2e3fb373-bfff-42c8-ac46-5433e5db4d16"])
              ),
              #"SYSTEM_SYSRULES_textField"(
                label: "Notes",
                labelPosition: "JUSTIFIED",
                value: a!defaultValue(
                  ri!record[#"urn:appian:record-field:v1:3e4325eb-73c5-4416-b649-eba17aedeea6/dd097adc-dea2-439c-be70-3cf319c4a10a"],
                  "–"
                ),
                showWhen: a!isNotNullOrEmpty(ri!record[#"urn:appian:record-field:v1:3e4325eb-73c5-4416-b649-eba17aedeea6/dd097adc-dea2-439c-be70-3cf319c4a10a"]),
                readOnly: true
              ),
              #"SYSTEM_SYSRULES_sideBySideLayout"(
                items: {if(
                  or(
                    isnull(
                      ri!record[#"urn:appian:record-field:v1:3e4325eb-73c5-4416-b649-eba17aedeea6/7fed82dc-e57b-4225-9b7c-4a016ef5df69"]
                    ),
                    not(
                      isusernametaken(
                        ri!record[#"urn:appian:record-field:v1:3e4325eb-73c5-4416-b649-eba17aedeea6/7fed82dc-e57b-4225-9b7c-4a016ef5df69"]
                      )
                    )
                  ),
                  #"SYSTEM_SYSRULES_sideBySideItem"(
                    item: #"SYSTEM_SYSRULES_textField"(
                      label: "Last Modified By",
                      labelPosition: "JUSTIFIED",
                      value: "–",
                      readOnly: true
                    )
                  ),
                  {
                    #"SYSTEM_SYSRULES_sideBySideItem"(
                      item: #"SYSTEM_SYSRULES_imageField_v1"(
                        label: "Last Modified By",
                        labelPosition: "JUSTIFIED",
                        images: #"SYSTEM_SYSRULES_userImage"(
                          user: ri!record[#"urn:appian:record-field:v1:3e4325eb-73c5-4416-b649-eba17aedeea6/7fed82dc-e57b-4225-9b7c-4a016ef5df69"]
                        ),
                        size: "TINY",
                        style: "AVATAR"
                      ),
                      width: "MINIMIZE"
                    ),
                    #"SYSTEM_SYSRULES_sideBySideItem"(
                      item: #"SYSTEM_SYSRULES_richTextDisplayField"(
                        labelPosition: "COLLAPSED",
                        value: #"SYSTEM_SYSRULES_richTextItem_v1"(
                          text: {
                            user(
                              ri!record[#"urn:appian:record-field:v1:3e4325eb-73c5-4416-b649-eba17aedeea6/7fed82dc-e57b-4225-9b7c-4a016ef5df69"],
                              "firstName"
                            ),
                            " ",
                            user(
                              ri!record[#"urn:appian:record-field:v1:3e4325eb-73c5-4416-b649-eba17aedeea6/7fed82dc-e57b-4225-9b7c-4a016ef5df69"],
                              "lastName"
                            )
                          },
                          link: #"SYSTEM_SYSRULES_userRecordLink"(
                            user: ri!record[#"urn:appian:record-field:v1:3e4325eb-73c5-4416-b649-eba17aedeea6/7fed82dc-e57b-4225-9b7c-4a016ef5df69"]
                          )
                        )
                      )
                    )
                  }
)
                },
                alignVertical: "MIDDLE",
                showWhen: a!isNotNullOrEmpty(ri!record[#"urn:appian:record-field:v1:3e4325eb-73c5-4416-b649-eba17aedeea6/7fed82dc-e57b-4225-9b7c-4a016ef5df69"])
              ),
              #"SYSTEM_SYSRULES_richTextDisplayField"(
                label: "Closed On",
                labelPosition: "JUSTIFIED",
                value: if(
                  isnull(
                    ri!record[#"urn:appian:record-field:v1:3e4325eb-73c5-4416-b649-eba17aedeea6/6e916f84-a051-4cfd-908a-b8ea5e5b67be"]
                  ),
                  "–",
                  {
                    #"SYSTEM_SYSRULES_richTextIcon"(
                      icon: "calendar-o",
                      color: "SECONDARY"
                    ),
                    " ",
                    #"SYSTEM_SYSRULES_richTextItem_v1"(
                      text: text(
                        ri!record[#"urn:appian:record-field:v1:3e4325eb-73c5-4416-b649-eba17aedeea6/6e916f84-a051-4cfd-908a-b8ea5e5b67be"],
                        "mmmm d, yyyy h:mm AM/PM"
                      )
                    )
                  }
                ),
                showWhen: not(a!isNullOrEmpty(ri!record[#"urn:appian:record-field:v1:3e4325eb-73c5-4416-b649-eba17aedeea6/6e916f84-a051-4cfd-908a-b8ea5e5b67be"]))
              )
            }
          )
        }
      )
    },
    divider: "ABOVE",
    marginAbove: "STANDARD",
    marginBelow: "MORE"
  )
}</definition>
        <namedTypedValue>
            <name>record</name>
            <type>
                <name>3e4325eb-73c5-4416-b649-eba17aedeea6</name>
                <namespace>urn:com:appian:recordtype:datatype</namespace>
            </type>
        </namedTypedValue>
        <preferredEditor>interface</preferredEditor>
        <offlineEnabled>false</offlineEnabled>
        <isCustom>false</isCustom>
    </interface>
    <roleMap public="true">
        <role inherit="true" allowForAll="false" name="readers">
            <users/>
            <groups/>
        </role>
        <role inherit="true" allowForAll="false" name="authors">
            <users/>
            <groups/>
        </role>
        <role inherit="true" allowForAll="false" name="administrators">
            <users/>
            <groups/>
        </role>
        <role inherit="false" allowForAll="false" name="denyReaders">
            <users/>
            <groups/>
        </role>
        <role inherit="false" allowForAll="false" name="denyAuthors">
            <users/>
            <groups/>
        </role>
        <role inherit="false" allowForAll="false" name="denyAdministrators">
            <users/>
            <groups/>
        </role>
    </roleMap>
    <typedValue>
        <type>
            <name>RuleTestConfig?list</name>
            <namespace>http://www.appian.com/ae/types/2009</namespace>
        </type>
        <value>
            <el>
                <a:name/>
                <a:ruleInputTestConfigs>
                    <a:value xmlns:xsi="http://www.w3.org/2001/XMLSchema-instance" xsi:type="a:Expression">#"SYSTEM_SYSRULES_queryRecordType_v1"(
  recordType: #"urn:appian:record-type:v1:3e4325eb-73c5-4416-b649-eba17aedeea6",
  fields: {},
  pagingInfo: #"SYSTEM_SYSRULES_pagingInfo"(
    startIndex: 1,
    batchSize: 1
  )
).data</a:value>
                    <a:nameRef>record</a:nameRef>
                    <a:id>1</a:id>
                </a:ruleInputTestConfigs>
                <a:assertions xmlns:xsi="http://www.w3.org/2001/XMLSchema-instance" xsi:nil="true"/>
            </el>
        </value>
    </typedValue>
    <history>
        <historyInfo versionUuid="251c8a98-9a4a-4fcf-acf1-2135ce65f507"/>
        <historyInfo versionUuid="_a-0000eab3-f57a-8000-9bb4-011c48011c48_140867"/>
    </history>
</contentHaul>
