<?xml version="1.0" encoding="UTF-8" standalone="yes"?>
<contentHaul xmlns:a="http://www.appian.com/ae/types/2009">
    <versionUuid>52daee1a-db5a-4a49-9112-884241a4c162</versionUuid>
    <interface>
        <name>AIA_CreateRequestCategory</name>
        <uuid>97c5318f-3d18-4add-9af2-4c071ce24f1c</uuid>
        <description>Form interface for creating new Request Categories as an action</description>
        <parentUuid>_a-0000eab3-f57a-8000-9bb4-011c48011c48_133670</parentUuid>
        <visibility>
            <advertise>false</advertise>
            <hierarchy>true</hierarchy>
            <indexable>true</indexable>
            <quota>false</quota>
            <searchable>true</searchable>
            <system>false</system>
            <unlogged>false</unlogged>
        </visibility>
        <definition>#"SYSTEM_SYSRULES_formLayout_v1"(
  label: "Create Request Category",
  contents: {
    #"SYSTEM_SYSRULES_columnsLayout"(
      columns: {
        #"SYSTEM_SYSRULES_columnLayout"(
          contents: {
            #"SYSTEM_SYSRULES_textField"(
              label: "Value",
              labelPosition: "ABOVE",
              required: false,
              value: ri!record[#"urn:appian:record-field:v1:f962a883-1c2a-430d-8c15-ade21c0db7b0/3d1ac929-cfe3-4731-bb0c-5869e9f3a81e"],
              saveInto: ri!record[#"urn:appian:record-field:v1:f962a883-1c2a-430d-8c15-ade21c0db7b0/3d1ac929-cfe3-4731-bb0c-5869e9f3a81e"],
              characterLimit: 255
            ),
            #"SYSTEM_SYSRULES_checkboxField"(
              labelPosition: "COLLAPSED",
              required: false,
              choiceLabels: {
                "Is Active"
              },
              choiceValues: {
                true
              },
              value: if(
                ri!record[#"urn:appian:record-field:v1:f962a883-1c2a-430d-8c15-ade21c0db7b0/37837e2b-a605-4ffa-b297-5b5ec51b8346"],
                true,
                null
              ),
              saveInto: a!save(
                ri!record[#"urn:appian:record-field:v1:f962a883-1c2a-430d-8c15-ade21c0db7b0/37837e2b-a605-4ffa-b297-5b5ec51b8346"],
                if(
                  isnull(
                    save!value
                  ),
                  false,
                  true
                )
              )
            )
          }
        ),
        #"SYSTEM_SYSRULES_columnLayout"(
          contents: {
            #"SYSTEM_SYSRULES_textField"(
              label: "Icon",
              labelPosition: "ABOVE",
              required: false,
              value: ri!record[#"urn:appian:record-field:v1:f962a883-1c2a-430d-8c15-ade21c0db7b0/8e5e0785-d745-44ba-975a-6515b2d910d9"],
              saveInto: ri!record[#"urn:appian:record-field:v1:f962a883-1c2a-430d-8c15-ade21c0db7b0/8e5e0785-d745-44ba-975a-6515b2d910d9"],
              characterLimit: 255
            ),
            #"SYSTEM_SYSRULES_integerField"(
              label: "Sort Order",
              labelPosition: "ABOVE",
              required: false,
              value: ri!record[#"urn:appian:record-field:v1:f962a883-1c2a-430d-8c15-ade21c0db7b0/a53a7bf2-c897-4ee8-a970-caaa28a55835"],
              saveInto: ri!record[#"urn:appian:record-field:v1:f962a883-1c2a-430d-8c15-ade21c0db7b0/a53a7bf2-c897-4ee8-a970-caaa28a55835"]
            )
          }
        )
      }
    )
  },
  buttons: #"SYSTEM_SYSRULES_ButtonLayout"(
    primaryButtons: {
      #"SYSTEM_SYSRULES_ButtonWidget"(
        label: "Create",
        submit: true,
        validate: true,
        style: "PRIMARY"
      )
    },
    secondaryButtons: {
      #"SYSTEM_SYSRULES_ButtonWidget"(
        label: "Cancel",
        value: true,
        saveInto: ri!cancel,
        submit: true,
        style: "NORMAL",
        validate: false
      )
    }
  )
)</definition>
        <namedTypedValue>
            <name>record</name>
            <type>
                <name>f962a883-1c2a-430d-8c15-ade21c0db7b0</name>
                <namespace>urn:com:appian:recordtype:datatype</namespace>
            </type>
        </namedTypedValue>
        <namedTypedValue>
            <name>cancel</name>
            <type>
                <name>boolean</name>
                <namespace>http://www.w3.org/2001/XMLSchema</namespace>
            </type>
        </namedTypedValue>
        <preferredEditor>interface</preferredEditor>
        <offlineEnabled>false</offlineEnabled>
        <isCustom>false</isCustom>
    </interface>
    <roleMap public="true">
        <role inherit="true" allowForAll="false" name="readers">
            <users/>
            <groups/>
        </role>
        <role inherit="true" allowForAll="false" name="authors">
            <users/>
            <groups/>
        </role>
        <role inherit="true" allowForAll="false" name="administrators">
            <users/>
            <groups/>
        </role>
        <role inherit="false" allowForAll="false" name="denyReaders">
            <users/>
            <groups/>
        </role>
        <role inherit="false" allowForAll="false" name="denyAuthors">
            <users/>
            <groups/>
        </role>
        <role inherit="false" allowForAll="false" name="denyAdministrators">
            <users/>
            <groups/>
        </role>
    </roleMap>
    <history>
        <historyInfo versionUuid="52daee1a-db5a-4a49-9112-884241a4c162"/>
    </history>
</contentHaul>
