<?xml version="1.0" encoding="UTF-8" standalone="yes"?>
<contentHaul xmlns:a="http://www.appian.com/ae/types/2009">
    <versionUuid>_a-0000eab3-f57a-8000-9bb4-011c48011c48_133676</versionUuid>
    <interface>
        <name>AIA_CreateAssetType</name>
        <uuid>9bdfdcf2-5583-4ee5-a45c-567685483ac4</uuid>
        <description>Form interface for creating new Asset Types as an action</description>
        <parentUuid>_a-0000eab3-f57a-8000-9bb4-011c48011c48_133670</parentUuid>
        <visibility>
            <advertise>false</advertise>
            <hierarchy>true</hierarchy>
            <indexable>true</indexable>
            <quota>false</quota>
            <searchable>true</searchable>
            <system>false</system>
            <unlogged>false</unlogged>
        </visibility>
        <definition>#"SYSTEM_SYSRULES_formLayout_v1"(
  label: "Create Asset Type",
  contents: {
    #"SYSTEM_SYSRULES_columnsLayout"(
      columns: {
        #"SYSTEM_SYSRULES_columnLayout"(
          contents: {
            #"SYSTEM_SYSRULES_textField"(
              label: "Value",
              labelPosition: "ABOVE",
              required: false,
              value: ri!record[#"urn:appian:record-field:v1:70635a44-0cba-45de-970e-aef5f08f5e46/769429c2-1d5e-454f-b2fa-14bb2844c814"],
              saveInto: ri!record[#"urn:appian:record-field:v1:70635a44-0cba-45de-970e-aef5f08f5e46/769429c2-1d5e-454f-b2fa-14bb2844c814"],
              characterLimit: 255
            ),
            #"SYSTEM_SYSRULES_checkboxField"(
              labelPosition: "COLLAPSED",
              required: false,
              choiceLabels: {
                "Is Active"
              },
              choiceValues: {
                true
              },
              value: if(
                ri!record[#"urn:appian:record-field:v1:70635a44-0cba-45de-970e-aef5f08f5e46/366633a3-fadd-4750-806e-3bf14a2fbc8b"],
                true,
                null
              ),
              saveInto: a!save(
                ri!record[#"urn:appian:record-field:v1:70635a44-0cba-45de-970e-aef5f08f5e46/366633a3-fadd-4750-806e-3bf14a2fbc8b"],
                if(
                  isnull(
                    save!value
                  ),
                  false,
                  true
                )
              )
            )
          }
        ),
        #"SYSTEM_SYSRULES_columnLayout"(
          contents: {
            #"SYSTEM_SYSRULES_textField"(
              label: "Icon",
              labelPosition: "ABOVE",
              required: false,
              value: ri!record[#"urn:appian:record-field:v1:70635a44-0cba-45de-970e-aef5f08f5e46/d1017b91-9098-4352-8d60-e796a66cc9c9"],
              saveInto: ri!record[#"urn:appian:record-field:v1:70635a44-0cba-45de-970e-aef5f08f5e46/d1017b91-9098-4352-8d60-e796a66cc9c9"],
              characterLimit: 255
            ),
            #"SYSTEM_SYSRULES_integerField"(
              label: "Sort Order",
              labelPosition: "ABOVE",
              required: false,
              value: ri!record[#"urn:appian:record-field:v1:70635a44-0cba-45de-970e-aef5f08f5e46/eb191c1e-8950-4a03-88a7-d29ad11216ab"],
              saveInto: ri!record[#"urn:appian:record-field:v1:70635a44-0cba-45de-970e-aef5f08f5e46/eb191c1e-8950-4a03-88a7-d29ad11216ab"]
            )
          }
        )
      }
    )
  },
  buttons: #"SYSTEM_SYSRULES_ButtonLayout"(
    primaryButtons: {
      #"SYSTEM_SYSRULES_ButtonWidget"(
        label: "Create",
        submit: true,
        validate: true,
        style: "PRIMARY"
      )
    },
    secondaryButtons: {
      #"SYSTEM_SYSRULES_ButtonWidget"(
        label: "Cancel",
        value: true,
        saveInto: ri!cancel,
        submit: true,
        style: "NORMAL",
        validate: false
      )
    }
  )
)</definition>
        <namedTypedValue>
            <name>record</name>
            <type>
                <name>70635a44-0cba-45de-970e-aef5f08f5e46</name>
                <namespace>urn:com:appian:recordtype:datatype</namespace>
            </type>
        </namedTypedValue>
        <namedTypedValue>
            <name>cancel</name>
            <type>
                <name>boolean</name>
                <namespace>http://www.w3.org/2001/XMLSchema</namespace>
            </type>
        </namedTypedValue>
        <preferredEditor>interface</preferredEditor>
        <offlineEnabled>false</offlineEnabled>
        <isCustom>false</isCustom>
    </interface>
    <roleMap public="true">
        <role inherit="true" allowForAll="false" name="readers">
            <users/>
            <groups/>
        </role>
        <role inherit="true" allowForAll="false" name="authors">
            <users/>
            <groups/>
        </role>
        <role inherit="true" allowForAll="false" name="administrators">
            <users/>
            <groups/>
        </role>
        <role inherit="false" allowForAll="false" name="denyReaders">
            <users/>
            <groups/>
        </role>
        <role inherit="false" allowForAll="false" name="denyAuthors">
            <users/>
            <groups/>
        </role>
        <role inherit="false" allowForAll="false" name="denyAdministrators">
            <users/>
            <groups/>
        </role>
    </roleMap>
    <history>
        <historyInfo versionUuid="a6abe4bc-0e99-4a16-a5f4-aa3a3159281b"/>
        <historyInfo versionUuid="_a-0000eab3-f57a-8000-9bb4-011c48011c48_133676"/>
    </history>
</contentHaul>
