<?xml version="1.0" encoding="UTF-8" standalone="yes"?>
<contentHaul xmlns:a="http://www.appian.com/ae/types/2009">
    <versionUuid>_a-0000eac6-85bc-8000-9bb6-011c48011c48_169621</versionUuid>
    <interface>
        <name>AIA_DeviceUtilizationReports</name>
        <uuid>_a-0000eac6-85bc-8000-9bb6-011c48011c48_169169</uuid>
        <description></description>
        <parentUuid>_a-0000eab3-f57a-8000-9bb4-011c48011c48_133670</parentUuid>
        <visibility>
            <advertise>false</advertise>
            <hierarchy>true</hierarchy>
            <indexable>true</indexable>
            <quota>false</quota>
            <searchable>true</searchable>
            <system>false</system>
            <unlogged>false</unlogged>
        </visibility>
        <definition>{
  #"SYSTEM_SYSRULES_pieChartField"(
    data: null,
    label: "Workstation",
    labelPosition: "ABOVE",
    series: {
      #"SYSTEM_SYSRULES_chartSeries"(label: "Assigned", data: #"_a-0000eac6-85bc-8000-9bb6-011c48011c48_169483"(1)),
      #"SYSTEM_SYSRULES_chartSeries"(label: "Unassigned", data: #"_a-0000eac6-85bc-8000-9bb6-011c48011c48_169554"(1))
    },
    showDataLabels: true,
    showAsPercentage: true,
    colorScheme: "RAINFOREST",
    style: "DONUT",
    seriesLabelStyle: "LEGEND",
    height: "MEDIUM",
    refreshAfter: "RECORD_ACTION"
  ),
  #"SYSTEM_SYSRULES_pieChartField"(
    label: "Monitor",
    labelPosition: "ABOVE",
    series: {
      #"SYSTEM_SYSRULES_chartSeries"(label: "Assigned", data: #"_a-0000eac6-85bc-8000-9bb6-011c48011c48_169483"(2)),
      #"SYSTEM_SYSRULES_chartSeries"(label: "Unassigned", data: #"_a-0000eac6-85bc-8000-9bb6-011c48011c48_169554"(2))
    },
    showDataLabels: true,
    showAsPercentage: true,
    colorScheme: "RAINFOREST",
    style: "DONUT",
    seriesLabelStyle: "LEGEND",
    height: "MEDIUM"
  ),
  #"SYSTEM_SYSRULES_pieChartField"(
    label: "Headset",
    labelPosition: "ABOVE",
    series: {
      #"SYSTEM_SYSRULES_chartSeries"(label: "Assigned", data: #"_a-0000eac6-85bc-8000-9bb6-011c48011c48_169483"(3)),
      #"SYSTEM_SYSRULES_chartSeries"(label: "Unassigned", data: #"_a-0000eac6-85bc-8000-9bb6-011c48011c48_169554"(3))
    },
    showDataLabels: true,
    showAsPercentage: true,
    colorScheme: "RAINFOREST",
    style: "DONUT",
    seriesLabelStyle: "LEGEND",
    height: "MEDIUM"
  )
}</definition>
        <preferredEditor>interface</preferredEditor>
        <offlineEnabled>false</offlineEnabled>
        <isCustom>false</isCustom>
    </interface>
    <roleMap public="true">
        <role inherit="true" allowForAll="false" name="readers">
            <users/>
            <groups/>
        </role>
        <role inherit="true" allowForAll="false" name="authors">
            <users/>
            <groups/>
        </role>
        <role inherit="true" allowForAll="false" name="administrators">
            <users/>
            <groups/>
        </role>
        <role inherit="false" allowForAll="false" name="denyReaders">
            <users/>
            <groups/>
        </role>
        <role inherit="false" allowForAll="false" name="denyAuthors">
            <users/>
            <groups/>
        </role>
        <role inherit="false" allowForAll="false" name="denyAdministrators">
            <users/>
            <groups/>
        </role>
    </roleMap>
    <history>
        <historyInfo versionUuid="_a-0000eac6-85bc-8000-9bb6-011c48011c48_169621"/>
    </history>
</contentHaul>
