<?xml version="1.0" encoding="UTF-8" standalone="yes"?>
<contentHaul xmlns:a="http://www.appian.com/ae/types/2009">
    <versionUuid>_a-0000eac6-85bc-8000-9bb6-011c48011c48_170154</versionUuid>
    <interface>
        <name>AIA_RequestPerDayColumnChart</name>
        <uuid>_a-0000eac6-85bc-8000-9bb6-011c48011c48_169622</uuid>
        <description></description>
        <parentUuid>_a-0000eab3-f57a-8000-9bb4-011c48011c48_133670</parentUuid>
        <visibility>
            <advertise>false</advertise>
            <hierarchy>true</hierarchy>
            <indexable>true</indexable>
            <quota>false</quota>
            <searchable>true</searchable>
            <system>false</system>
            <unlogged>false</unlogged>
        </visibility>
        <definition>{
  #"SYSTEM_SYSRULES_columnChartField"(
    data: null,
    label: "Request Metrics",
    instructions: " Percentage of Request Types per Day",
    categories: {
      "Requests"
    },
    series: {
      #"SYSTEM_SYSRULES_forEach"(
        items: #"_a-0000eac6-85bc-8000-9bb6-011c48011c48_169813"(),
        expression: #"SYSTEM_SYSRULES_chartSeries"(
          label: fv!item.category,
          data: fv!item.avgreq
        )
      )
    },
    stacking: "PERCENT_TO_TOTAL",
    showLegend: true,
    showDataLabels: true,
    showTooltips: true,
    labelPosition: "ABOVE",
    colorScheme: "RAINFOREST",
    height: "MEDIUM",
    xAxisStyle: "STANDARD",
    yAxisStyle: "STANDARD",
    refreshAfter: "RECORD_ACTION"
  )
}</definition>
        <preferredEditor>interface</preferredEditor>
        <offlineEnabled>false</offlineEnabled>
        <isCustom>false</isCustom>
    </interface>
    <roleMap public="true">
        <role inherit="true" allowForAll="false" name="readers">
            <users/>
            <groups/>
        </role>
        <role inherit="true" allowForAll="false" name="authors">
            <users/>
            <groups/>
        </role>
        <role inherit="true" allowForAll="false" name="administrators">
            <users/>
            <groups/>
        </role>
        <role inherit="false" allowForAll="false" name="denyReaders">
            <users/>
            <groups/>
        </role>
        <role inherit="false" allowForAll="false" name="denyAuthors">
            <users/>
            <groups/>
        </role>
        <role inherit="false" allowForAll="false" name="denyAdministrators">
            <users/>
            <groups/>
        </role>
    </roleMap>
    <history>
        <historyInfo versionUuid="_a-0000eac6-85bc-8000-9bb6-011c48011c48_170154"/>
    </history>
</contentHaul>
