<?xml version="1.0" encoding="UTF-8" standalone="yes"?>
<contentHaul xmlns:a="http://www.appian.com/ae/types/2009">
    <versionUuid>_a-0000eac6-85bc-8000-9bb6-011c48011c48_170047</versionUuid>
    <rule>
        <name>AIA_ColumnChartData</name>
        <uuid>_a-0000eac6-85bc-8000-9bb6-011c48011c48_169813</uuid>
        <description></description>
        <parentUuid>_a-0000eab3-f57a-8000-9bb4-011c48011c48_133654</parentUuid>
        <visibility>
            <advertise>false</advertise>
            <hierarchy>true</hierarchy>
            <indexable>true</indexable>
            <quota>false</quota>
            <searchable>true</searchable>
            <system>false</system>
            <unlogged>false</unlogged>
        </visibility>
        <definition>a!localVariables(
  local!result: #"SYSTEM_SYSRULES_queryRecordType_v1"(
    recordType: #"urn:appian:record-type:v1:3e4325eb-73c5-4416-b649-eba17aedeea6",
    fields: #"SYSTEM_SYSRULES_aggregationFields"(
      groupings: {
        #"SYSTEM_SYSRULES_grouping"(
          field: #"urn:appian:record-field:v1:3e4325eb-73c5-4416-b649-eba17aedeea6/55380c04-8e05-4a6a-8c74-833472ffebe9/3d1ac929-cfe3-4731-bb0c-5869e9f3a81e",
          alias: "category_grouping1"
        )
      },
      measures: {
        #"SYSTEM_SYSRULES_measure"(
          function: "COUNT",
          field: #"urn:appian:record-field:v1:3e4325eb-73c5-4416-b649-eba17aedeea6/85fb41e2-6a2a-4b43-bb6e-edbbd98d5267",
          alias: "id_count_measure1"
        )
      }
    ),
    filters: #"SYSTEM_SYSRULES_queryLogicalExpression"(
      operator: "AND",
      filters: {
        #"SYSTEM_SYSRULES_queryFilter"(
          field: #"urn:appian:record-field:v1:3e4325eb-73c5-4416-b649-eba17aedeea6/02f61946-ea43-45ea-9791-b5ca5fe2cc14",
          operator: "="
        )
      },
      ignoreFiltersWithEmptyValues: true
    ),
    pagingInfo: #"SYSTEM_SYSRULES_pagingInfo"(startIndex: 1, batchSize: 100,
    sort: #"SYSTEM_SYSRULES_sortInfo"(
      field: "category_grouping1",
      ascending: false()
    ))
  ).data,
  local!firstCreatedOn: #"_a-0000eac6-85bc-8000-9bb6-011c48011c48_169801"(),
  #"SYSTEM_SYSRULES_forEach"(
    items: local!result,
    expression: a!map(
      category: fv!item.category_grouping1,
      avgreq: average(fv!item.id_count_measure1 / calworkdays(local!firstCreatedOn, now()))
    )
  )
)</definition>
        <preferredEditor>legacy</preferredEditor>
        <offlineEnabled>false</offlineEnabled>
    </rule>
    <roleMap public="true">
        <role inherit="true" allowForAll="false" name="readers">
            <users/>
            <groups/>
        </role>
        <role inherit="true" allowForAll="false" name="authors">
            <users/>
            <groups/>
        </role>
        <role inherit="true" allowForAll="false" name="administrators">
            <users/>
            <groups/>
        </role>
        <role inherit="false" allowForAll="false" name="denyReaders">
            <users/>
            <groups/>
        </role>
        <role inherit="false" allowForAll="false" name="denyAuthors">
            <users/>
            <groups/>
        </role>
        <role inherit="false" allowForAll="false" name="denyAdministrators">
            <users/>
            <groups/>
        </role>
    </roleMap>
    <history>
        <historyInfo versionUuid="_a-0000eac6-85bc-8000-9bb6-011c48011c48_170047"/>
    </history>
</contentHaul>
