<?xml version="1.0" encoding="UTF-8" standalone="yes"?>
<contentHaul xmlns:a="http://www.appian.com/ae/types/2009">
    <versionUuid>_a-0000eab3-f57a-8000-9bb4-011c48011c48_133998</versionUuid>
    <interface>
        <name>AIA_UpdateAssetForm</name>
        <uuid>_a-0000eab3-f57a-8000-9bb4-011c48011c48_133928</uuid>
        <description></description>
        <parentUuid>_a-0000eab3-f57a-8000-9bb4-011c48011c48_133670</parentUuid>
        <visibility>
            <advertise>false</advertise>
            <hierarchy>true</hierarchy>
            <indexable>true</indexable>
            <quota>false</quota>
            <searchable>true</searchable>
            <system>false</system>
            <unlogged>false</unlogged>
        </visibility>
        <definition>#"SYSTEM_SYSRULES_formLayout_v1"(
  label: "Update Asset",
  contents: {
    #"SYSTEM_SYSRULES_sectionLayout_v1"(
      contents: {
        {
            {
              #"SYSTEM_SYSRULES_cardChoiceField"(
                label: "Asset Type",
                labelPosition: "ABOVE",
                data: #"urn:appian:record-type:v1:70635a44-0cba-45de-970e-aef5f08f5e46",
                cardTemplate: #"SYSTEM_SYSRULES_cardTemplateTile"(
                  id: fv!data[#"urn:appian:record-field:v1:70635a44-0cba-45de-970e-aef5f08f5e46/af3826aa-6088-49a6-8c94-7d2678732263"],
                  primaryText: fv!data[#"urn:appian:record-field:v1:70635a44-0cba-45de-970e-aef5f08f5e46/769429c2-1d5e-454f-b2fa-14bb2844c814"],
                  icon: fv!data[#"urn:appian:record-field:v1:70635a44-0cba-45de-970e-aef5f08f5e46/d1017b91-9098-4352-8d60-e796a66cc9c9"]
                ),
                value: ri!asset[#"urn:appian:record-field:v1:c7c1accb-c59c-45e7-9b38-59d598c6a3de/fdc80d30-1f26-455e-9edb-81c5ac2476db"],
                saveInto: ri!asset[#"urn:appian:record-field:v1:c7c1accb-c59c-45e7-9b38-59d598c6a3de/fdc80d30-1f26-455e-9edb-81c5ac2476db"],
                maxSelections: 1,
                align: "CENTER"
              )
            }
        }
      }
    ),
    #"SYSTEM_SYSRULES_sectionLayout_v1"(
      label: "",
      contents: {
        #"SYSTEM_SYSRULES_sideBySideLayout"(
          items: {
            #"SYSTEM_SYSRULES_sideBySideItem"(
              item: #"SYSTEM_SYSRULES_textField"(
                label: "Name",
                labelPosition: "ABOVE",
                value: ri!asset[#"urn:appian:record-field:v1:c7c1accb-c59c-45e7-9b38-59d598c6a3de/2e296317-d105-4264-a22f-ca278233e854"],
                saveInto: ri!asset[#"urn:appian:record-field:v1:c7c1accb-c59c-45e7-9b38-59d598c6a3de/2e296317-d105-4264-a22f-ca278233e854"],
                refreshAfter: "UNFOCUS",
                required: false,
                validations: {}
              )
            ),
            #"SYSTEM_SYSRULES_sideBySideItem"(
              item: #"SYSTEM_SYSRULES_textField"(
                label: "Serial Number",
                labelPosition: "ABOVE",
                value: ri!asset[#"urn:appian:record-field:v1:c7c1accb-c59c-45e7-9b38-59d598c6a3de/31266e48-8f26-40f0-afa5-9242c44d9a30"],
                saveInto: ri!asset[#"urn:appian:record-field:v1:c7c1accb-c59c-45e7-9b38-59d598c6a3de/31266e48-8f26-40f0-afa5-9242c44d9a30"],
                refreshAfter: "UNFOCUS",
                required: false,
                readOnly: false,
                validations: {}
              )
            )
          }
        ),
        #"SYSTEM_SYSRULES_columnsLayout"(
          columns: {
            #"SYSTEM_SYSRULES_columnLayout"(
              contents: {
                #"SYSTEM_SYSRULES_pickerFieldUsers"(
                  label: "Assign To",
                  labelPosition: "ABOVE",
                  groupFilter: #"_a-0000eab3-f57a-8000-9bb4-011c48011c48_133936",
                  value: ri!asset[#"urn:appian:record-field:v1:c7c1accb-c59c-45e7-9b38-59d598c6a3de/de985c0d-c36f-4eb8-bdf9-cc04d9a17454"],
                  saveInto: ri!asset[#"urn:appian:record-field:v1:c7c1accb-c59c-45e7-9b38-59d598c6a3de/de985c0d-c36f-4eb8-bdf9-cc04d9a17454"],
                  validations: {}
                )
              }
            )
          }
        )
      }
    )
  },
  buttons: #"SYSTEM_SYSRULES_ButtonLayout"(
    primaryButtons: {
      #"SYSTEM_SYSRULES_ButtonWidget"(
        label: "Submit",
        saveInto: {
          a!save(ri!cancel, false()),
          a!save(
            {
              ri!asset[#"urn:appian:record-field:v1:c7c1accb-c59c-45e7-9b38-59d598c6a3de/29e3029e-0622-4e60-8171-5cfcaff33a1f"]
            },
            now()
          ),
          a!save(
            {
              ri!asset[#"urn:appian:record-field:v1:c7c1accb-c59c-45e7-9b38-59d598c6a3de/efa77d7b-70a2-4c33-b1b0-12149b27926b"]
            },
            loggedInUser()
          ),
          a!save(
            ri!asset[#"urn:appian:record-field:v1:c7c1accb-c59c-45e7-9b38-59d598c6a3de/a28c4f28-6f97-4c7f-9ab7-944c2afa413e"],
            true()
          )
        },
        submit: true,
        style: "PRIMARY"
      )
    },
    secondaryButtons: {
      #"SYSTEM_SYSRULES_ButtonWidget"(
        label: "Cancel",
        value: true,
        saveInto: ri!cancel,
        submit: true,
        style: "NORMAL",
        validate: false
      )
    }
  )
)</definition>
        <namedTypedValue>
            <name>asset</name>
            <type>
                <name>c7c1accb-c59c-45e7-9b38-59d598c6a3de</name>
                <namespace>urn:com:appian:recordtype:datatype</namespace>
            </type>
        </namedTypedValue>
        <namedTypedValue>
            <name>cancel</name>
            <type>
                <name>boolean</name>
                <namespace>http://www.w3.org/2001/XMLSchema</namespace>
            </type>
        </namedTypedValue>
        <preferredEditor>interface</preferredEditor>
        <offlineEnabled>false</offlineEnabled>
        <isCustom>false</isCustom>
    </interface>
    <roleMap public="true">
        <role inherit="true" allowForAll="false" name="readers">
            <users/>
            <groups/>
        </role>
        <role inherit="true" allowForAll="false" name="authors">
            <users/>
            <groups/>
        </role>
        <role inherit="true" allowForAll="false" name="administrators">
            <users/>
            <groups/>
        </role>
        <role inherit="false" allowForAll="false" name="denyReaders">
            <users/>
            <groups/>
        </role>
        <role inherit="false" allowForAll="false" name="denyAuthors">
            <users/>
            <groups/>
        </role>
        <role inherit="false" allowForAll="false" name="denyAdministrators">
            <users/>
            <groups/>
        </role>
    </roleMap>
    <typedValue>
        <type>
            <name>RuleTestConfig?list</name>
            <namespace>http://www.appian.com/ae/types/2009</namespace>
        </type>
        <value>
            <el>
                <a:name/>
                <a:ruleInputTestConfigs>
                    <a:value xmlns:xsi="http://www.w3.org/2001/XMLSchema-instance" xsi:type="a:Expression">null</a:value>
                    <a:nameRef>asset</a:nameRef>
                    <a:id>1</a:id>
                </a:ruleInputTestConfigs>
                <a:ruleInputTestConfigs>
                    <a:value xmlns:xsd="http://www.w3.org/2001/XMLSchema" xmlns:xsi="http://www.w3.org/2001/XMLSchema-instance" xsi:nil="true" xsi:type="xsd:boolean"/>
                    <a:nameRef>cancel</a:nameRef>
                    <a:id>2</a:id>
                </a:ruleInputTestConfigs>
                <a:assertions xmlns:xsi="http://www.w3.org/2001/XMLSchema-instance" xsi:nil="true"/>
            </el>
        </value>
    </typedValue>
    <history>
        <historyInfo versionUuid="_a-0000eab3-f57a-8000-9bb4-011c48011c48_133998"/>
    </history>
</contentHaul>
