<?xml version="1.0" encoding="UTF-8" standalone="yes"?>
<contentHaul xmlns:a="http://www.appian.com/ae/types/2009">
    <versionUuid>_a-0000eab3-f57a-8000-9bb4-011c48011c48_133845</versionUuid>
    <interface>
        <name>AIA_AssetSummary</name>
        <uuid>_a-0000eab3-f57a-8000-9bb4-011c48011c48_133770</uuid>
        <description>An Interface for Asset Summary</description>
        <parentUuid>_a-0000eab3-f57a-8000-9bb4-011c48011c48_133670</parentUuid>
        <visibility>
            <advertise>false</advertise>
            <hierarchy>true</hierarchy>
            <indexable>true</indexable>
            <quota>false</quota>
            <searchable>true</searchable>
            <system>false</system>
            <unlogged>false</unlogged>
        </visibility>
        <definition>{
  #"SYSTEM_SYSRULES_sectionLayout_v1"(
    label: "",
    contents: {
      #"SYSTEM_SYSRULES_columnsLayout"(
        columns: {
          #"SYSTEM_SYSRULES_columnLayout"(
            contents: {
              #"SYSTEM_SYSRULES_textField"(
                label: "Asset Type",
                labelPosition: "JUSTIFIED",
                value: ri!asset[#"urn:appian:record-field:v1:c7c1accb-c59c-45e7-9b38-59d598c6a3de/6687555d-44be-486e-abff-a74eae16dfb1/769429c2-1d5e-454f-b2fa-14bb2844c814"],
                saveInto: {},
                refreshAfter: "UNFOCUS",
                readOnly: true,
                validations: {}
              ),
              #"SYSTEM_SYSRULES_textField"(
                label: "Name",
                labelPosition: "JUSTIFIED",
                value: ri!asset[#"urn:appian:record-field:v1:c7c1accb-c59c-45e7-9b38-59d598c6a3de/2e296317-d105-4264-a22f-ca278233e854"],
                saveInto: {},
                refreshAfter: "UNFOCUS",
                readOnly: true,
                validations: {}
              ),
              #"SYSTEM_SYSRULES_textField"(
                label: "Serial Number",
                labelPosition: "JUSTIFIED",
                value: ri!asset[#"urn:appian:record-field:v1:c7c1accb-c59c-45e7-9b38-59d598c6a3de/31266e48-8f26-40f0-afa5-9242c44d9a30"],
                saveInto: {},
                refreshAfter: "UNFOCUS",
                readOnly: true,
                validations: {}
              ),
              #"SYSTEM_SYSRULES_textField"(
                label: "Owner",
                labelPosition: "JUSTIFIED",
                value: if(
                  a!isNullOrEmpty(
                    ri!asset[#"urn:appian:record-field:v1:c7c1accb-c59c-45e7-9b38-59d598c6a3de/de985c0d-c36f-4eb8-bdf9-cc04d9a17454"]
                  ),
                  "-",
                  #"_a-0000eab3-f57a-8000-9bb4-011c48011c48_133776"(
                    ri!asset[#"urn:appian:record-field:v1:c7c1accb-c59c-45e7-9b38-59d598c6a3de/de985c0d-c36f-4eb8-bdf9-cc04d9a17454"]
                  )
                ),
                saveInto: {},
                refreshAfter: "UNFOCUS",
                readOnly: true,
                validations: {}
              )
            }
          ),
          #"SYSTEM_SYSRULES_columnLayout"(
            contents: {
              #"SYSTEM_SYSRULES_boxLayout"(
                label: " Audit Info",
                contents: {
                  #"SYSTEM_SYSRULES_richTextDisplayField"(
                    label: "Created On",
                    labelPosition: "JUSTIFIED",
                    value: {
                      #"SYSTEM_SYSRULES_richTextIcon"(
                        icon: "calendar"
                      ),
                      #"SYSTEM_SYSRULES_richTextItem_v1"(
                        text: ri!asset[#"urn:appian:record-field:v1:c7c1accb-c59c-45e7-9b38-59d598c6a3de/41405e11-5d0c-4f91-a14f-3f7e9dba130b"]
                      )
                    }
                  ),
                  #"SYSTEM_SYSRULES_textField"(
                    label: "Created By",
                    labelPosition: "JUSTIFIED",
                    value: if(
                      a!isNullOrEmpty(
                        ri!asset[#"urn:appian:record-field:v1:c7c1accb-c59c-45e7-9b38-59d598c6a3de/4dec718a-471b-407f-920b-4449345ce3a3"]
                      ),
                      "-",
                      #"_a-0000eab3-f57a-8000-9bb4-011c48011c48_133776"(
                        ri!asset[#"urn:appian:record-field:v1:c7c1accb-c59c-45e7-9b38-59d598c6a3de/4dec718a-471b-407f-920b-4449345ce3a3"]
                      )
                    ),
                    saveInto: {},
                    refreshAfter: "UNFOCUS",
                    readOnly: true,
                    validations: {}
                  ),
                  #"SYSTEM_SYSRULES_richTextDisplayField"(
                    label: "Modified On",
                    labelPosition: "JUSTIFIED",
                    value: {
                      #"SYSTEM_SYSRULES_richTextIcon"(
                        icon: "calendar"
                      )
                      ,
                      #"SYSTEM_SYSRULES_richTextItem_v1"(
                        text: ri!asset[#"urn:appian:record-field:v1:c7c1accb-c59c-45e7-9b38-59d598c6a3de/29e3029e-0622-4e60-8171-5cfcaff33a1f"]
                      )
                    }
                  ),
                  #"SYSTEM_SYSRULES_textField"(
                    label: "Modified By",
                    labelPosition: "JUSTIFIED",
                    value: if(
                      a!isNullOrEmpty(
                        ri!asset[#"urn:appian:record-field:v1:c7c1accb-c59c-45e7-9b38-59d598c6a3de/efa77d7b-70a2-4c33-b1b0-12149b27926b"]
                      ),
                      "-",
                      #"_a-0000eab3-f57a-8000-9bb4-011c48011c48_133776"(
                        ri!asset[#"urn:appian:record-field:v1:c7c1accb-c59c-45e7-9b38-59d598c6a3de/efa77d7b-70a2-4c33-b1b0-12149b27926b"]
                      )
                    ),
                    saveInto: {},
                    refreshAfter: "UNFOCUS",
                    readOnly: true,
                    validations: {}
                  )
                },
                style: "#93c47d",
                shape: "ROUNDED",
                marginBelow: "STANDARD",
                showShadow: true
              )
            }
          )
        }
      )
    }
  )
}</definition>
        <namedTypedValue>
            <name>asset</name>
            <type>
                <name>c7c1accb-c59c-45e7-9b38-59d598c6a3de</name>
                <namespace>urn:com:appian:recordtype:datatype</namespace>
            </type>
        </namedTypedValue>
        <preferredEditor>interface</preferredEditor>
        <offlineEnabled>false</offlineEnabled>
        <isCustom>false</isCustom>
    </interface>
    <roleMap public="true">
        <role inherit="true" allowForAll="false" name="readers">
            <users/>
            <groups/>
        </role>
        <role inherit="true" allowForAll="false" name="authors">
            <users/>
            <groups/>
        </role>
        <role inherit="true" allowForAll="false" name="administrators">
            <users/>
            <groups/>
        </role>
        <role inherit="false" allowForAll="false" name="denyReaders">
            <users/>
            <groups/>
        </role>
        <role inherit="false" allowForAll="false" name="denyAuthors">
            <users/>
            <groups/>
        </role>
        <role inherit="false" allowForAll="false" name="denyAdministrators">
            <users/>
            <groups/>
        </role>
    </roleMap>
    <typedValue>
        <type>
            <name>RuleTestConfig?list</name>
            <namespace>http://www.appian.com/ae/types/2009</namespace>
        </type>
        <value>
            <el>
                <a:name/>
                <a:ruleInputTestConfigs>
                    <a:value xmlns:xsi="http://www.w3.org/2001/XMLSchema-instance" xsi:type="a:Expression">{createdBy: "rcfernandez92@gmail.com",
lastmodifiedby: "rcfernandez92@gmail.com"}</a:value>
                    <a:nameRef>asset</a:nameRef>
                    <a:id>1</a:id>
                </a:ruleInputTestConfigs>
                <a:assertions xmlns:xsi="http://www.w3.org/2001/XMLSchema-instance" xsi:nil="true"/>
            </el>
        </value>
    </typedValue>
    <history>
        <historyInfo versionUuid="_a-0000eab3-f57a-8000-9bb4-011c48011c48_133845"/>
    </history>
</contentHaul>
