<?xml version="1.0" encoding="UTF-8" standalone="yes"?>
<contentHaul xmlns:a="http://www.appian.com/ae/types/2009">
    <versionUuid>_a-0000eab3-f57a-8000-9bb4-011c48011c48_138553</versionUuid>
    <interface>
        <name>AIA_RequestCreationForm</name>
        <uuid>_a-0000eab3-f57a-8000-9bb4-011c48011c48_137647</uuid>
        <description></description>
        <parentUuid>_a-0000eab3-f57a-8000-9bb4-011c48011c48_133670</parentUuid>
        <visibility>
            <advertise>false</advertise>
            <hierarchy>true</hierarchy>
            <indexable>true</indexable>
            <quota>false</quota>
            <searchable>true</searchable>
            <system>false</system>
            <unlogged>false</unlogged>
        </visibility>
        <definition>#"SYSTEM_SYSRULES_formLayout_v1"(
  label: "",
  contents: {
    {
        {
          #"SYSTEM_SYSRULES_cardChoiceField"(
            label: "Request Category",
            labelPosition: "ABOVE",
            data: #"urn:appian:record-type:v1:f962a883-1c2a-430d-8c15-ade21c0db7b0",
            cardTemplate: #"SYSTEM_SYSRULES_cardTemplateBarTextStacked"(
              id: fv!data[#"urn:appian:record-field:v1:f962a883-1c2a-430d-8c15-ade21c0db7b0/d9fea322-da87-4501-ba19-97a87154d150"],
              primaryText: fv!data[#"urn:appian:record-field:v1:f962a883-1c2a-430d-8c15-ade21c0db7b0/3d1ac929-cfe3-4731-bb0c-5869e9f3a81e"],
              icon: fv!data[#"urn:appian:record-field:v1:f962a883-1c2a-430d-8c15-ade21c0db7b0/8e5e0785-d745-44ba-975a-6515b2d910d9"],
              iconColor: "POSITIVE"
            ),
            value: ri!request[#"urn:appian:record-field:v1:3e4325eb-73c5-4416-b649-eba17aedeea6/037399b2-09d8-4c19-9e5f-64a837527d80"],
            saveInto: ri!request[#"urn:appian:record-field:v1:3e4325eb-73c5-4416-b649-eba17aedeea6/037399b2-09d8-4c19-9e5f-64a837527d80"],
            maxSelections: 1,
            align: "CENTER",
            showShadow: true,
            required: true
          )
        },
      #"SYSTEM_SYSRULES_sectionLayout_v1"(
        label: "",
        contents: {
          #"SYSTEM_SYSRULES_radioButtonField"(
            label: "Device to Repair",
            labelPosition: "ABOVE",
            choiceLabels: {
              index(
                #"_a-0000eab3-f57a-8000-9bb4-011c48011c48_137686"(),
                #"urn:appian:record-field:v1:c7c1accb-c59c-45e7-9b38-59d598c6a3de/2e296317-d105-4264-a22f-ca278233e854"
              )
            },
            choiceValues: {
              index(
                #"_a-0000eab3-f57a-8000-9bb4-011c48011c48_137686"(),
                #"urn:appian:record-field:v1:c7c1accb-c59c-45e7-9b38-59d598c6a3de/b81f717e-2c30-4296-9c2b-832e3d1aa8a6"
              )
            },
            value: 
              ri!request[#"urn:appian:record-field:v1:3e4325eb-73c5-4416-b649-eba17aedeea6/f34d99f6-62dc-44e3-a006-9dc5b34f8cf0"],
            saveInto: ri!request[#"urn:appian:record-field:v1:3e4325eb-73c5-4416-b649-eba17aedeea6/f34d99f6-62dc-44e3-a006-9dc5b34f8cf0"],
            showWhen: if(
              cast(
    1,
    ri!request[#"urn:appian:record-field:v1:3e4325eb-73c5-4416-b649-eba17aedeea6/037399b2-09d8-4c19-9e5f-64a837527d80"]
  ) = 1,
              true(),
              false()
            ),
            choiceLayout: "STACKED",
            validations: {}
          ),
          #"SYSTEM_SYSRULES_dropdownField_v1"(
            label: "Device Type",
            labelPosition: "ABOVE",
            placeholder: "--- Select a Value ---",
            choiceLabels: {
              index(#"_a-0000eab3-f57a-8000-9bb4-011c48011c48_133852"(),#"urn:appian:record-field:v1:70635a44-0cba-45de-970e-aef5f08f5e46/769429c2-1d5e-454f-b2fa-14bb2844c814")
            },
            choiceValues: {
              index(#"_a-0000eab3-f57a-8000-9bb4-011c48011c48_133852"(),#"urn:appian:record-field:v1:70635a44-0cba-45de-970e-aef5f08f5e46/af3826aa-6088-49a6-8c94-7d2678732263")
            },
            value: ri!request[#"urn:appian:record-field:v1:3e4325eb-73c5-4416-b649-eba17aedeea6/59d2dc07-45d5-4277-9bb6-1f66becd8a90"],
            saveInto: ri!request[#"urn:appian:record-field:v1:3e4325eb-73c5-4416-b649-eba17aedeea6/59d2dc07-45d5-4277-9bb6-1f66becd8a90"],
            searchDisplay: "AUTO",
            showWhen: if(
              cast(
    1,
    ri!request[#"urn:appian:record-field:v1:3e4325eb-73c5-4416-b649-eba17aedeea6/037399b2-09d8-4c19-9e5f-64a837527d80"]
  ) = 2,
              true(),
              false()
            ),
            validations: {}
          )
        }
      )
    },
    #"SYSTEM_SYSRULES_sectionLayout_v1"(
      label: "",
      contents: {
        #"SYSTEM_SYSRULES_sideBySideLayout"(
          items: {
            #"SYSTEM_SYSRULES_sideBySideItem"(
              item: #"SYSTEM_SYSRULES_dropdownField_v1"(
                label: "Priority",
                labelPosition: "ABOVE",
                placeholder: "--- Select a Value ---",
                choiceLabels: {
                index(#"_a-0000eab3-f57a-8000-9bb4-011c48011c48_137768"(),#"urn:appian:record-field:v1:8b780b12-bfe5-4faf-bf63-0404a8f1c6bd/6c3cfe86-9252-4638-97ab-65672fc7adf6")
                },
                choiceValues: {
                  index(
                    #"_a-0000eab3-f57a-8000-9bb4-011c48011c48_137768"(),#"urn:appian:record-field:v1:8b780b12-bfe5-4faf-bf63-0404a8f1c6bd/f8331b83-162c-45cc-a5eb-a22e9531103f"
                  )
                },
                value: 
                  ri!request[#"urn:appian:record-field:v1:3e4325eb-73c5-4416-b649-eba17aedeea6/680b2911-effa-4698-831e-42c769c48de3"],
                saveInto: ri!request[#"urn:appian:record-field:v1:3e4325eb-73c5-4416-b649-eba17aedeea6/680b2911-effa-4698-831e-42c769c48de3"],
                searchDisplay: "AUTO",
                validations: {}
              )
            ),
            #"SYSTEM_SYSRULES_sideBySideItem"(
              item: #"SYSTEM_SYSRULES_paragraphField"(
                label: "Description",
                labelPosition: "ABOVE",
                value: ri!request[#"urn:appian:record-field:v1:3e4325eb-73c5-4416-b649-eba17aedeea6/fa358f51-4727-4cff-b251-02d75c06fbff"],
                saveInto: ri!request[#"urn:appian:record-field:v1:3e4325eb-73c5-4416-b649-eba17aedeea6/fa358f51-4727-4cff-b251-02d75c06fbff"],
                refreshAfter: "UNFOCUS",
                height: "MEDIUM",
                validations: {}
              )
            )
          }
        )
      }
    )
  },
  buttons: #"SYSTEM_SYSRULES_ButtonLayout"(
    primaryButtons: {
      #"SYSTEM_SYSRULES_ButtonWidget"(
        label: "Submit",
        saveInto: {
          a!save(ri!cancel, false()),
          if(
            ri!request[#"urn:appian:record-field:v1:3e4325eb-73c5-4416-b649-eba17aedeea6/037399b2-09d8-4c19-9e5f-64a837527d80"] &lt;&gt; 1,
            a!save(
              ri!request[#"urn:appian:record-field:v1:3e4325eb-73c5-4416-b649-eba17aedeea6/f34d99f6-62dc-44e3-a006-9dc5b34f8cf0"],
              null
            ),
            ""
          ),
          if(
            ri!request[#"urn:appian:record-field:v1:3e4325eb-73c5-4416-b649-eba17aedeea6/037399b2-09d8-4c19-9e5f-64a837527d80"] &lt;&gt; 2,
            a!save(
              ri!request[#"urn:appian:record-field:v1:3e4325eb-73c5-4416-b649-eba17aedeea6/59d2dc07-45d5-4277-9bb6-1f66becd8a90"],
              null()
            ),
            ""
          ),
          a!save(
            ri!request[#"urn:appian:record-field:v1:3e4325eb-73c5-4416-b649-eba17aedeea6/02f61946-ea43-45ea-9791-b5ca5fe2cc14"],
            now()
          ),
          a!save(
            ri!request[#"urn:appian:record-field:v1:3e4325eb-73c5-4416-b649-eba17aedeea6/b4e96aad-fb50-4380-9e7b-2cc9e9c3c13c"],
            loggedInUser()
          ),
          a!save(
            ri!request[#"urn:appian:record-field:v1:3e4325eb-73c5-4416-b649-eba17aedeea6/e319f8d6-19d9-4b5a-b7e4-e3dcd882570c"],
            1
          )
        },
        submit: true,
        style: "PRIMARY",
        loadingIndicator: true
      )
    },
    secondaryButtons: {
      #"SYSTEM_SYSRULES_ButtonWidget"(
        label: "Cancel",
        value: true,
        saveInto: ri!cancel,
        submit: true,
        style: "NORMAL",
        validate: false
      )
    }
  )
)</definition>
        <namedTypedValue>
            <name>request</name>
            <type>
                <name>3e4325eb-73c5-4416-b649-eba17aedeea6</name>
                <namespace>urn:com:appian:recordtype:datatype</namespace>
            </type>
        </namedTypedValue>
        <namedTypedValue>
            <name>cancel</name>
            <type>
                <name>boolean</name>
                <namespace>http://www.w3.org/2001/XMLSchema</namespace>
            </type>
        </namedTypedValue>
        <preferredEditor>interface</preferredEditor>
        <offlineEnabled>false</offlineEnabled>
        <isCustom>false</isCustom>
    </interface>
    <roleMap public="true">
        <role inherit="true" allowForAll="false" name="readers">
            <users/>
            <groups/>
        </role>
        <role inherit="true" allowForAll="false" name="authors">
            <users/>
            <groups/>
        </role>
        <role inherit="true" allowForAll="false" name="administrators">
            <users/>
            <groups/>
        </role>
        <role inherit="false" allowForAll="false" name="denyReaders">
            <users/>
            <groups/>
        </role>
        <role inherit="false" allowForAll="false" name="denyAuthors">
            <users/>
            <groups/>
        </role>
        <role inherit="false" allowForAll="false" name="denyAdministrators">
            <users/>
            <groups/>
        </role>
    </roleMap>
    <history>
        <historyInfo versionUuid="_a-0000eab3-f57a-8000-9bb4-011c48011c48_138553"/>
    </history>
</contentHaul>
