<?xml version="1.0" encoding="UTF-8" standalone="yes"?>
<contentHaul xmlns:a="http://www.appian.com/ae/types/2009">
    <versionUuid>_a-0000eac6-85bc-8000-9bb6-011c48011c48_177527</versionUuid>
    <interface>
        <name>AIA_AverageRequestCompletionTimeKPI</name>
        <uuid>_a-0000eac6-85bc-8000-9bb6-011c48011c48_170172</uuid>
        <description></description>
        <parentUuid>_a-0000eab3-f57a-8000-9bb4-011c48011c48_133670</parentUuid>
        <visibility>
            <advertise>false</advertise>
            <hierarchy>true</hierarchy>
            <indexable>true</indexable>
            <quota>false</quota>
            <searchable>true</searchable>
            <system>false</system>
            <unlogged>false</unlogged>
        </visibility>
        <definition>{
  a!localVariables(
    /* Creates an array of opportunities (opps) */
    /* This would typically be returned with a query */
    /* Set targets for the KPIs */
    local!stageTarget: #"_a-0000eac6-85bc-8000-9bb6-011c48011c48_177515",
    local!averageCompletion: #"_a-0000eac6-85bc-8000-9bb6-011c48011c48_170178"(),
    {
      #"SYSTEM_SYSRULES_columnsLayout"(
        columns: {
          #"SYSTEM_SYSRULES_columnLayout"(
            contents: {
              #"SYSTEM_SYSRULES_columnsLayout"(
                columns: {
                  #"SYSTEM_SYSRULES_columnLayout"(
                    contents: {
                      #"SYSTEM_SYSRULES_cardLayout"(
                        contents: {
                          #"SYSTEM_SYSRULES_richTextDisplayField"(
                            labelPosition: "COLLAPSED",
                            value: {
                              #"SYSTEM_SYSRULES_richTextItem_v1"(
                                text: {
                                  "Avg Time to Close"
                                },
                                color: "SECONDARY",
                                style: {
                                  "STRONG"
                                }
                              )
                            }
                          ),
                          #"SYSTEM_SYSRULES_sideBySideLayout"(
                            items: {
                              #"SYSTEM_SYSRULES_sideBySideItem"(
                                item: #"SYSTEM_SYSRULES_richTextDisplayField"(
                                  labelPosition: "COLLAPSED",
                                  value: {
                                    /* Returns a count of all the active opportunities in stage 3 */
                                    #"SYSTEM_SYSRULES_richTextItem_v1"(
                                      text: {local!averageCompletion},
                                      /* This changes the color of the text depending on whether or not the target was hit */
                                      color: if(local!averageCompletion &lt;= local!stageTarget, "POSITIVE", "NEGATIVE"),
                                      size: "LARGE"
                                    ),
                                    "   ",
                                    #"SYSTEM_SYSRULES_richTextIcon"(icon: "flag-checkered", size: "LARGE")
                                  }
                                )
                              ),
                              #"SYSTEM_SYSRULES_sideBySideItem"(
                                item: #"SYSTEM_SYSRULES_richTextDisplayField"(
                                  labelPosition: "COLLAPSED",
                                  value: {
                                    #"SYSTEM_SYSRULES_richTextIcon"(icon: "bullseye", color: "SECONDARY"),
                                    " ",
                                    #"SYSTEM_SYSRULES_richTextItem_v1"(text: {local!stageTarget}, color: "SECONDARY")
                                  },
                                  align: "RIGHT"
                                ),
                                width: "MINIMIZE"
                              )
                            },
                            alignVertical: "BOTTOM"
                          )
                        }
                      )
                    }
                  )
                }
              )
            }
          )
        },
        stackWhen: {
          "PHONE",
          "TABLET_PORTRAIT",
          "TABLET_LANDSCAPE",
          "DESKTOP_NARROW",
          "DESKTOP",
          "DESKTOP_WIDE"
        }
      )
    }
  )
}</definition>
        <preferredEditor>interface</preferredEditor>
        <offlineEnabled>false</offlineEnabled>
        <isCustom>false</isCustom>
    </interface>
    <roleMap public="true">
        <role inherit="true" allowForAll="false" name="readers">
            <users/>
            <groups/>
        </role>
        <role inherit="true" allowForAll="false" name="authors">
            <users/>
            <groups/>
        </role>
        <role inherit="true" allowForAll="false" name="administrators">
            <users/>
            <groups/>
        </role>
        <role inherit="false" allowForAll="false" name="denyReaders">
            <users/>
            <groups/>
        </role>
        <role inherit="false" allowForAll="false" name="denyAuthors">
            <users/>
            <groups/>
        </role>
        <role inherit="false" allowForAll="false" name="denyAdministrators">
            <users/>
            <groups/>
        </role>
    </roleMap>
    <history>
        <historyInfo versionUuid="_a-0000eac6-85bc-8000-9bb6-011c48011c48_177527"/>
    </history>
</contentHaul>
