<?xml version="1.0" encoding="UTF-8" standalone="yes"?>
<contentHaul xmlns:a="http://www.appian.com/ae/types/2009">
    <versionUuid>_a-0000eab3-f57a-8000-9bb4-011c48011c48_137735</versionUuid>
    <rule>
        <name>AIA_GetAssetListByLoggedinUser</name>
        <uuid>_a-0000eab3-f57a-8000-9bb4-011c48011c48_137686</uuid>
        <description></description>
        <parentUuid>_a-0000eab3-f57a-8000-9bb4-011c48011c48_133654</parentUuid>
        <visibility>
            <advertise>false</advertise>
            <hierarchy>true</hierarchy>
            <indexable>true</indexable>
            <quota>false</quota>
            <searchable>true</searchable>
            <system>false</system>
            <unlogged>false</unlogged>
        </visibility>
        <definition>  #"SYSTEM_SYSRULES_queryRecordType_v1"(
    pagingInfo: #"SYSTEM_SYSRULES_pagingInfo"(batchSize: 100, startIndex: 1),
    recordType: #"urn:appian:record-type:v1:c7c1accb-c59c-45e7-9b38-59d598c6a3de",
    fields: #"urn:appian:record-field:v1:c7c1accb-c59c-45e7-9b38-59d598c6a3de/2e296317-d105-4264-a22f-ca278233e854",
    filters: {
      #"SYSTEM_SYSRULES_queryFilter"(
        field: #"urn:appian:record-field:v1:c7c1accb-c59c-45e7-9b38-59d598c6a3de/de985c0d-c36f-4eb8-bdf9-cc04d9a17454",
        operator: "=",
        value: loggedInUser()
      )
    }
  ).data,
</definition>
        <preferredEditor>legacy</preferredEditor>
        <offlineEnabled>false</offlineEnabled>
    </rule>
    <roleMap public="true">
        <role inherit="true" allowForAll="false" name="readers">
            <users/>
            <groups/>
        </role>
        <role inherit="true" allowForAll="false" name="authors">
            <users/>
            <groups/>
        </role>
        <role inherit="true" allowForAll="false" name="administrators">
            <users/>
            <groups/>
        </role>
        <role inherit="false" allowForAll="false" name="denyReaders">
            <users/>
            <groups/>
        </role>
        <role inherit="false" allowForAll="false" name="denyAuthors">
            <users/>
            <groups/>
        </role>
        <role inherit="false" allowForAll="false" name="denyAdministrators">
            <users/>
            <groups/>
        </role>
    </roleMap>
    <history>
        <historyInfo versionUuid="_a-0000eab3-f57a-8000-9bb4-011c48011c48_137735"/>
    </history>
</contentHaul>
