<?xml version="1.0" encoding="UTF-8" standalone="yes"?>
<contentHaul xmlns:a="http://www.appian.com/ae/types/2009">
    <versionUuid>_a-0000eab3-f57a-8000-9bb4-011c48011c48_137742</versionUuid>
    <rule>
        <name>AIA_ReturnAssetType</name>
        <uuid>_a-0000eab3-f57a-8000-9bb4-011c48011c48_133852</uuid>
        <description></description>
        <parentUuid>_a-0000eab3-f57a-8000-9bb4-011c48011c48_133654</parentUuid>
        <visibility>
            <advertise>false</advertise>
            <hierarchy>true</hierarchy>
            <indexable>true</indexable>
            <quota>false</quota>
            <searchable>true</searchable>
            <system>false</system>
            <unlogged>false</unlogged>
        </visibility>
        <definition>  #"SYSTEM_SYSRULES_queryRecordType_v1"(
    recordType: #"urn:appian:record-type:v1:70635a44-0cba-45de-970e-aef5f08f5e46",
    fields: {
      #"urn:appian:record-field:v1:70635a44-0cba-45de-970e-aef5f08f5e46/769429c2-1d5e-454f-b2fa-14bb2844c814"
    },
    filters: #"SYSTEM_SYSRULES_queryLogicalExpression"(
      operator: "AND",
      filters: {
        #"SYSTEM_SYSRULES_queryFilter"(
          field: #"urn:appian:record-field:v1:70635a44-0cba-45de-970e-aef5f08f5e46/366633a3-fadd-4750-806e-3bf14a2fbc8b",
          operator: "=",
          value: true
        )
      },
      ignoreFiltersWithEmptyValues: true
    ),
    pagingInfo: #"SYSTEM_SYSRULES_pagingInfo"(startIndex: 1, batchSize: 100)
  ).data</definition>
        <preferredEditor>legacy</preferredEditor>
        <offlineEnabled>false</offlineEnabled>
    </rule>
    <roleMap public="true">
        <role inherit="true" allowForAll="false" name="readers">
            <users/>
            <groups/>
        </role>
        <role inherit="true" allowForAll="false" name="authors">
            <users/>
            <groups/>
        </role>
        <role inherit="true" allowForAll="false" name="administrators">
            <users/>
            <groups/>
        </role>
        <role inherit="false" allowForAll="false" name="denyReaders">
            <users/>
            <groups/>
        </role>
        <role inherit="false" allowForAll="false" name="denyAuthors">
            <users/>
            <groups/>
        </role>
        <role inherit="false" allowForAll="false" name="denyAdministrators">
            <users/>
            <groups/>
        </role>
    </roleMap>
    <history>
        <historyInfo versionUuid="_a-0000eab3-f57a-8000-9bb4-011c48011c48_137742"/>
    </history>
</contentHaul>
