<?xml version="1.0" encoding="UTF-8" standalone="yes"?>
<contentHaul xmlns:a="http://www.appian.com/ae/types/2009">
    <versionUuid>_a-0000eac6-85bc-8000-9bb6-011c48011c48_168267</versionUuid>
    <interface>
        <name>AIA_RequestManagementInterface</name>
        <uuid>_a-0000eab3-f57a-8000-9bb4-011c48011c48_140996</uuid>
        <description></description>
        <parentUuid>_a-0000eab3-f57a-8000-9bb4-011c48011c48_133670</parentUuid>
        <visibility>
            <advertise>false</advertise>
            <hierarchy>true</hierarchy>
            <indexable>true</indexable>
            <quota>false</quota>
            <searchable>true</searchable>
            <system>false</system>
            <unlogged>false</unlogged>
        </visibility>
        <definition>a!localVariables(
  local!row,
   {
      #"SYSTEM_SYSRULES_sectionLayout_v1"(
        label: "",
        contents: {
          #"SYSTEM_SYSRULES_gridField_v1"(
            label: "Pending Request",
            labelPosition: "ABOVE",
            data: #"SYSTEM_SYSRULES_recordData"(
              recordType: #"urn:appian:record-type:v1:3e4325eb-73c5-4416-b649-eba17aedeea6",
              filters: #"SYSTEM_SYSRULES_queryLogicalExpression"(
                operator: "AND",
                filters: {
                  #"SYSTEM_SYSRULES_queryFilter"(
                    field: #"urn:appian:record-field:v1:3e4325eb-73c5-4416-b649-eba17aedeea6/2e3fb373-bfff-42c8-ac46-5433e5db4d16",
                    operator: "is null"
                  )
                },
                ignoreFiltersWithEmptyValues: true
              )
            ),
            columns: {
              #"SYSTEM_SYSRULES_gridColumn"(
                label: "Request ID",
                sortField: #"urn:appian:record-field:v1:3e4325eb-73c5-4416-b649-eba17aedeea6/85fb41e2-6a2a-4b43-bb6e-edbbd98d5267",
                value: #"SYSTEM_SYSRULES_linkField"(
                  links: {
                    #"SYSTEM_SYSRULES_recordLink"(
                      label: "REQ#" &amp; fv!row[#"urn:appian:record-field:v1:3e4325eb-73c5-4416-b649-eba17aedeea6/85fb41e2-6a2a-4b43-bb6e-edbbd98d5267"],
                      recordType: #"urn:appian:record-type:v1:3e4325eb-73c5-4416-b649-eba17aedeea6",
                      identifier: fv!identifier
                    )
                  }
                ),
                align: "START"
              ),
              #"SYSTEM_SYSRULES_gridColumn"(
                label: "Description",
                sortField: #"urn:appian:record-field:v1:3e4325eb-73c5-4416-b649-eba17aedeea6/fa358f51-4727-4cff-b251-02d75c06fbff",
                value: fv!row[#"urn:appian:record-field:v1:3e4325eb-73c5-4416-b649-eba17aedeea6/fa358f51-4727-4cff-b251-02d75c06fbff"],
                align: "START"
              ),
              #"SYSTEM_SYSRULES_gridColumn"(
                label: "Priority",
                sortField: #"urn:appian:record-field:v1:3e4325eb-73c5-4416-b649-eba17aedeea6/680b2911-effa-4698-831e-42c769c48de3",
                value: fv!row[#"urn:appian:record-field:v1:3e4325eb-73c5-4416-b649-eba17aedeea6/953c3336-9c0d-4466-8d36-588d86aa4350/6c3cfe86-9252-4638-97ab-65672fc7adf6"],
                align: "START"
              ),
              #"SYSTEM_SYSRULES_gridColumn"(
                label: "Category",
                sortField: #"urn:appian:record-field:v1:3e4325eb-73c5-4416-b649-eba17aedeea6/037399b2-09d8-4c19-9e5f-64a837527d80",
                value: fv!row[#"urn:appian:record-field:v1:3e4325eb-73c5-4416-b649-eba17aedeea6/55380c04-8e05-4a6a-8c74-833472ffebe9/3d1ac929-cfe3-4731-bb0c-5869e9f3a81e"],
                align: "START"
              ),
              #"SYSTEM_SYSRULES_gridColumn"(
                label: "Created On",
                sortField: #"urn:appian:record-field:v1:3e4325eb-73c5-4416-b649-eba17aedeea6/02f61946-ea43-45ea-9791-b5ca5fe2cc14",
                value: if(
                isnull(fv!row[#"urn:appian:record-field:v1:3e4325eb-73c5-4416-b649-eba17aedeea6/02f61946-ea43-45ea-9791-b5ca5fe2cc14"]),
                fv!row[#"urn:appian:record-field:v1:3e4325eb-73c5-4416-b649-eba17aedeea6/02f61946-ea43-45ea-9791-b5ca5fe2cc14"],
                datetext(fv!row[#"urn:appian:record-field:v1:3e4325eb-73c5-4416-b649-eba17aedeea6/02f61946-ea43-45ea-9791-b5ca5fe2cc14"], "default")
                ),
                align: "START"
              ),
              #"SYSTEM_SYSRULES_gridColumn"(
                label: "Created By",
                sortField: #"urn:appian:record-field:v1:3e4325eb-73c5-4416-b649-eba17aedeea6/b4e96aad-fb50-4380-9e7b-2cc9e9c3c13c",
                value: #"_a-0000eab3-f57a-8000-9bb4-011c48011c48_133776"(fv!row[#"urn:appian:record-field:v1:3e4325eb-73c5-4416-b649-eba17aedeea6/b4e96aad-fb50-4380-9e7b-2cc9e9c3c13c"]),
                align: "START"
              ),
                #"SYSTEM_SYSRULES_gridColumn"(
                label: "",
                value: #"SYSTEM_SYSRULES_ButtonArrayLayout"(
                  buttons: {
                    #"SYSTEM_SYSRULES_ButtonWidget"(
                      label: "Accept Request",
                      saveInto: {
                        a!save(local!row, fv!row),
                        a!save(
                          local!row[#"urn:appian:record-field:v1:3e4325eb-73c5-4416-b649-eba17aedeea6/2e3fb373-bfff-42c8-ac46-5433e5db4d16"],
                          loggedInUser()
                        ),
                        a!save(
                          local!row[#"urn:appian:record-field:v1:3e4325eb-73c5-4416-b649-eba17aedeea6/e319f8d6-19d9-4b5a-b7e4-e3dcd882570c"],
                          2
                        ),
                        a!save(
                          local!row[#"urn:appian:record-field:v1:3e4325eb-73c5-4416-b649-eba17aedeea6/7fed82dc-e57b-4225-9b7c-4a016ef5df69"],
                          loggedInUser()
                        ),
                        a!save(
                          local!row[#"urn:appian:record-field:v1:3e4325eb-73c5-4416-b649-eba17aedeea6/92902957-7dc6-4b11-b285-87b1eb84f355"],
                          now()
                        ),
                        #"SYSTEM_SYSRULES_startProcess"(
                          processModel: #"_a-0000eab3-f57a-8000-9bb4-011c48011c48_141397",
                          processParameters: { cancel: false(), record: local!row }
                        )
                      },
                      submit: true,
                      size: "SMALL",
                      style: "PRIMARY",
                      confirmMessage: "Accept Request?",
                      confirmButtonLabel: "Yes",
                      cancelButtonLabel: "No"
                    )
                  }
                ),
                align: "CENTER"
              )
            },
            initialSorts: {
              #"SYSTEM_SYSRULES_sortInfo"(
                field: #"urn:appian:record-field:v1:3e4325eb-73c5-4416-b649-eba17aedeea6/680b2911-effa-4698-831e-42c769c48de3",
                ascending: true()
              )
            },
            validations: {},
            refreshAlways: true,
            refreshAfter: "RECORD_ACTION",
            showSearchBox: true,
            showRefreshButton: true,
            recordActions: {}
          )
        }
      ),
      #"SYSTEM_SYSRULES_gridField_v1"(
        label: "Assigned To Me",
        labelPosition: "ABOVE",
        data: #"SYSTEM_SYSRULES_recordData"(
          recordType: #"urn:appian:record-type:v1:3e4325eb-73c5-4416-b649-eba17aedeea6",
          filters: #"SYSTEM_SYSRULES_queryLogicalExpression"(
            operator: "AND",
            filters: {
              #"SYSTEM_SYSRULES_queryFilter"(
                field: #"urn:appian:record-field:v1:3e4325eb-73c5-4416-b649-eba17aedeea6/2e3fb373-bfff-42c8-ac46-5433e5db4d16",
                operator: "=",
                value: loggedInUser()
              ),
              #"SYSTEM_SYSRULES_queryFilter"(
                field: #"urn:appian:record-field:v1:3e4325eb-73c5-4416-b649-eba17aedeea6/e319f8d6-19d9-4b5a-b7e4-e3dcd882570c",
                operator: "&lt;&gt;",
                value: 3
              )
            },
            ignoreFiltersWithEmptyValues: true
          )
        ),
        columns: {
          #"SYSTEM_SYSRULES_gridColumn"(
            label: "Request ID",
            sortField: #"urn:appian:record-field:v1:3e4325eb-73c5-4416-b649-eba17aedeea6/85fb41e2-6a2a-4b43-bb6e-edbbd98d5267",
            value: #"SYSTEM_SYSRULES_linkField"(
              links: {
                #"SYSTEM_SYSRULES_recordLink"(
                  label: "REQ#" &amp; fv!row[#"urn:appian:record-field:v1:3e4325eb-73c5-4416-b649-eba17aedeea6/85fb41e2-6a2a-4b43-bb6e-edbbd98d5267"],
                  recordType: #"urn:appian:record-type:v1:3e4325eb-73c5-4416-b649-eba17aedeea6",
                  identifier: fv!identifier
                )
              }
            ),
            align: "START"
          ),
          #"SYSTEM_SYSRULES_gridColumn"(
            label: "Description",
            sortField: #"urn:appian:record-field:v1:3e4325eb-73c5-4416-b649-eba17aedeea6/fa358f51-4727-4cff-b251-02d75c06fbff",
            value: fv!row[#"urn:appian:record-field:v1:3e4325eb-73c5-4416-b649-eba17aedeea6/fa358f51-4727-4cff-b251-02d75c06fbff"],
            align: "START"
          ),
          #"SYSTEM_SYSRULES_gridColumn"(
            label: "Priority",
            sortField: #"urn:appian:record-field:v1:3e4325eb-73c5-4416-b649-eba17aedeea6/680b2911-effa-4698-831e-42c769c48de3",
            value: fv!row[#"urn:appian:record-field:v1:3e4325eb-73c5-4416-b649-eba17aedeea6/953c3336-9c0d-4466-8d36-588d86aa4350/6c3cfe86-9252-4638-97ab-65672fc7adf6"],
            align: "START"
          ),
          #"SYSTEM_SYSRULES_gridColumn"(
            label: "Category",
            sortField: #"urn:appian:record-field:v1:3e4325eb-73c5-4416-b649-eba17aedeea6/037399b2-09d8-4c19-9e5f-64a837527d80",
            value: fv!row[#"urn:appian:record-field:v1:3e4325eb-73c5-4416-b649-eba17aedeea6/55380c04-8e05-4a6a-8c74-833472ffebe9/3d1ac929-cfe3-4731-bb0c-5869e9f3a81e"],
            align: "START"
          ),
          #"SYSTEM_SYSRULES_gridColumn"(
            label: "Created On",
            sortField: #"urn:appian:record-field:v1:3e4325eb-73c5-4416-b649-eba17aedeea6/02f61946-ea43-45ea-9791-b5ca5fe2cc14",
            value: if(
            isnull(fv!row[#"urn:appian:record-field:v1:3e4325eb-73c5-4416-b649-eba17aedeea6/02f61946-ea43-45ea-9791-b5ca5fe2cc14"]),
            fv!row[#"urn:appian:record-field:v1:3e4325eb-73c5-4416-b649-eba17aedeea6/02f61946-ea43-45ea-9791-b5ca5fe2cc14"],
            datetext(fv!row[#"urn:appian:record-field:v1:3e4325eb-73c5-4416-b649-eba17aedeea6/02f61946-ea43-45ea-9791-b5ca5fe2cc14"], "default")
            ),
            align: "START"
          ),
          #"SYSTEM_SYSRULES_gridColumn"(
            label: "Created By",
            sortField: #"urn:appian:record-field:v1:3e4325eb-73c5-4416-b649-eba17aedeea6/b4e96aad-fb50-4380-9e7b-2cc9e9c3c13c",
            value: #"_a-0000eab3-f57a-8000-9bb4-011c48011c48_133776"(fv!row[#"urn:appian:record-field:v1:3e4325eb-73c5-4416-b649-eba17aedeea6/b4e96aad-fb50-4380-9e7b-2cc9e9c3c13c"]),
            align: "START"
          ),
          #"SYSTEM_SYSRULES_gridColumn"(
            label: "",
            value: #"SYSTEM_SYSRULES_ButtonArrayLayout"(
              buttons: {
                #"SYSTEM_SYSRULES_ButtonWidget"(
                  label: "Close Request",
                  saveInto: {                                     
                    a!save(local!row, fv!row),
                    a!save(
                      local!row[#"urn:appian:record-field:v1:3e4325eb-73c5-4416-b649-eba17aedeea6/6e916f84-a051-4cfd-908a-b8ea5e5b67be"],
                      now()
                    ),
                    a!save(
                      local!row[#"urn:appian:record-field:v1:3e4325eb-73c5-4416-b649-eba17aedeea6/e319f8d6-19d9-4b5a-b7e4-e3dcd882570c"],
                      3
                    ),
                    a!save(
                      local!row[#"urn:appian:record-field:v1:3e4325eb-73c5-4416-b649-eba17aedeea6/7fed82dc-e57b-4225-9b7c-4a016ef5df69"],
                      loggedInUser()
                    ),
                    a!save(
                      local!row[#"urn:appian:record-field:v1:3e4325eb-73c5-4416-b649-eba17aedeea6/92902957-7dc6-4b11-b285-87b1eb84f355"],
                      now()
                    ),
                    #"SYSTEM_SYSRULES_startProcess"(
                      processModel: #"_a-0000eab3-f57a-8000-9bb4-011c48011c48_141397",
                      processParameters: { cancel: false(), record: local!row }
                    )
                  },
                  submit: true,
                  size: "SMALL",
                  style: "PRIMARY",
                  confirmMessage: "Close Request",
                  confirmButtonLabel: "Yes",
                  cancelButtonLabel: "No"
                )
              }
            ),
            align: "CENTER"
          )
        },
        validations: {},
        refreshAfter: "RECORD_ACTION",
        showSearchBox: true,
        showRefreshButton: false,
        recordActions: {}
      )
    }

)</definition>
        <preferredEditor>interface</preferredEditor>
        <offlineEnabled>false</offlineEnabled>
        <isCustom>false</isCustom>
    </interface>
    <roleMap public="true">
        <role inherit="true" allowForAll="false" name="readers">
            <users/>
            <groups/>
        </role>
        <role inherit="true" allowForAll="false" name="authors">
            <users/>
            <groups/>
        </role>
        <role inherit="true" allowForAll="false" name="administrators">
            <users/>
            <groups/>
        </role>
        <role inherit="false" allowForAll="false" name="denyReaders">
            <users/>
            <groups/>
        </role>
        <role inherit="false" allowForAll="false" name="denyAuthors">
            <users/>
            <groups/>
        </role>
        <role inherit="false" allowForAll="false" name="denyAdministrators">
            <users/>
            <groups/>
        </role>
    </roleMap>
    <history>
        <historyInfo versionUuid="_a-0000eac6-85bc-8000-9bb6-011c48011c48_168267"/>
    </history>
</contentHaul>
