<?xml version="1.0" encoding="UTF-8" standalone="yes"?>
<contentHaul xmlns:a="http://www.appian.com/ae/types/2009">
    <versionUuid>_a-0000eab3-f57a-8000-9bb4-011c48011c48_140665</versionUuid>
    <interface>
        <name>AIA_AssignedAssetList</name>
        <uuid>_a-0000eab3-f57a-8000-9bb4-011c48011c48_135464</uuid>
        <description></description>
        <parentUuid>_a-0000eab3-f57a-8000-9bb4-011c48011c48_133670</parentUuid>
        <visibility>
            <advertise>false</advertise>
            <hierarchy>true</hierarchy>
            <indexable>true</indexable>
            <quota>false</quota>
            <searchable>true</searchable>
            <system>false</system>
            <unlogged>false</unlogged>
        </visibility>
        <definition>{
  #"SYSTEM_SYSRULES_gridField_v1"(
    label: "My Assets",
    labelPosition: "ABOVE",
    data: #"SYSTEM_SYSRULES_recordData"(
      recordType: #"urn:appian:record-type:v1:c7c1accb-c59c-45e7-9b38-59d598c6a3de",
      filters: #"SYSTEM_SYSRULES_queryLogicalExpression"(
        operator: "AND",
        filters: {
          #"SYSTEM_SYSRULES_queryFilter"(
            field: #"urn:appian:record-field:v1:c7c1accb-c59c-45e7-9b38-59d598c6a3de/de985c0d-c36f-4eb8-bdf9-cc04d9a17454",
            operator: "=",
            value: loggedInUser()
          )
        },
        ignoreFiltersWithEmptyValues: true
      )
    ),
    columns: {
      #"SYSTEM_SYSRULES_gridColumn"(
        label: "Type",
        sortField: #"urn:appian:record-field:v1:c7c1accb-c59c-45e7-9b38-59d598c6a3de/fdc80d30-1f26-455e-9edb-81c5ac2476db",
        value: fv!row[#"urn:appian:record-field:v1:c7c1accb-c59c-45e7-9b38-59d598c6a3de/6687555d-44be-486e-abff-a74eae16dfb1/769429c2-1d5e-454f-b2fa-14bb2844c814"],
        align: "CENTER"
      ),
      #"SYSTEM_SYSRULES_gridColumn"(
        label: "Name",
        sortField: #"urn:appian:record-field:v1:c7c1accb-c59c-45e7-9b38-59d598c6a3de/2e296317-d105-4264-a22f-ca278233e854",
        value: fv!row[#"urn:appian:record-field:v1:c7c1accb-c59c-45e7-9b38-59d598c6a3de/2e296317-d105-4264-a22f-ca278233e854"],
        align: "CENTER"
      ),
      #"SYSTEM_SYSRULES_gridColumn"(
        label: "Serial Number",
        sortField: #"urn:appian:record-field:v1:c7c1accb-c59c-45e7-9b38-59d598c6a3de/31266e48-8f26-40f0-afa5-9242c44d9a30",
        value: #"SYSTEM_SYSRULES_linkField"(
          links: {
            #"SYSTEM_SYSRULES_recordLink"(
              label: fv!row[#"urn:appian:record-field:v1:c7c1accb-c59c-45e7-9b38-59d598c6a3de/31266e48-8f26-40f0-afa5-9242c44d9a30"],
              recordType: #"urn:appian:record-type:v1:c7c1accb-c59c-45e7-9b38-59d598c6a3de",
              identifier: fv!identifier
            )
          }
        ),
        align: "CENTER"
      )
    },
    validations: {},
    refreshOnReferencedVarChange: true,
    refreshAfter: "RECORD_ACTION",
    showSearchBox: false,
    showRefreshButton: false,
    recordActions: {}
  ),
  #"SYSTEM_SYSRULES_gridField_v1"(
    label: "My Requests",
    labelPosition: "ABOVE",
    data: #"SYSTEM_SYSRULES_recordData"(
      recordType: #"urn:appian:record-type:v1:3e4325eb-73c5-4416-b649-eba17aedeea6",
      filters: #"SYSTEM_SYSRULES_queryLogicalExpression"(
        operator: "AND",
        filters: {
          #"SYSTEM_SYSRULES_queryFilter"(
            field: #"urn:appian:record-field:v1:3e4325eb-73c5-4416-b649-eba17aedeea6/b4e96aad-fb50-4380-9e7b-2cc9e9c3c13c",
            operator: "=",
            value: loggedInUser()
          )
        },
        ignoreFiltersWithEmptyValues: true
      )
    ),
    columns: {
      #"SYSTEM_SYSRULES_gridColumn"(
        label: "Request ID",
        sortField: #"urn:appian:record-field:v1:3e4325eb-73c5-4416-b649-eba17aedeea6/85fb41e2-6a2a-4b43-bb6e-edbbd98d5267",
        value: #"SYSTEM_SYSRULES_linkField"(
          links: {
            #"SYSTEM_SYSRULES_recordLink"(
              label: "REQ#" &amp; fv!row[#"urn:appian:record-field:v1:3e4325eb-73c5-4416-b649-eba17aedeea6/85fb41e2-6a2a-4b43-bb6e-edbbd98d5267"],
              recordType: #"urn:appian:record-type:v1:3e4325eb-73c5-4416-b649-eba17aedeea6",
              identifier: fv!identifier
            )
          }
        ),
        align: "START"
      ),
      #"SYSTEM_SYSRULES_gridColumn"(
        label: "Status",
        sortField: #"urn:appian:record-field:v1:3e4325eb-73c5-4416-b649-eba17aedeea6/e76640e8-1b81-42d4-a809-e87f41e7a94b/3d7b7d7c-f224-4701-a5d9-ec5a62c34b0c",
        value: fv!row[#"urn:appian:record-field:v1:3e4325eb-73c5-4416-b649-eba17aedeea6/e76640e8-1b81-42d4-a809-e87f41e7a94b/3d7b7d7c-f224-4701-a5d9-ec5a62c34b0c"],
        align: "START"
      ),
      #"SYSTEM_SYSRULES_gridColumn"(
        label: "Category",
        sortField: #"urn:appian:record-field:v1:3e4325eb-73c5-4416-b649-eba17aedeea6/037399b2-09d8-4c19-9e5f-64a837527d80",
        value: fv!row[#"urn:appian:record-field:v1:3e4325eb-73c5-4416-b649-eba17aedeea6/55380c04-8e05-4a6a-8c74-833472ffebe9/3d1ac929-cfe3-4731-bb0c-5869e9f3a81e"],
        align: "START"
      ),
      #"SYSTEM_SYSRULES_gridColumn"(
        label: "Priority",
        sortField: #"urn:appian:record-field:v1:3e4325eb-73c5-4416-b649-eba17aedeea6/680b2911-effa-4698-831e-42c769c48de3",
        value: fv!row[#"urn:appian:record-field:v1:3e4325eb-73c5-4416-b649-eba17aedeea6/953c3336-9c0d-4466-8d36-588d86aa4350/6c3cfe86-9252-4638-97ab-65672fc7adf6"],
        align: "START"
      ),
      #"SYSTEM_SYSRULES_gridColumn"(
        label: "Assigned To",
        sortField: #"urn:appian:record-field:v1:3e4325eb-73c5-4416-b649-eba17aedeea6/2e3fb373-bfff-42c8-ac46-5433e5db4d16",
        value: if(
          a!isNullOrEmpty(
            fv!row[#"urn:appian:record-field:v1:3e4325eb-73c5-4416-b649-eba17aedeea6/2e3fb373-bfff-42c8-ac46-5433e5db4d16"]
          ),
          "-",
          fv!row[#"urn:appian:record-field:v1:3e4325eb-73c5-4416-b649-eba17aedeea6/2e3fb373-bfff-42c8-ac46-5433e5db4d16"]
        ),
        align: "START"
      ),
      #"SYSTEM_SYSRULES_gridColumn"(
        label: "Created On",
        sortField: #"urn:appian:record-field:v1:3e4325eb-73c5-4416-b649-eba17aedeea6/02f61946-ea43-45ea-9791-b5ca5fe2cc14",
        value: if(
        isnull(fv!row[#"urn:appian:record-field:v1:3e4325eb-73c5-4416-b649-eba17aedeea6/02f61946-ea43-45ea-9791-b5ca5fe2cc14"]),
        fv!row[#"urn:appian:record-field:v1:3e4325eb-73c5-4416-b649-eba17aedeea6/02f61946-ea43-45ea-9791-b5ca5fe2cc14"],
        datetext(fv!row[#"urn:appian:record-field:v1:3e4325eb-73c5-4416-b649-eba17aedeea6/02f61946-ea43-45ea-9791-b5ca5fe2cc14"], "default")
        ),
        align: "START"
      ),
      #"SYSTEM_SYSRULES_gridColumn"(
        label: "Closed On",
        sortField: #"urn:appian:record-field:v1:3e4325eb-73c5-4416-b649-eba17aedeea6/6e916f84-a051-4cfd-908a-b8ea5e5b67be",
        value: if(
          a!isNullOrEmpty(
            fv!row[#"urn:appian:record-field:v1:3e4325eb-73c5-4416-b649-eba17aedeea6/6e916f84-a051-4cfd-908a-b8ea5e5b67be"]
          ),
          "-",
          fv!row[#"urn:appian:record-field:v1:3e4325eb-73c5-4416-b649-eba17aedeea6/6e916f84-a051-4cfd-908a-b8ea5e5b67be"]
        ),
        align: "START"
      )
    },
    validations: {},
    refreshAfter: "RECORD_ACTION",
    showSearchBox: true,
    showRefreshButton: false,
    recordActions: {
      #"SYSTEM_SYSRULES_recordActionItem"(
        action: #"urn:appian:record-action:v1:3e4325eb-73c5-4416-b649-eba17aedeea6/145032ba-0bf1-4204-9350-dc70554c13b4"
      )
    }
  )

}</definition>
        <preferredEditor>interface</preferredEditor>
        <offlineEnabled>false</offlineEnabled>
        <isCustom>false</isCustom>
    </interface>
    <roleMap public="true">
        <role inherit="true" allowForAll="false" name="readers">
            <users/>
            <groups/>
        </role>
        <role inherit="true" allowForAll="false" name="authors">
            <users/>
            <groups/>
        </role>
        <role inherit="true" allowForAll="false" name="administrators">
            <users/>
            <groups/>
        </role>
        <role inherit="false" allowForAll="false" name="denyReaders">
            <users/>
            <groups/>
        </role>
        <role inherit="false" allowForAll="false" name="denyAuthors">
            <users/>
            <groups/>
        </role>
        <role inherit="false" allowForAll="false" name="denyAdministrators">
            <users/>
            <groups/>
        </role>
    </roleMap>
    <history>
        <historyInfo versionUuid="_a-0000eab3-f57a-8000-9bb4-011c48011c48_140665"/>
    </history>
</contentHaul>
