<?xml version="1.0" encoding="UTF-8" standalone="yes"?>
<contentHaul xmlns:a="http://www.appian.com/ae/types/2009">
    <versionUuid>_a-0000eac6-85bc-8000-9bb6-011c48011c48_169553</versionUuid>
    <rule>
        <name>AIA_AssetUtilized</name>
        <uuid>_a-0000eac6-85bc-8000-9bb6-011c48011c48_169483</uuid>
        <description></description>
        <parentUuid>_a-0000eab3-f57a-8000-9bb4-011c48011c48_133654</parentUuid>
        <visibility>
            <advertise>false</advertise>
            <hierarchy>true</hierarchy>
            <indexable>true</indexable>
            <quota>false</quota>
            <searchable>true</searchable>
            <system>false</system>
            <unlogged>false</unlogged>
        </visibility>
        <definition>a!defaultValue(#"SYSTEM_SYSRULES_queryRecordType_v1"(
  recordType: #"urn:appian:record-type:v1:c7c1accb-c59c-45e7-9b38-59d598c6a3de",
  fields: #"SYSTEM_SYSRULES_aggregationFields"(
    groupings: {
      #"SYSTEM_SYSRULES_grouping"(
        field: #"urn:appian:record-field:v1:c7c1accb-c59c-45e7-9b38-59d598c6a3de/6687555d-44be-486e-abff-a74eae16dfb1/769429c2-1d5e-454f-b2fa-14bb2844c814",
        alias: "type_filtered"
      )
    },
    measures: {
      #"SYSTEM_SYSRULES_measure"(
        function: "COUNT",
        field: #"urn:appian:record-field:v1:c7c1accb-c59c-45e7-9b38-59d598c6a3de/b81f717e-2c30-4296-9c2b-832e3d1aa8a6",
        alias: "count_filtered"
      )
    }
  ),
  filters: #"SYSTEM_SYSRULES_queryLogicalExpression"(
    operator: "AND",
    filters: {
      #"SYSTEM_SYSRULES_queryFilter"(
        field: #"urn:appian:record-field:v1:c7c1accb-c59c-45e7-9b38-59d598c6a3de/de985c0d-c36f-4eb8-bdf9-cc04d9a17454",
        operator: "not null"
      ),
      #"SYSTEM_SYSRULES_queryFilter"(
        field: #"urn:appian:record-field:v1:c7c1accb-c59c-45e7-9b38-59d598c6a3de/fdc80d30-1f26-455e-9edb-81c5ac2476db",
        operator: "=",
        value: ri!givenType
      )
    },
    ignoreFiltersWithEmptyValues: true
  ),
  pagingInfo: #"SYSTEM_SYSRULES_pagingInfo"(
    startIndex: 1,
    batchSize: 100
  )
).data.count_filtered, 0)</definition>
        <namedTypedValue>
            <name>givenType</name>
            <type>
                <name>int</name>
                <namespace>http://www.w3.org/2001/XMLSchema</namespace>
            </type>
        </namedTypedValue>
        <preferredEditor>legacy</preferredEditor>
        <offlineEnabled>false</offlineEnabled>
    </rule>
    <roleMap public="true">
        <role inherit="true" allowForAll="false" name="readers">
            <users/>
            <groups/>
        </role>
        <role inherit="true" allowForAll="false" name="authors">
            <users/>
            <groups/>
        </role>
        <role inherit="true" allowForAll="false" name="administrators">
            <users/>
            <groups/>
        </role>
        <role inherit="false" allowForAll="false" name="denyReaders">
            <users/>
            <groups/>
        </role>
        <role inherit="false" allowForAll="false" name="denyAuthors">
            <users/>
            <groups/>
        </role>
        <role inherit="false" allowForAll="false" name="denyAdministrators">
            <users/>
            <groups/>
        </role>
    </roleMap>
    <history>
        <historyInfo versionUuid="_a-0000eac6-85bc-8000-9bb6-011c48011c48_169553"/>
    </history>
</contentHaul>
