<?xml version="1.0" encoding="UTF-8" standalone="yes"?>
<contentHaul xmlns:a="http://www.appian.com/ae/types/2009">
    <versionUuid>_a-0000eab3-f57a-8000-9bb4-011c48011c48_133981</versionUuid>
    <rule>
        <name>AIA_GetAssetById</name>
        <uuid>_a-0000eab3-f57a-8000-9bb4-011c48011c48_133970</uuid>
        <description></description>
        <parentUuid>_a-0000eab3-f57a-8000-9bb4-011c48011c48_133654</parentUuid>
        <visibility>
            <advertise>false</advertise>
            <hierarchy>true</hierarchy>
            <indexable>true</indexable>
            <quota>false</quota>
            <searchable>true</searchable>
            <system>false</system>
            <unlogged>false</unlogged>
        </visibility>
        <definition>#"SYSTEM_SYSRULES_queryRecordType_v1"(
  recordType: #"urn:appian:record-type:v1:c7c1accb-c59c-45e7-9b38-59d598c6a3de",
  fields: {
    #"urn:appian:record-relationship:v1:c7c1accb-c59c-45e7-9b38-59d598c6a3de/6687555d-44be-486e-abff-a74eae16dfb1"
  },
  filters: #"SYSTEM_SYSRULES_queryLogicalExpression"(
    operator: "AND",
    filters: {
      #"SYSTEM_SYSRULES_queryFilter"(
        field: #"urn:appian:record-field:v1:c7c1accb-c59c-45e7-9b38-59d598c6a3de/b81f717e-2c30-4296-9c2b-832e3d1aa8a6",
        operator: "=",
        value: ri!givenID
      )
    },
    ignoreFiltersWithEmptyValues: true
  ),
  pagingInfo: #"SYSTEM_SYSRULES_pagingInfo"(
    startIndex: 1,
    batchSize: 100
  )
).data</definition>
        <namedTypedValue>
            <name>givenID</name>
            <type>
                <name>int</name>
                <namespace>http://www.w3.org/2001/XMLSchema</namespace>
            </type>
        </namedTypedValue>
        <preferredEditor>legacy</preferredEditor>
        <offlineEnabled>false</offlineEnabled>
    </rule>
    <roleMap public="true">
        <role inherit="true" allowForAll="false" name="readers">
            <users/>
            <groups/>
        </role>
        <role inherit="true" allowForAll="false" name="authors">
            <users/>
            <groups/>
        </role>
        <role inherit="true" allowForAll="false" name="administrators">
            <users/>
            <groups/>
        </role>
        <role inherit="false" allowForAll="false" name="denyReaders">
            <users/>
            <groups/>
        </role>
        <role inherit="false" allowForAll="false" name="denyAuthors">
            <users/>
            <groups/>
        </role>
        <role inherit="false" allowForAll="false" name="denyAdministrators">
            <users/>
            <groups/>
        </role>
    </roleMap>
    <history>
        <historyInfo versionUuid="_a-0000eab3-f57a-8000-9bb4-011c48011c48_133981"/>
    </history>
</contentHaul>
