<?xml version="1.0" encoding="UTF-8" standalone="yes"?>
<contentHaul xmlns:a="http://www.appian.com/ae/types/2009">
    <versionUuid>_a-0000eac6-85bc-8000-9bb6-011c48011c48_170552</versionUuid>
    <rule>
        <name>AIA_AverageRequestCompletionTime</name>
        <uuid>_a-0000eac6-85bc-8000-9bb6-011c48011c48_170178</uuid>
        <description></description>
        <parentUuid>_a-0000eab3-f57a-8000-9bb4-011c48011c48_133654</parentUuid>
        <visibility>
            <advertise>false</advertise>
            <hierarchy>true</hierarchy>
            <indexable>true</indexable>
            <quota>false</quota>
            <searchable>true</searchable>
            <system>false</system>
            <unlogged>false</unlogged>
        </visibility>
        <definition>round(average(a!localVariables(
  local!result: #"SYSTEM_SYSRULES_queryRecordType_v1"(
  recordType: #"urn:appian:record-type:v1:3e4325eb-73c5-4416-b649-eba17aedeea6",
  fields: {
    #"urn:appian:record-field:v1:3e4325eb-73c5-4416-b649-eba17aedeea6/6e916f84-a051-4cfd-908a-b8ea5e5b67be",
    #"urn:appian:record-field:v1:3e4325eb-73c5-4416-b649-eba17aedeea6/02f61946-ea43-45ea-9791-b5ca5fe2cc14"
  },
  pagingInfo: #"SYSTEM_SYSRULES_pagingInfo"(
    startIndex: 1,
    batchSize: 100
  )
).data,
  #"SYSTEM_SYSRULES_forEach"(
    items: local!result,
    expression: if(a!isNotNullOrEmpty(index(fv!item,#"urn:appian:record-field:v1:3e4325eb-73c5-4416-b649-eba17aedeea6/6e916f84-a051-4cfd-908a-b8ea5e5b67be")), calworkhours(index(fv!item,#"urn:appian:record-field:v1:3e4325eb-73c5-4416-b649-eba17aedeea6/02f61946-ea43-45ea-9791-b5ca5fe2cc14"),index(fv!item,#"urn:appian:record-field:v1:3e4325eb-73c5-4416-b649-eba17aedeea6/6e916f84-a051-4cfd-908a-b8ea5e5b67be"))/8,"")
  ) 
)
),1)</definition>
        <preferredEditor>legacy</preferredEditor>
        <offlineEnabled>false</offlineEnabled>
    </rule>
    <roleMap public="true">
        <role inherit="true" allowForAll="false" name="readers">
            <users/>
            <groups/>
        </role>
        <role inherit="true" allowForAll="false" name="authors">
            <users/>
            <groups/>
        </role>
        <role inherit="true" allowForAll="false" name="administrators">
            <users/>
            <groups/>
        </role>
        <role inherit="false" allowForAll="false" name="denyReaders">
            <users/>
            <groups/>
        </role>
        <role inherit="false" allowForAll="false" name="denyAuthors">
            <users/>
            <groups/>
        </role>
        <role inherit="false" allowForAll="false" name="denyAdministrators">
            <users/>
            <groups/>
        </role>
    </roleMap>
    <history>
        <historyInfo versionUuid="_a-0000eac6-85bc-8000-9bb6-011c48011c48_170552"/>
    </history>
</contentHaul>
