<?xml version="1.0" encoding="UTF-8" standalone="yes"?>
<contentHaul xmlns:a="http://www.appian.com/ae/types/2009">
    <versionUuid>_a-0000eab3-f57a-8000-9bb4-011c48011c48_136592</versionUuid>
    <interface>
        <name>AIA_AssetRelenquishmentConfirmation</name>
        <uuid>_a-0000eab3-f57a-8000-9bb4-011c48011c48_136485</uuid>
        <description></description>
        <parentUuid>_a-0000eab3-f57a-8000-9bb4-011c48011c48_133670</parentUuid>
        <visibility>
            <advertise>false</advertise>
            <hierarchy>true</hierarchy>
            <indexable>true</indexable>
            <quota>false</quota>
            <searchable>true</searchable>
            <system>false</system>
            <unlogged>false</unlogged>
        </visibility>
        <definition>#"SYSTEM_SYSRULES_formLayout_v1"(
  label: "Confirm Relinquishment",
  contents: {
    #"SYSTEM_SYSRULES_richTextDisplayField"(
      labelPosition: "COLLAPSED",
      value: 
        {
          #"SYSTEM_SYSRULES_richTextItem_v1"(
            text: #"_a-0000eab3-f57a-8000-9bb4-011c48011c48_133776"(ri!asset[#"urn:appian:record-field:v1:c7c1accb-c59c-45e7-9b38-59d598c6a3de/de985c0d-c36f-4eb8-bdf9-cc04d9a17454"]) &amp; " has requested relinquishment of " &amp; ri!asset[#"urn:appian:record-field:v1:c7c1accb-c59c-45e7-9b38-59d598c6a3de/31266e48-8f26-40f0-afa5-9242c44d9a30"] &amp; "(" &amp; ri!asset[#"urn:appian:record-field:v1:c7c1accb-c59c-45e7-9b38-59d598c6a3de/31266e48-8f26-40f0-afa5-9242c44d9a30"] &amp; "). Have your recieved the asset?",
            color: "STANDARD",
            size: "MEDIUM"
          )
        }
    )
  },
  buttons: #"SYSTEM_SYSRULES_ButtonLayout"(
    primaryButtons: {
      #"SYSTEM_SYSRULES_ButtonWidget"(
        label: "Yes",
        icon: "check",
        saveInto: {
          a!save(
            ri!cancel,
            false()
          ),
          a!save(
            ri!asset[#"urn:appian:record-field:v1:c7c1accb-c59c-45e7-9b38-59d598c6a3de/efa77d7b-70a2-4c33-b1b0-12149b27926b"],
            loggedInUser()
          ),
          a!save(
            ri!asset[#"urn:appian:record-field:v1:c7c1accb-c59c-45e7-9b38-59d598c6a3de/29e3029e-0622-4e60-8171-5cfcaff33a1f"],
            now()
          )
        },
        submit: true,
        style: "PRIMARY",
        loadingIndicator: true
      )
    },
    secondaryButtons: {
      #"SYSTEM_SYSRULES_ButtonWidget"(
        label: "No",
        icon: "times",
        saveInto: {
          {
            a!save(
              ri!cancel,
              false()
            ),
            a!save(
              ri!asset[#"urn:appian:record-field:v1:c7c1accb-c59c-45e7-9b38-59d598c6a3de/efa77d7b-70a2-4c33-b1b0-12149b27926b"],
              loggedInUser()
            ),
            a!save(
              ri!asset[#"urn:appian:record-field:v1:c7c1accb-c59c-45e7-9b38-59d598c6a3de/29e3029e-0622-4e60-8171-5cfcaff33a1f"],
              now()
            )
          }
        },
        submit: true,
        style: "NORMAL",
        validate: false
      )
    }
  )
)</definition>
        <namedTypedValue>
            <name>asset</name>
            <type>
                <name>c7c1accb-c59c-45e7-9b38-59d598c6a3de</name>
                <namespace>urn:com:appian:recordtype:datatype</namespace>
            </type>
        </namedTypedValue>
        <namedTypedValue>
            <name>cancel</name>
            <type>
                <name>boolean</name>
                <namespace>http://www.w3.org/2001/XMLSchema</namespace>
            </type>
        </namedTypedValue>
        <preferredEditor>interface</preferredEditor>
        <offlineEnabled>false</offlineEnabled>
        <isCustom>false</isCustom>
    </interface>
    <roleMap public="true">
        <role inherit="true" allowForAll="false" name="readers">
            <users/>
            <groups/>
        </role>
        <role inherit="true" allowForAll="false" name="authors">
            <users/>
            <groups/>
        </role>
        <role inherit="true" allowForAll="false" name="administrators">
            <users/>
            <groups/>
        </role>
        <role inherit="false" allowForAll="false" name="denyReaders">
            <users/>
            <groups/>
        </role>
        <role inherit="false" allowForAll="false" name="denyAuthors">
            <users/>
            <groups/>
        </role>
        <role inherit="false" allowForAll="false" name="denyAdministrators">
            <users/>
            <groups/>
        </role>
    </roleMap>
    <typedValue>
        <type>
            <name>RuleTestConfig?list</name>
            <namespace>http://www.appian.com/ae/types/2009</namespace>
        </type>
        <value>
            <el>
                <a:name/>
                <a:ruleInputTestConfigs>
                    <a:value xmlns:xsi="http://www.w3.org/2001/XMLSchema-instance" xsi:type="a:Expression">#"_a-0000eab3-f57a-8000-9bb4-011c48011c48_133970"(4)</a:value>
                    <a:nameRef>asset</a:nameRef>
                    <a:id>1</a:id>
                </a:ruleInputTestConfigs>
                <a:ruleInputTestConfigs>
                    <a:value xmlns:xsd="http://www.w3.org/2001/XMLSchema" xmlns:xsi="http://www.w3.org/2001/XMLSchema-instance" xsi:nil="true" xsi:type="xsd:boolean"/>
                    <a:nameRef>cancel</a:nameRef>
                    <a:id>2</a:id>
                </a:ruleInputTestConfigs>
                <a:assertions xmlns:xsi="http://www.w3.org/2001/XMLSchema-instance" xsi:nil="true"/>
            </el>
        </value>
    </typedValue>
    <history>
        <historyInfo versionUuid="_a-0000eab3-f57a-8000-9bb4-011c48011c48_136592"/>
    </history>
</contentHaul>
