<?xml version="1.0" encoding="UTF-8" standalone="yes"?>
<contentHaul xmlns:a="http://www.appian.com/ae/types/2009">
    <versionUuid>2692c07a-42e8-466f-a771-7ab98335932c</versionUuid>
    <interface>
        <name>AIA_CreateRequestPriority</name>
        <uuid>e3f9c205-0795-4dca-aad7-6dcc14e10223</uuid>
        <description>Form interface for creating new Request Priorities as an action</description>
        <parentUuid>_a-0000eab3-f57a-8000-9bb4-011c48011c48_133670</parentUuid>
        <visibility>
            <advertise>false</advertise>
            <hierarchy>true</hierarchy>
            <indexable>true</indexable>
            <quota>false</quota>
            <searchable>true</searchable>
            <system>false</system>
            <unlogged>false</unlogged>
        </visibility>
        <definition>#"SYSTEM_SYSRULES_formLayout_v1"(
  label: "Create Request Priority",
  contents: {
    #"SYSTEM_SYSRULES_columnsLayout"(
      columns: {
        #"SYSTEM_SYSRULES_columnLayout"(
          contents: {
            #"SYSTEM_SYSRULES_textField"(
              label: "Value",
              labelPosition: "ABOVE",
              required: false,
              value: ri!record[#"urn:appian:record-field:v1:8b780b12-bfe5-4faf-bf63-0404a8f1c6bd/6c3cfe86-9252-4638-97ab-65672fc7adf6"],
              saveInto: ri!record[#"urn:appian:record-field:v1:8b780b12-bfe5-4faf-bf63-0404a8f1c6bd/6c3cfe86-9252-4638-97ab-65672fc7adf6"],
              characterLimit: 255
            ),
            #"SYSTEM_SYSRULES_integerField"(
              label: "Sort Order",
              labelPosition: "ABOVE",
              required: false,
              value: ri!record[#"urn:appian:record-field:v1:8b780b12-bfe5-4faf-bf63-0404a8f1c6bd/60ed1a17-3469-4eb4-85ff-39aa8eb35d82"],
              saveInto: ri!record[#"urn:appian:record-field:v1:8b780b12-bfe5-4faf-bf63-0404a8f1c6bd/60ed1a17-3469-4eb4-85ff-39aa8eb35d82"]
            )
          }
        ),
        #"SYSTEM_SYSRULES_columnLayout"(
          contents: {
            #"SYSTEM_SYSRULES_checkboxField"(
              labelPosition: "COLLAPSED",
              required: false,
              choiceLabels: {
                "Is Active"
              },
              choiceValues: {
                true
              },
              value: if(
                ri!record[#"urn:appian:record-field:v1:8b780b12-bfe5-4faf-bf63-0404a8f1c6bd/a46a1850-de7e-494d-9c84-70fb75f59d2d"],
                true,
                null
              ),
              saveInto: a!save(
                ri!record[#"urn:appian:record-field:v1:8b780b12-bfe5-4faf-bf63-0404a8f1c6bd/a46a1850-de7e-494d-9c84-70fb75f59d2d"],
                if(
                  isnull(
                    save!value
                  ),
                  false,
                  true
                )
              )
            )
          }
        )
      }
    )
  },
  buttons: #"SYSTEM_SYSRULES_ButtonLayout"(
    primaryButtons: {
      #"SYSTEM_SYSRULES_ButtonWidget"(
        label: "Create",
        submit: true,
        validate: true,
        style: "PRIMARY"
      )
    },
    secondaryButtons: {
      #"SYSTEM_SYSRULES_ButtonWidget"(
        label: "Cancel",
        value: true,
        saveInto: ri!cancel,
        submit: true,
        style: "NORMAL",
        validate: false
      )
    }
  )
)</definition>
        <namedTypedValue>
            <name>record</name>
            <type>
                <name>8b780b12-bfe5-4faf-bf63-0404a8f1c6bd</name>
                <namespace>urn:com:appian:recordtype:datatype</namespace>
            </type>
        </namedTypedValue>
        <namedTypedValue>
            <name>cancel</name>
            <type>
                <name>boolean</name>
                <namespace>http://www.w3.org/2001/XMLSchema</namespace>
            </type>
        </namedTypedValue>
        <preferredEditor>interface</preferredEditor>
        <offlineEnabled>false</offlineEnabled>
        <isCustom>false</isCustom>
    </interface>
    <roleMap public="true">
        <role inherit="true" allowForAll="false" name="readers">
            <users/>
            <groups/>
        </role>
        <role inherit="true" allowForAll="false" name="authors">
            <users/>
            <groups/>
        </role>
        <role inherit="true" allowForAll="false" name="administrators">
            <users/>
            <groups/>
        </role>
        <role inherit="false" allowForAll="false" name="denyReaders">
            <users/>
            <groups/>
        </role>
        <role inherit="false" allowForAll="false" name="denyAuthors">
            <users/>
            <groups/>
        </role>
        <role inherit="false" allowForAll="false" name="denyAdministrators">
            <users/>
            <groups/>
        </role>
    </roleMap>
    <history>
        <historyInfo versionUuid="2692c07a-42e8-466f-a771-7ab98335932c"/>
    </history>
</contentHaul>
