<?xml version="1.0" encoding="UTF-8"?>
<recordTypeHaul xmlns:a="http://www.appian.com/ae/types/2009" xmlns:xsi="http://www.w3.org/2001/XMLSchema-instance">
  <versionUuid>74369e18-c0b1-4548-a64b-17cc96e305c0</versionUuid>
  <recordType a:uuid="1b53bfe0-3c18-4684-9fb6-4b577eab24e6" name="RDAA Maintainance Event History">
    <a:pluralName>RDAA Maintainance Event History</a:pluralName>
    <a:description>Business events for Maintainance</a:description>
    <a:urlStub>7EEpyw</a:urlStub>
    <a:source xsi:type="a:RecordsReplica"/>
    <a:listViewTemplateExpr>#"SYSTEM_SYSRULES_recordGridField"(
    columns: {
        #"SYSTEM_SYSRULES_gridColumn"(
          label: "Id",
          sortField: #"urn:appian:record-field:v1:1b53bfe0-3c18-4684-9fb6-4b577eab24e6/4c294ce7-3978-4a44-9eb0-af9d304b2f6d",
          value: fv!row[#"urn:appian:record-field:v1:1b53bfe0-3c18-4684-9fb6-4b577eab24e6/4c294ce7-3978-4a44-9eb0-af9d304b2f6d"],
          align: "END"
        ),
        #"SYSTEM_SYSRULES_gridColumn"(
          label: "maintainance",
          sortField: #"urn:appian:record-field:v1:1b53bfe0-3c18-4684-9fb6-4b577eab24e6/612047eb-901d-40bc-81f4-35626887eca4/7b16caec-9480-454e-b2a9-3acd1279d6c9",
          value: #"SYSTEM_SYSRULES_linkField"(
            links: {
              #"SYSTEM_SYSRULES_recordLink"(
                label: fv!row[#"urn:appian:record-field:v1:1b53bfe0-3c18-4684-9fb6-4b577eab24e6/612047eb-901d-40bc-81f4-35626887eca4/7b16caec-9480-454e-b2a9-3acd1279d6c9"],
                recordType: #"urn:appian:record-type:v1:1b53bfe0-3c18-4684-9fb6-4b577eab24e6",
                identifier: fv!identifier
              )
            }
          ),
          align: "END"
        ),
        #"SYSTEM_SYSRULES_gridColumn"(
          label: "Timestamp",
          sortField: #"urn:appian:record-field:v1:1b53bfe0-3c18-4684-9fb6-4b577eab24e6/9dfa6eca-c411-4f6f-81f7-54293bb65026",
          value: if(
            isnull(fv!row[#"urn:appian:record-field:v1:1b53bfe0-3c18-4684-9fb6-4b577eab24e6/9dfa6eca-c411-4f6f-81f7-54293bb65026"]),
            fv!row[#"urn:appian:record-field:v1:1b53bfe0-3c18-4684-9fb6-4b577eab24e6/9dfa6eca-c411-4f6f-81f7-54293bb65026"],
            datetext(fv!row[#"urn:appian:record-field:v1:1b53bfe0-3c18-4684-9fb6-4b577eab24e6/9dfa6eca-c411-4f6f-81f7-54293bb65026"], "default")
          ),
          align: "END"
        ),
        #"SYSTEM_SYSRULES_gridColumn"(
          label: "User",
          sortField: #"urn:appian:record-field:v1:1b53bfe0-3c18-4684-9fb6-4b577eab24e6/cfa600ec-8f9f-493f-835a-b5743cae948d",
          value: fv!row[#"urn:appian:record-field:v1:1b53bfe0-3c18-4684-9fb6-4b577eab24e6/cfa600ec-8f9f-493f-835a-b5743cae948d"]
        ),
        #"SYSTEM_SYSRULES_gridColumn"(
          label: "eventType",
          sortField: #"urn:appian:record-field:v1:1b53bfe0-3c18-4684-9fb6-4b577eab24e6/4a7adeb6-390e-4740-9efa-dd8b2bc04e31/9640c156-ee47-4c84-89dc-54d474dfff09",
          value: fv!row[#"urn:appian:record-field:v1:1b53bfe0-3c18-4684-9fb6-4b577eab24e6/4a7adeb6-390e-4740-9efa-dd8b2bc04e31/9640c156-ee47-4c84-89dc-54d474dfff09"],
          align: "END"
        )
      },
      pageSize: 50,
      shadeAlternateRows: true
    )</a:listViewTemplateExpr>
    <a:detailViewCfg>
      <a:nameExpr>#"SYSTEM_SYSRULES_rtd_getDefaultSummaryViewName"()</a:nameExpr>
      <a:uiExpr/>
      <a:visibilityExpr>=true()</a:visibilityExpr>
      <a:urlStub>summary</a:urlStub>
      <a:headerExpr/>
      <a:recordActionLaunchType>DIALOG</a:recordActionLaunchType>
      <a:recordUiSecurityType>EXPRESSION</a:recordUiSecurityType>
    </a:detailViewCfg>
    <a:isSystem>false</a:isSystem>
    <a:dataSrcExpr/>
    <a:facetsListExpr/>
    <a:titleExpr>rv!record[#"urn:appian:record-field:v1:1b53bfe0-3c18-4684-9fb6-4b577eab24e6/4c294ce7-3978-4a44-9eb0-af9d304b2f6d"]</a:titleExpr>
    <a:defaultFiltersExpr/>
    <a:layoutType>GRID</a:layoutType>
    <a:security>16383</a:security>
    <a:hideLatestNews>false</a:hideLatestNews>
    <a:hideNewsView>false</a:hideNewsView>
    <a:hideRelatedActionsView>false</a:hideRelatedActionsView>
    <a:isExportable>true</a:isExportable>
    <a:listViewSrcExpr/>
    <a:recordViewSrcExpr/>
    <a:recordRelationshipCfg>
      <uuid>612047eb-901d-40bc-81f4-35626887eca4</uuid>
      <relationshipName>maintainance</relationshipName>
      <targetRecordTypeUuid>51427fd6-eb7a-4dc3-b19f-c8c3ed413f99</targetRecordTypeUuid>
      <relationshipType>MANY_TO_ONE</relationshipType>
      <relationshipData>{"sourceRecordTypeFieldUuid":"f10675ef-de13-486d-96ba-fb3df57db9e6","targetRecordTypeFieldUuid":"7b16caec-9480-454e-b2a9-3acd1279d6c9","relationshipOperator":"1","joinTableSourceField":"","joinTableTargetField":""}</relationshipData>
      <updateBehavior>NON_CASCADING</updateBehavior>
    </a:recordRelationshipCfg>
    <a:recordRelationshipCfg>
      <uuid>4a7adeb6-390e-4740-9efa-dd8b2bc04e31</uuid>
      <relationshipName>eventType</relationshipName>
      <targetRecordTypeUuid>9e64ffdc-8532-4e61-b109-fa290a4b523f</targetRecordTypeUuid>
      <relationshipType>MANY_TO_ONE</relationshipType>
      <relationshipData>{"sourceRecordTypeFieldUuid":"280ebee9-ff03-4e32-8ba7-693b329a1a66","targetRecordTypeFieldUuid":"9640c156-ee47-4c84-89dc-54d474dfff09","relationshipOperator":"1","joinTableSourceField":"","joinTableTargetField":""}</relationshipData>
      <updateBehavior>NON_CASCADING</updateBehavior>
    </a:recordRelationshipCfg>
    <a:recordTypeSearchCfg>
      <searchFieldsSrc>DEFAULT</searchFieldsSrc>
      <placeholderSrc>DEFAULT</placeholderSrc>
      <placeholder/>
    </a:recordTypeSearchCfg>
    <a:iconId/>
    <a:listAutoRefreshInterval>0.0</a:listAutoRefreshInterval>
    <a:sourceConfiguration>
      <sourceUuid>RDAA_MAINTAINANCE_EVENT_HISTORY@jdbc/Appian</sourceUuid>
      <sourceType>RDBMS_TABLE</sourceType>
      <friendlyName>RDAA_MAINTAINANCE_EVENT_HISTORY</friendlyName>
      <sourceFilterExpr/>
      <field>
        <uuid>4c294ce7-3978-4a44-9eb0-af9d304b2f6d</uuid>
        <type>{http://www.appian.com/ae/types/2009}Integer</type>
        <sourceFieldName>ID</sourceFieldName>
        <sourceFieldType>INTEGER</sourceFieldType>
        <fieldName>id</fieldName>
        <isRecordId>true</isRecordId>
        <isUnique>true</isUnique>
        <isCustomField>false</isCustomField>
        <customFieldExpr/>
        <customFieldDefaultValueStr>null</customFieldDefaultValueStr>
        <fieldCalculationType>NA</fieldCalculationType>
        <fieldTemplateType>NA</fieldTemplateType>
      </field>
      <field>
        <uuid>f10675ef-de13-486d-96ba-fb3df57db9e6</uuid>
        <type>{http://www.appian.com/ae/types/2009}Integer</type>
        <sourceFieldName>RECORDID</sourceFieldName>
        <sourceFieldType>INTEGER</sourceFieldType>
        <fieldName>recordId</fieldName>
        <isRecordId>false</isRecordId>
        <isUnique>false</isUnique>
        <isCustomField>false</isCustomField>
        <customFieldExpr/>
        <customFieldDefaultValueStr>null</customFieldDefaultValueStr>
        <fieldCalculationType>NA</fieldCalculationType>
        <fieldTemplateType>NA</fieldTemplateType>
      </field>
      <field>
        <uuid>9dfa6eca-c411-4f6f-81f7-54293bb65026</uuid>
        <type>{http://www.appian.com/ae/types/2009}Datetime</type>
        <sourceFieldName>TIMESTAMP</sourceFieldName>
        <sourceFieldType>TIMESTAMP</sourceFieldType>
        <fieldName>timestamp</fieldName>
        <isRecordId>false</isRecordId>
        <isUnique>false</isUnique>
        <isCustomField>false</isCustomField>
        <customFieldExpr/>
        <customFieldDefaultValueStr>null</customFieldDefaultValueStr>
        <fieldCalculationType>NA</fieldCalculationType>
        <fieldTemplateType>NA</fieldTemplateType>
      </field>
      <field>
        <uuid>cfa600ec-8f9f-493f-835a-b5743cae948d</uuid>
        <type>{http://www.appian.com/ae/types/2009}User</type>
        <sourceFieldName>USER</sourceFieldName>
        <sourceFieldType>VARCHAR(255)</sourceFieldType>
        <fieldName>user</fieldName>
        <isRecordId>false</isRecordId>
        <isUnique>false</isUnique>
        <isCustomField>false</isCustomField>
        <customFieldExpr/>
        <customFieldDefaultValueStr>null</customFieldDefaultValueStr>
        <fieldCalculationType>NA</fieldCalculationType>
        <fieldTemplateType>NA</fieldTemplateType>
      </field>
      <field>
        <uuid>280ebee9-ff03-4e32-8ba7-693b329a1a66</uuid>
        <type>{http://www.appian.com/ae/types/2009}Integer</type>
        <sourceFieldName>EVENTTYPEID</sourceFieldName>
        <sourceFieldType>INTEGER</sourceFieldType>
        <fieldName>eventTypeId</fieldName>
        <isRecordId>false</isRecordId>
        <isUnique>false</isUnique>
        <isCustomField>false</isCustomField>
        <customFieldExpr/>
        <customFieldDefaultValueStr>null</customFieldDefaultValueStr>
        <fieldCalculationType>NA</fieldCalculationType>
        <fieldTemplateType>NA</fieldTemplateType>
      </field>
      <joinType>LEFT</joinType>
      <uuid>2eb8558c-1a90-41fc-9b68-87de0737eb00</uuid>
      <refreshSchedule>
        <frequency>DAILY</frequency>
        <value>{"hour":3,"minute":"00","amPM":"AM","timeZone":"Asia/Kolkata","version":"v1"}</value>
        <activated>false</activated>
      </refreshSchedule>
      <skipFailureEnabled>true</skipFailureEnabled>
      <recordIdGeneratorUuid/>
    </a:sourceConfiguration>
    <a:enabledFeatures>63</a:enabledFeatures>
    <a:isVisibleInRecordTypeList>false</a:isVisibleInRecordTypeList>
    <a:recordActionLaunchType>DIALOG</a:recordActionLaunchType>
    <a:showSearchBox>true</a:showSearchBox>
  </recordType>
  <roleMap>
    <role name="record_type_administrator">
      <users/>
      <groups>
        <groupUuid>_e-0000ea32-688e-8000-9afe-01075c01075c_2837</groupUuid>
      </groups>
    </role>
    <role name="record_type_viewer">
      <users/>
      <groups>
        <groupUuid>_e-0000ea32-688e-8000-9afe-01075c01075c_2835</groupUuid>
      </groups>
    </role>
  </roleMap>
  <history>
    <historyInfo versionUuid="1b53bfe0-3c18-4684-9fb6-4b577eab24e6"/>
    <historyInfo versionUuid="74369e18-c0b1-4548-a64b-17cc96e305c0"/>
  </history>
  <migrationVersion>1</migrationVersion>
</recordTypeHaul>
