<?xml version="1.0" encoding="UTF-8"?>
<recordTypeHaul xmlns:a="http://www.appian.com/ae/types/2009" xmlns:xsi="http://www.w3.org/2001/XMLSchema-instance">
  <versionUuid>04df1f0e-beb1-4cb3-b3f2-defa6fa93dd1</versionUuid>
  <recordType a:uuid="51427fd6-eb7a-4dc3-b19f-c8c3ed413f99" name="RDAA Maintainance">
    <a:pluralName>Maintainances</a:pluralName>
    <a:description>Maintantainance Record Type</a:description>
    <a:urlStub>mJ3FAg</a:urlStub>
    <a:source xsi:type="a:RecordsReplica"/>
    <a:listViewTemplateExpr>#"SYSTEM_SYSRULES_recordGridField"(
  columns: {
    #"SYSTEM_SYSRULES_gridColumn"(
      label: "Maintenanceid",
      sortField: #"urn:appian:record-field:v1:51427fd6-eb7a-4dc3-b19f-c8c3ed413f99/7b16caec-9480-454e-b2a9-3acd1279d6c9",
      value: #"SYSTEM_SYSRULES_linkField"(
        links: {
          #"SYSTEM_SYSRULES_recordLink"(
            label: fv!row[#"urn:appian:record-field:v1:51427fd6-eb7a-4dc3-b19f-c8c3ed413f99/7b16caec-9480-454e-b2a9-3acd1279d6c9"],
            recordType: #"urn:appian:record-type:v1:51427fd6-eb7a-4dc3-b19f-c8c3ed413f99",
            identifier: fv!identifier
          )
        }
      ),
      align: "END"
    ),
    #"SYSTEM_SYSRULES_gridColumn"(
      label: "Issuedescription",
      sortField: #"urn:appian:record-field:v1:51427fd6-eb7a-4dc3-b19f-c8c3ed413f99/d2f46328-3873-44e7-818c-70538a88557b",
      value: fv!row[#"urn:appian:record-field:v1:51427fd6-eb7a-4dc3-b19f-c8c3ed413f99/d2f46328-3873-44e7-818c-70538a88557b"]
    ),
    #"SYSTEM_SYSRULES_gridColumn"(
      label: "Requestedon",
      sortField: #"urn:appian:record-field:v1:51427fd6-eb7a-4dc3-b19f-c8c3ed413f99/d5c7c135-dc71-4d9b-9c2c-180ffb663a15",
      value: if(
      isnull(fv!row[#"urn:appian:record-field:v1:51427fd6-eb7a-4dc3-b19f-c8c3ed413f99/d5c7c135-dc71-4d9b-9c2c-180ffb663a15"]),
      fv!row[#"urn:appian:record-field:v1:51427fd6-eb7a-4dc3-b19f-c8c3ed413f99/d5c7c135-dc71-4d9b-9c2c-180ffb663a15"],
      datetext(fv!row[#"urn:appian:record-field:v1:51427fd6-eb7a-4dc3-b19f-c8c3ed413f99/d5c7c135-dc71-4d9b-9c2c-180ffb663a15"], "default")
      ),
      align: "END"
    ),
    #"SYSTEM_SYSRULES_gridColumn"(
      label: "Requestedby",
      sortField: #"urn:appian:record-field:v1:51427fd6-eb7a-4dc3-b19f-c8c3ed413f99/edda1683-7684-4b70-b374-01f8d46aca26",
      value: fv!row[#"urn:appian:record-field:v1:51427fd6-eb7a-4dc3-b19f-c8c3ed413f99/edda1683-7684-4b70-b374-01f8d46aca26"]
    ),
    #"SYSTEM_SYSRULES_gridColumn"(
      label: "Servicetype",
      sortField: #"urn:appian:record-field:v1:51427fd6-eb7a-4dc3-b19f-c8c3ed413f99/3241d123-ede3-4469-a674-f6d7b2d63127",
      value: fv!row[#"urn:appian:record-field:v1:51427fd6-eb7a-4dc3-b19f-c8c3ed413f99/3241d123-ede3-4469-a674-f6d7b2d63127"]
    ),
    #"SYSTEM_SYSRULES_gridColumn"(
      label: "Mechanicserved",
      sortField: #"urn:appian:record-field:v1:51427fd6-eb7a-4dc3-b19f-c8c3ed413f99/9d3d23eb-d866-455b-a7e9-ce41ca868470",
      value: fv!row[#"urn:appian:record-field:v1:51427fd6-eb7a-4dc3-b19f-c8c3ed413f99/9d3d23eb-d866-455b-a7e9-ce41ca868470"]
    ),
    #"SYSTEM_SYSRULES_gridColumn"(
      label: "Status",
      sortField: #"urn:appian:record-field:v1:51427fd6-eb7a-4dc3-b19f-c8c3ed413f99/17b15324-6f20-419c-ac68-570c19a89cad",
      value: fv!row[#"urn:appian:record-field:v1:51427fd6-eb7a-4dc3-b19f-c8c3ed413f99/17b15324-6f20-419c-ac68-570c19a89cad"]
    ),
    #"SYSTEM_SYSRULES_gridColumn"(
      label: "Completedon",
      sortField: #"urn:appian:record-field:v1:51427fd6-eb7a-4dc3-b19f-c8c3ed413f99/f552c437-ce17-4518-9da4-de26581dd377",
      value: if(
      isnull(fv!row[#"urn:appian:record-field:v1:51427fd6-eb7a-4dc3-b19f-c8c3ed413f99/f552c437-ce17-4518-9da4-de26581dd377"]),
      fv!row[#"urn:appian:record-field:v1:51427fd6-eb7a-4dc3-b19f-c8c3ed413f99/f552c437-ce17-4518-9da4-de26581dd377"],
      datetext(fv!row[#"urn:appian:record-field:v1:51427fd6-eb7a-4dc3-b19f-c8c3ed413f99/f552c437-ce17-4518-9da4-de26581dd377"], "default")
      ),
      align: "END"
    ),
    #"SYSTEM_SYSRULES_gridColumn"(
      label: "Cost",
      sortField: #"urn:appian:record-field:v1:51427fd6-eb7a-4dc3-b19f-c8c3ed413f99/703933c9-7d7e-4648-9038-7628f41baffe",
      value: if(
      isnull(fv!row[#"urn:appian:record-field:v1:51427fd6-eb7a-4dc3-b19f-c8c3ed413f99/703933c9-7d7e-4648-9038-7628f41baffe"]),
      fv!row[#"urn:appian:record-field:v1:51427fd6-eb7a-4dc3-b19f-c8c3ed413f99/703933c9-7d7e-4648-9038-7628f41baffe"],
      fixed(fv!row[#"urn:appian:record-field:v1:51427fd6-eb7a-4dc3-b19f-c8c3ed413f99/703933c9-7d7e-4648-9038-7628f41baffe"], 2)
      ),
      align: "END"
    )
  },
  pageSize: 50,
  shadeAlternateRows: true
)</a:listViewTemplateExpr>
    <a:fieldCfg a:uuid="2dc9a92c-b3c7-4b8e-be29-973d9ec8d1f2" name="Mechanic Served">
      <a:isSortable>false</a:isSortable>
      <a:isSearchable>false</a:isSearchable>
      <a:isFacet>true</a:isFacet>
      <a:facetType>EXPRESSION</a:facetType>
      <a:isExclusiveFacet>true</a:isExclusiveFacet>
      <a:facetExpr>a!localVariables(
  localVar1: #"SYSTEM_SYSRULES_queryRecordType_v1"(
    pagingInfo: #"SYSTEM_SYSRULES_pagingInfo"(startIndex: 1, batchSize: 762, ),
    recordType: #"urn:appian:record-type:v1:51427fd6-eb7a-4dc3-b19f-c8c3ed413f99",
    fields: #"SYSTEM_SYSRULES_aggregationFields"(
      groupings: #"SYSTEM_SYSRULES_grouping"(
        field: #"urn:appian:record-field:v1:51427fd6-eb7a-4dc3-b19f-c8c3ed413f99/9d3d23eb-d866-455b-a7e9-ce41ca868470",
        alias: "mechanicServed"
      ),
      measures: #"SYSTEM_SYSRULES_measure"(
        field: #"urn:appian:record-field:v1:51427fd6-eb7a-4dc3-b19f-c8c3ed413f99/9d3d23eb-d866-455b-a7e9-ce41ca868470",
        function: "COUNT",
        alias: "count"
      )
    )
  ).data,
  #"SYSTEM_SYSRULES_recordFilterList"(
    name: "Mechanic Served",
    options: #"SYSTEM_SYSRULES_forEach"(
      items: local!localVar1,
      expression: #"SYSTEM_SYSRULES_recordFilterListOption"(
        id: fv!index,
        name: fv!item.mechanicServed,
        filter: #"SYSTEM_SYSRULES_queryFilter"(
          field: #"urn:appian:record-field:v1:51427fd6-eb7a-4dc3-b19f-c8c3ed413f99/9d3d23eb-d866-455b-a7e9-ce41ca868470",
          operator: "=",
          value: fv!item.mechanicServed
        ),
        dataCount: fv!item.count
      )
    ),
    defaultOption: if(
      #"urn:appian:function:v1:a:isusermemberofgroup?okey=a!isUserMemberOfGroup"(
        loggedInUser(),
        #"_a-0000ea57-d5bf-8000-9bb3-011c48011c48_113331"
      ),
      loggedInUser(),
      ""
    )
  )
)</a:facetExpr>
      <a:sortOrderIndex>0</a:sortOrderIndex>
      <a:facetOrderIndex>0</a:facetOrderIndex>
      <a:visibilityExpr/>
      <a:defaultOptionExpr/>
      <a:allowMultipleSelections>true</a:allowMultipleSelections>
    </a:fieldCfg>
    <a:detailViewCfg>
      <a:nameExpr>#"SYSTEM_SYSRULES_rtd_getDefaultSummaryViewName"()</a:nameExpr>
      <a:uiExpr>#"7fcdbdf7-f1a2-4049-8b47-2a8e6d7ee56f"(record: rv!record)</a:uiExpr>
      <a:visibilityExpr>=true()</a:visibilityExpr>
      <a:urlStub>summary</a:urlStub>
      <a:headerExpr/>
      <a:relatedActionCfg>refId-6389b56b-65a0-4bbf-a9d6-fd0f1a8a48c8</a:relatedActionCfg>
      <a:relatedActionCfg>refId-4763987e-9f53-480f-bf6e-a3dee76ddaff</a:relatedActionCfg>
      <a:recordActionLaunchType>DIALOG</a:recordActionLaunchType>
      <a:detailViewHeaderCfg>
        <a:headerTypeByte>2</a:headerTypeByte>
        <a:headerConfigJson>{"backgroundMediaExpr":"\"_a-0000eab3-f57a-8000-9bb4-011c48011c48_133288\"","backgroundColor":"#efefef","overlayStyle":"BAR","overlayPosition":"TOP","imageType":"DOCUMENT","overlayColor":"SEMI_DARK","height":"MEDIUM"}</a:headerConfigJson>
        <a:isHeaderFixed>false</a:isHeaderFixed>
      </a:detailViewHeaderCfg>
      <a:recordUiSecurityType>EXPRESSION</a:recordUiSecurityType>
    </a:detailViewCfg>
    <a:relatedActionCfg a:uuid="6389b56b-65a0-4bbf-a9d6-fd0f1a8a48c8">
      <a:target a:uuid="0002ea9e-e006-8000-122a-7f0000014e7a" xsi:type="a:ProcessModel"/>
      <a:contextExpr>{
  cancel: null, /* Boolean */
  record: #"_a-0000ea57-d5bf-8000-9bb3-011c48011c48_125275"(rv!identifier)/* RDAA Maintainance */
}</a:contextExpr>
      <a:visibilityExpr>or(
  #"urn:appian:function:v1:a:isusermemberofgroup?okey=a!isUserMemberOfGroup"(
    loggedInUser(),
    #"_a-0000ea57-d5bf-8000-9bb3-011c48011c48_113319"
  ),
  and(
    loggedInUser() = rv!record[#"urn:appian:record-field:v1:51427fd6-eb7a-4dc3-b19f-c8c3ed413f99/9d3d23eb-d866-455b-a7e9-ce41ca868470"],
    not(
      rv!record[#"urn:appian:record-field:v1:51427fd6-eb7a-4dc3-b19f-c8c3ed413f99/17b15324-6f20-419c-ac68-570c19a89cad"] = "Completed"
    )
  )
)</a:visibilityExpr>
      <a:iconId>f0e7</a:iconId>
      <a:refId>refId-6389b56b-65a0-4bbf-a9d6-fd0f1a8a48c8</a:refId>
      <a:staticTitleString>Change Maintenance Status</a:staticTitleString>
      <a:staticDescriptionString>Change Maintenance Status</a:staticDescriptionString>
      <a:referenceKey>changeMaintenanceStatus</a:referenceKey>
      <a:dialogSize>LARGE</a:dialogSize>
      <a:showInRecordList>false</a:showInRecordList>
      <a:recordUiSecurityType>EXPRESSION</a:recordUiSecurityType>
    </a:relatedActionCfg>
    <a:relatedActionCfg a:uuid="4763987e-9f53-480f-bf6e-a3dee76ddaff">
      <a:target a:uuid="0002ea9b-e82d-8000-1212-7f0000014e7a" xsi:type="a:ProcessModel"/>
      <a:contextExpr>{
  cancel: null, /* Boolean */
  maintenance: #"_a-0000ea57-d5bf-8000-9bb3-011c48011c48_125275"(rv!identifier), /* RDAA Maintainance */
  vehicle: rv!record[#"urn:appian:record-relationship:v1:51427fd6-eb7a-4dc3-b19f-c8c3ed413f99/0a0c6bbc-a292-4ed5-b030-48685f342d19"] /* RDAA Vehicle */
}</a:contextExpr>
      <a:visibilityExpr>#"urn:appian:function:v1:a:isusermemberofgroup?okey=a!isUserMemberOfGroup"(
  loggedInUser(),
  #"_a-0000ea57-d5bf-8000-9bb3-011c48011c48_113319"
)</a:visibilityExpr>
      <a:iconId>f0e7</a:iconId>
      <a:refId>refId-4763987e-9f53-480f-bf6e-a3dee76ddaff</a:refId>
      <a:staticTitleString>Update</a:staticTitleString>
      <a:staticDescriptionString>Update Maintenance Details</a:staticDescriptionString>
      <a:referenceKey>update</a:referenceKey>
      <a:dialogSize>LARGE</a:dialogSize>
      <a:showInRecordList>false</a:showInRecordList>
      <a:recordUiSecurityType>EXPRESSION</a:recordUiSecurityType>
    </a:relatedActionCfg>
    <a:isSystem>false</a:isSystem>
    <a:dataSrcExpr/>
    <a:facetsListExpr/>
    <a:titleExpr>"Maintenance " &amp; rv!record[#"urn:appian:record-field:v1:51427fd6-eb7a-4dc3-b19f-c8c3ed413f99/7b16caec-9480-454e-b2a9-3acd1279d6c9"]</a:titleExpr>
    <a:defaultFiltersExpr/>
    <a:layoutType>GRID</a:layoutType>
    <a:security>16383</a:security>
    <a:hideLatestNews>false</a:hideLatestNews>
    <a:hideNewsView>false</a:hideNewsView>
    <a:hideRelatedActionsView>false</a:hideRelatedActionsView>
    <a:isExportable>true</a:isExportable>
    <a:listViewSrcExpr/>
    <a:recordViewSrcExpr/>
    <a:recordRelationshipCfg>
      <uuid>3b77fa13-5653-4278-b600-5765e1c9747f</uuid>
      <relationshipName>eventHistory</relationshipName>
      <targetRecordTypeUuid>1b53bfe0-3c18-4684-9fb6-4b577eab24e6</targetRecordTypeUuid>
      <relationshipType>ONE_TO_MANY</relationshipType>
      <relationshipData>{"sourceRecordTypeFieldUuid":"7b16caec-9480-454e-b2a9-3acd1279d6c9","targetRecordTypeFieldUuid":"f10675ef-de13-486d-96ba-fb3df57db9e6","relationshipOperator":"1","joinTableSourceField":"","joinTableTargetField":""}</relationshipData>
      <updateBehavior>CASCADING</updateBehavior>
    </a:recordRelationshipCfg>
    <a:recordRelationshipCfg>
      <uuid>0a0c6bbc-a292-4ed5-b030-48685f342d19</uuid>
      <relationshipName>rdaaVehicle</relationshipName>
      <targetRecordTypeUuid>adc51301-a486-48d0-8ed6-932118db7c24</targetRecordTypeUuid>
      <relationshipType>MANY_TO_ONE</relationshipType>
      <relationshipData>{"sourceRecordTypeFieldUuid":"f31ded75-e511-44f1-9b0b-04ac6fb6d91a","targetRecordTypeFieldUuid":"b52b6036-1348-4061-ab79-11bf82018c93","relationshipOperator":"1","joinTableSourceField":"","joinTableTargetField":""}</relationshipData>
      <updateBehavior>NON_CASCADING</updateBehavior>
    </a:recordRelationshipCfg>
    <a:recordTypeSearchCfg>
      <searchFieldsSrc>DEFAULT</searchFieldsSrc>
      <placeholderSrc>DEFAULT</placeholderSrc>
      <placeholder/>
    </a:recordTypeSearchCfg>
    <a:iconId/>
    <a:listAutoRefreshInterval>0.0</a:listAutoRefreshInterval>
    <a:sourceConfiguration>
      <sourceUuid>vit999maintenance@jdbc/Appian</sourceUuid>
      <sourceType>RDBMS_TABLE</sourceType>
      <friendlyName>vit999maintenance</friendlyName>
      <sourceFilterExpr/>
      <field>
        <uuid>7b16caec-9480-454e-b2a9-3acd1279d6c9</uuid>
        <type>{http://www.appian.com/ae/types/2009}Integer</type>
        <sourceFieldName>maintenanceid</sourceFieldName>
        <sourceFieldType>INTEGER</sourceFieldType>
        <fieldName>maintenanceid</fieldName>
        <isRecordId>true</isRecordId>
        <isUnique>true</isUnique>
        <isCustomField>false</isCustomField>
        <customFieldExpr/>
        <customFieldDefaultValueStr>null</customFieldDefaultValueStr>
        <fieldCalculationType>NA</fieldCalculationType>
        <fieldTemplateType>NA</fieldTemplateType>
      </field>
      <field>
        <uuid>f31ded75-e511-44f1-9b0b-04ac6fb6d91a</uuid>
        <type>{http://www.appian.com/ae/types/2009}Integer</type>
        <sourceFieldName>vehicleid</sourceFieldName>
        <sourceFieldType>INTEGER</sourceFieldType>
        <fieldName>vehicleid</fieldName>
        <isRecordId>false</isRecordId>
        <isUnique>false</isUnique>
        <isCustomField>false</isCustomField>
        <customFieldExpr/>
        <customFieldDefaultValueStr>null</customFieldDefaultValueStr>
        <fieldCalculationType>NA</fieldCalculationType>
        <fieldTemplateType>NA</fieldTemplateType>
      </field>
      <field>
        <uuid>d2f46328-3873-44e7-818c-70538a88557b</uuid>
        <type>{http://www.appian.com/ae/types/2009}Text</type>
        <sourceFieldName>issuedescription</sourceFieldName>
        <sourceFieldType>VARCHAR(255)</sourceFieldType>
        <fieldName>issuedescription</fieldName>
        <isRecordId>false</isRecordId>
        <isUnique>false</isUnique>
        <isCustomField>false</isCustomField>
        <customFieldExpr/>
        <customFieldDefaultValueStr>null</customFieldDefaultValueStr>
        <fieldCalculationType>NA</fieldCalculationType>
        <fieldTemplateType>NA</fieldTemplateType>
      </field>
      <field>
        <uuid>d5c7c135-dc71-4d9b-9c2c-180ffb663a15</uuid>
        <type>{http://www.appian.com/ae/types/2009}Datetime</type>
        <sourceFieldName>requestedon</sourceFieldName>
        <sourceFieldType>TIMESTAMP</sourceFieldType>
        <fieldName>requestedon</fieldName>
        <isRecordId>false</isRecordId>
        <isUnique>false</isUnique>
        <isCustomField>false</isCustomField>
        <customFieldExpr/>
        <customFieldDefaultValueStr>null</customFieldDefaultValueStr>
        <fieldCalculationType>NA</fieldCalculationType>
        <fieldTemplateType>NA</fieldTemplateType>
      </field>
      <field>
        <uuid>edda1683-7684-4b70-b374-01f8d46aca26</uuid>
        <type>{http://www.appian.com/ae/types/2009}Text</type>
        <sourceFieldName>requestedby</sourceFieldName>
        <sourceFieldType>VARCHAR(255)</sourceFieldType>
        <fieldName>requestedby</fieldName>
        <isRecordId>false</isRecordId>
        <isUnique>false</isUnique>
        <isCustomField>false</isCustomField>
        <customFieldExpr/>
        <customFieldDefaultValueStr>null</customFieldDefaultValueStr>
        <fieldCalculationType>NA</fieldCalculationType>
        <fieldTemplateType>NA</fieldTemplateType>
      </field>
      <field>
        <uuid>3241d123-ede3-4469-a674-f6d7b2d63127</uuid>
        <type>{http://www.appian.com/ae/types/2009}Text</type>
        <sourceFieldName>servicetype</sourceFieldName>
        <sourceFieldType>VARCHAR(255)</sourceFieldType>
        <fieldName>servicetype</fieldName>
        <isRecordId>false</isRecordId>
        <isUnique>false</isUnique>
        <isCustomField>false</isCustomField>
        <customFieldExpr/>
        <customFieldDefaultValueStr>null</customFieldDefaultValueStr>
        <fieldCalculationType>NA</fieldCalculationType>
        <fieldTemplateType>NA</fieldTemplateType>
      </field>
      <field>
        <uuid>9d3d23eb-d866-455b-a7e9-ce41ca868470</uuid>
        <type>{http://www.appian.com/ae/types/2009}Text</type>
        <sourceFieldName>mechanicserved</sourceFieldName>
        <sourceFieldType>VARCHAR(255)</sourceFieldType>
        <fieldName>mechanicserved</fieldName>
        <isRecordId>false</isRecordId>
        <isUnique>false</isUnique>
        <isCustomField>false</isCustomField>
        <customFieldExpr/>
        <customFieldDefaultValueStr>null</customFieldDefaultValueStr>
        <fieldCalculationType>NA</fieldCalculationType>
        <fieldTemplateType>NA</fieldTemplateType>
      </field>
      <field>
        <uuid>17b15324-6f20-419c-ac68-570c19a89cad</uuid>
        <type>{http://www.appian.com/ae/types/2009}Text</type>
        <sourceFieldName>comments</sourceFieldName>
        <sourceFieldType>VARCHAR(255)</sourceFieldType>
        <fieldName>status</fieldName>
        <isRecordId>false</isRecordId>
        <isUnique>false</isUnique>
        <isCustomField>false</isCustomField>
        <customFieldExpr/>
        <customFieldDefaultValueStr>null</customFieldDefaultValueStr>
        <fieldCalculationType>NA</fieldCalculationType>
        <fieldTemplateType>NA</fieldTemplateType>
      </field>
      <field>
        <uuid>f552c437-ce17-4518-9da4-de26581dd377</uuid>
        <type>{http://www.appian.com/ae/types/2009}Datetime</type>
        <sourceFieldName>completedon</sourceFieldName>
        <sourceFieldType>TIMESTAMP</sourceFieldType>
        <fieldName>completedon</fieldName>
        <isRecordId>false</isRecordId>
        <isUnique>false</isUnique>
        <isCustomField>false</isCustomField>
        <customFieldExpr/>
        <customFieldDefaultValueStr>null</customFieldDefaultValueStr>
        <fieldCalculationType>NA</fieldCalculationType>
        <fieldTemplateType>NA</fieldTemplateType>
      </field>
      <field>
        <uuid>703933c9-7d7e-4648-9038-7628f41baffe</uuid>
        <type>{http://www.appian.com/ae/types/2009}Decimal</type>
        <sourceFieldName>cost</sourceFieldName>
        <sourceFieldType>DOUBLE</sourceFieldType>
        <fieldName>cost</fieldName>
        <isRecordId>false</isRecordId>
        <isUnique>false</isUnique>
        <isCustomField>false</isCustomField>
        <customFieldExpr/>
        <customFieldDefaultValueStr>null</customFieldDefaultValueStr>
        <fieldCalculationType>NA</fieldCalculationType>
        <fieldTemplateType>NA</fieldTemplateType>
      </field>
      <joinType>LEFT</joinType>
      <uuid>560876e2-73db-41c3-bd6c-db338ed1848e</uuid>
      <refreshSchedule>
        <frequency>DAILY</frequency>
        <value>{"hour":3,"minute":"00","amPM":"AM","timeZone":"IST","version":"v1"}</value>
        <activated>false</activated>
      </refreshSchedule>
      <skipFailureEnabled>true</skipFailureEnabled>
      <recordIdGeneratorUuid/>
    </a:sourceConfiguration>
    <a:enabledFeatures>63</a:enabledFeatures>
    <a:isVisibleInRecordTypeList>false</a:isVisibleInRecordTypeList>
    <a:recordActionLaunchType>DIALOG</a:recordActionLaunchType>
    <a:showSearchBox>true</a:showSearchBox>
    <a:recordEventsConfig>
      <uuid>2c27ae1a-b8a9-433f-a426-740e864f292b</uuid>
      <eventRecordTypeUuid>1b53bfe0-3c18-4684-9fb6-4b577eab24e6</eventRecordTypeUuid>
      <eventRelationshipUuid>3b77fa13-5653-4278-b600-5765e1c9747f</eventRelationshipUuid>
      <eventTypeRecordTypeUuid>9e64ffdc-8532-4e61-b109-fa290a4b523f</eventTypeRecordTypeUuid>
      <eventTypeRelationshipUuid>4a7adeb6-390e-4740-9efa-dd8b2bc04e31</eventTypeRelationshipUuid>
      <eventTimestampFieldUuid>9dfa6eca-c411-4f6f-81f7-54293bb65026</eventTimestampFieldUuid>
      <eventUserFieldUuid>cfa600ec-8f9f-493f-835a-b5743cae948d</eventUserFieldUuid>
      <eventTypeValueFieldUuid>77e15030-0a6d-4649-8307-6c6b7eddcee0</eventTypeValueFieldUuid>
      <generateCommonEvents>false</generateCommonEvents>
    </a:recordEventsConfig>
  </recordType>
  <roleMap>
    <role name="record_type_administrator">
      <users/>
      <groups>
        <groupUuid>_e-0000ea32-688e-8000-9afe-01075c01075c_2837</groupUuid>
      </groups>
    </role>
    <role name="record_type_viewer">
      <users/>
      <groups>
        <groupUuid>_e-0000ea32-688e-8000-9afe-01075c01075c_2835</groupUuid>
      </groups>
    </role>
  </roleMap>
  <history>
    <historyInfo versionUuid="507fbda0-0784-4c5f-af94-6805fc3c4bc9"/>
    <historyInfo versionUuid="10c290bb-892f-4768-98c8-1b5e535ae52a"/>
    <historyInfo versionUuid="9a72f4d2-72fe-47be-bddd-c6f7b145f536"/>
    <historyInfo versionUuid="5baeb6b4-72f9-4c90-b6b9-d7aa03ef7772"/>
    <historyInfo versionUuid="c2b5a5b5-ba4c-455e-9826-1a9ad37564ba"/>
    <historyInfo versionUuid="5636c22b-7f2a-432b-bc98-70bc57f26f53"/>
    <historyInfo versionUuid="3bb61613-413d-4a8a-97dd-832c3d8e4d06"/>
    <historyInfo versionUuid="82d102fd-389b-4e70-a8ea-5d7de5efd7a8"/>
    <historyInfo versionUuid="04df1f0e-beb1-4cb3-b3f2-defa6fa93dd1"/>
  </history>
  <migrationVersion>1</migrationVersion>
</recordTypeHaul>
