<?xml version="1.0" encoding="UTF-8"?>
<recordTypeHaul xmlns:a="http://www.appian.com/ae/types/2009" xmlns:xsi="http://www.w3.org/2001/XMLSchema-instance">
  <versionUuid>ac865245-d5a8-4267-8c7a-d982d5d7daf5</versionUuid>
  <recordType a:uuid="ac865245-d5a8-4267-8c7a-d982d5d7daf5" name="RDAA Vehicle Event Type">
    <a:pluralName>RDAA Vehicle Event Types</a:pluralName>
    <a:description>Contains the types of business events for Vehicle</a:description>
    <a:urlStub>htOIEQ</a:urlStub>
    <a:source xsi:type="a:RecordsReplica"/>
    <a:listViewTemplateExpr>#"SYSTEM_SYSRULES_recordGridField"(
    columns: {
        #"SYSTEM_SYSRULES_gridColumn"(
          label: "Id",
          sortField: #"urn:appian:record-field:v1:ac865245-d5a8-4267-8c7a-d982d5d7daf5/a86d2f51-0b31-4a14-ab8b-32a3f5283c34",
          value: fv!row[#"urn:appian:record-field:v1:ac865245-d5a8-4267-8c7a-d982d5d7daf5/a86d2f51-0b31-4a14-ab8b-32a3f5283c34"],
          align: "END"
        ),
        #"SYSTEM_SYSRULES_gridColumn"(
          label: "EventName",
          sortField: #"urn:appian:record-field:v1:ac865245-d5a8-4267-8c7a-d982d5d7daf5/c7c3b230-8af3-4484-8c57-15e25745e2d1",
          value: #"SYSTEM_SYSRULES_linkField"(
            links: {
              #"SYSTEM_SYSRULES_recordLink"(
                label: fv!row[#"urn:appian:record-field:v1:ac865245-d5a8-4267-8c7a-d982d5d7daf5/c7c3b230-8af3-4484-8c57-15e25745e2d1"],
                recordType: #"urn:appian:record-type:v1:ac865245-d5a8-4267-8c7a-d982d5d7daf5",
                identifier: fv!identifier
              )
            }
          )
        )
      },
      pageSize: 50,
      shadeAlternateRows: true
    )</a:listViewTemplateExpr>
    <a:detailViewCfg>
      <a:nameExpr>#"SYSTEM_SYSRULES_rtd_getDefaultSummaryViewName"()</a:nameExpr>
      <a:uiExpr/>
      <a:visibilityExpr>=true()</a:visibilityExpr>
      <a:urlStub>summary</a:urlStub>
      <a:headerExpr/>
      <a:recordActionLaunchType>DIALOG</a:recordActionLaunchType>
      <a:recordUiSecurityType>EXPRESSION</a:recordUiSecurityType>
    </a:detailViewCfg>
    <a:isSystem>false</a:isSystem>
    <a:dataSrcExpr/>
    <a:facetsListExpr/>
    <a:titleExpr>rv!record[#"urn:appian:record-field:v1:ac865245-d5a8-4267-8c7a-d982d5d7daf5/c7c3b230-8af3-4484-8c57-15e25745e2d1"]</a:titleExpr>
    <a:defaultFiltersExpr/>
    <a:layoutType>GRID</a:layoutType>
    <a:security>16383</a:security>
    <a:hideLatestNews>false</a:hideLatestNews>
    <a:hideNewsView>false</a:hideNewsView>
    <a:hideRelatedActionsView>false</a:hideRelatedActionsView>
    <a:isExportable>true</a:isExportable>
    <a:listViewSrcExpr/>
    <a:recordViewSrcExpr/>
    <a:iconId/>
    <a:listAutoRefreshInterval>0.0</a:listAutoRefreshInterval>
    <a:sourceConfiguration>
      <sourceUuid>RDAA_VEHICLE_EVENT_TYPE@jdbc/Appian</sourceUuid>
      <sourceType>RDBMS_TABLE</sourceType>
      <friendlyName>RDAA_VEHICLE_EVENT_TYPE</friendlyName>
      <sourceFilterExpr/>
      <field>
        <uuid>a86d2f51-0b31-4a14-ab8b-32a3f5283c34</uuid>
        <type>{http://www.appian.com/ae/types/2009}Integer</type>
        <sourceFieldName>ID</sourceFieldName>
        <sourceFieldType>INTEGER</sourceFieldType>
        <fieldName>id</fieldName>
        <isRecordId>true</isRecordId>
        <isUnique>true</isUnique>
        <isCustomField>false</isCustomField>
        <customFieldExpr/>
        <fieldCalculationType>NA</fieldCalculationType>
        <fieldTemplateType>NA</fieldTemplateType>
      </field>
      <field>
        <uuid>c7c3b230-8af3-4484-8c57-15e25745e2d1</uuid>
        <type>{http://www.appian.com/ae/types/2009}Text</type>
        <sourceFieldName>EVENTNAME</sourceFieldName>
        <sourceFieldType>VARCHAR(255)</sourceFieldType>
        <fieldName>eventName</fieldName>
        <isRecordId>false</isRecordId>
        <isUnique>false</isUnique>
        <isCustomField>false</isCustomField>
        <customFieldExpr/>
        <fieldCalculationType>NA</fieldCalculationType>
        <fieldTemplateType>NA</fieldTemplateType>
      </field>
      <joinType>LEFT</joinType>
      <uuid>8ebc2d76-0148-4760-98e3-a3aea74ee01e</uuid>
      <refreshSchedule>
        <frequency>DAILY</frequency>
        <value>{"hour":3,"minute":"00","amPM":"AM","timeZone":"Asia/Kolkata","version":"v1"}</value>
        <activated>false</activated>
      </refreshSchedule>
      <skipFailureEnabled>true</skipFailureEnabled>
      <recordIdGeneratorUuid/>
    </a:sourceConfiguration>
    <a:enabledFeatures>63</a:enabledFeatures>
    <a:isVisibleInRecordTypeList>false</a:isVisibleInRecordTypeList>
    <a:recordActionLaunchType>DIALOG</a:recordActionLaunchType>
    <a:showSearchBox>true</a:showSearchBox>
  </recordType>
  <roleMap>
    <role name="record_type_administrator">
      <users/>
      <groups>
        <groupUuid>_e-0000ea32-688e-8000-9afe-01075c01075c_2837</groupUuid>
      </groups>
    </role>
    <role name="record_type_viewer">
      <users/>
      <groups>
        <groupUuid>_e-0000ea32-688e-8000-9afe-01075c01075c_2835</groupUuid>
      </groups>
    </role>
  </roleMap>
  <history>
    <historyInfo versionUuid="ac865245-d5a8-4267-8c7a-d982d5d7daf5"/>
  </history>
  <migrationVersion>1</migrationVersion>
</recordTypeHaul>
