<?xml version="1.0" encoding="UTF-8"?>
<recordTypeHaul xmlns:a="http://www.appian.com/ae/types/2009" xmlns:xsi="http://www.w3.org/2001/XMLSchema-instance">
  <versionUuid>62e8992e-e019-4ced-b4af-af1439f2fd19</versionUuid>
  <recordType a:uuid="adc51301-a486-48d0-8ed6-932118db7c24" name="RDAA Vehicle">
    <a:pluralName>Vehicles</a:pluralName>
    <a:description/>
    <a:urlStub>jf2O5g</a:urlStub>
    <a:source xsi:type="a:RecordsReplica"/>
    <a:listViewTemplateExpr>#"SYSTEM_SYSRULES_recordGridField"(
  columns: {
    #"SYSTEM_SYSRULES_gridColumn"(
      label: "Vin",
      sortField: #"urn:appian:record-field:v1:adc51301-a486-48d0-8ed6-932118db7c24/dbb51139-0f6f-461c-9908-a7e557757fe6",
      value: #"SYSTEM_SYSRULES_linkField"(
        links: {
          #"SYSTEM_SYSRULES_recordLink"(
            label: fv!row[#"urn:appian:record-field:v1:adc51301-a486-48d0-8ed6-932118db7c24/dbb51139-0f6f-461c-9908-a7e557757fe6"],
            recordType: #"urn:appian:record-type:v1:adc51301-a486-48d0-8ed6-932118db7c24",
            identifier: fv!identifier
          )
        }
      )
    ),
    #"SYSTEM_SYSRULES_gridColumn"(
      label: "Make",
      sortField: #"urn:appian:record-field:v1:adc51301-a486-48d0-8ed6-932118db7c24/4fd1b12b-2290-4dfb-ac18-d49eaec134b6",
      value: fv!row[#"urn:appian:record-field:v1:adc51301-a486-48d0-8ed6-932118db7c24/4fd1b12b-2290-4dfb-ac18-d49eaec134b6"]
    ),
    #"SYSTEM_SYSRULES_gridColumn"(
      label: "Model",
      sortField: #"urn:appian:record-field:v1:adc51301-a486-48d0-8ed6-932118db7c24/37217b1e-8cb5-4fd6-97a3-8598a869c72d",
      value: fv!row[#"urn:appian:record-field:v1:adc51301-a486-48d0-8ed6-932118db7c24/37217b1e-8cb5-4fd6-97a3-8598a869c72d"]
    ),
    #"SYSTEM_SYSRULES_gridColumn"(
      label: "Year Built",
      sortField: #"urn:appian:record-field:v1:adc51301-a486-48d0-8ed6-932118db7c24/3e4b5676-f32e-4e10-a077-c5c2a6de9494",
      value: fv!row[#"urn:appian:record-field:v1:adc51301-a486-48d0-8ed6-932118db7c24/3e4b5676-f32e-4e10-a077-c5c2a6de9494"],
      align: "END"
    ),
    #"SYSTEM_SYSRULES_gridColumn"(
      label: "Mileage",
      sortField: #"urn:appian:record-field:v1:adc51301-a486-48d0-8ed6-932118db7c24/96f96970-f39f-4b6f-ba1a-40f9f52df54c",
      value: fv!row[#"urn:appian:record-field:v1:adc51301-a486-48d0-8ed6-932118db7c24/96f96970-f39f-4b6f-ba1a-40f9f52df54c"],
      align: "END"
    ),
    #"SYSTEM_SYSRULES_gridColumn"(
      label: "Is Available",
      sortField: #"urn:appian:record-field:v1:adc51301-a486-48d0-8ed6-932118db7c24/2e092d3c-7b41-4424-8975-851ee1326339",
      value: fv!row[#"urn:appian:record-field:v1:adc51301-a486-48d0-8ed6-932118db7c24/2e092d3c-7b41-4424-8975-851ee1326339"]
    ),
    #"SYSTEM_SYSRULES_gridColumn"(
      label: "Image Id",
      sortField: #"urn:appian:record-field:v1:adc51301-a486-48d0-8ed6-932118db7c24/9210933c-afcd-4e6b-bab3-3972a68c4194",
      value: fv!row[#"urn:appian:record-field:v1:adc51301-a486-48d0-8ed6-932118db7c24/9210933c-afcd-4e6b-bab3-3972a68c4194"],
      align: "END"
    ),
    #"SYSTEM_SYSRULES_gridColumn"(
      label: "Color",
      sortField: #"urn:appian:record-field:v1:adc51301-a486-48d0-8ed6-932118db7c24/5ac69f02-f33b-4bda-a9fe-c531ed6c49a5",
      value: fv!row[#"urn:appian:record-field:v1:adc51301-a486-48d0-8ed6-932118db7c24/5ac69f02-f33b-4bda-a9fe-c531ed6c49a5"]
    ),
    #"SYSTEM_SYSRULES_gridColumn"(
      label: "Mileage Category",
      sortField: #"urn:appian:record-field:v1:adc51301-a486-48d0-8ed6-932118db7c24/8daf352d-acd0-4181-881c-e4a006db2728",
      value: fv!row[#"urn:appian:record-field:v1:adc51301-a486-48d0-8ed6-932118db7c24/8daf352d-acd0-4181-881c-e4a006db2728"],
      align: "START"
    ),
    #"SYSTEM_SYSRULES_gridColumn"(
      label: "Maintenance ID count",
      sortField: #"urn:appian:record-field:v1:adc51301-a486-48d0-8ed6-932118db7c24/78196efd-9bdd-47d0-af35-dede59f7990f",
      value: #"SYSTEM_SYSRULES_linkField"(
        links: #"SYSTEM_SYSRULES_recordLink"(
          label: fv!row[#"urn:appian:record-field:v1:adc51301-a486-48d0-8ed6-932118db7c24/471085b1-3896-44d0-aade-289164a5b0cc"],
          recordType: #"urn:appian:record-type:v1:adc51301-a486-48d0-8ed6-932118db7c24",
          identifier: fv!identifier
        )
      ),
      align: "START"
    )
  },
  pageSize: 50,
  shadeAlternateRows: true
)</a:listViewTemplateExpr>
    <a:fieldCfg a:uuid="bc1fef62-57e1-43e5-9e8d-4508a0d71eab" name="Mileage Category">
      <a:description/>
      <a:sourceRef>8daf352d-acd0-4181-881c-e4a006db2728</a:sourceRef>
      <a:isSortable>false</a:isSortable>
      <a:isSearchable>false</a:isSearchable>
      <a:isFacet>true</a:isFacet>
      <a:facetType>CUSTOM_BUCKETS_CLOSED</a:facetType>
      <a:isExclusiveFacet>true</a:isExclusiveFacet>
      <a:facetLabelExpr>"Mileage Category"</a:facetLabelExpr>
      <a:facetOption>
        <a:labelExpr>"Medium Mileage"</a:labelExpr>
        <a:facetOperator>IN</a:facetOperator>
        <a:lowerLimitExpr/>
        <a:upperLimitExpr/>
        <a:values>"Medium Mileage"</a:values>
      </a:facetOption>
      <a:facetOption>
        <a:labelExpr>"High Mileage"</a:labelExpr>
        <a:facetOperator>IN</a:facetOperator>
        <a:lowerLimitExpr/>
        <a:upperLimitExpr/>
        <a:values>"High Mileage"</a:values>
      </a:facetOption>
      <a:facetOption>
        <a:labelExpr>"Low Mileage"</a:labelExpr>
        <a:facetOperator>IN</a:facetOperator>
        <a:lowerLimitExpr/>
        <a:upperLimitExpr/>
        <a:values>"Low Mileage"</a:values>
      </a:facetOption>
      <a:sortOrderIndex>0</a:sortOrderIndex>
      <a:facetOrderIndex>0</a:facetOrderIndex>
      <a:visibilityExpr/>
      <a:defaultOptionExpr/>
      <a:allowMultipleSelections>true</a:allowMultipleSelections>
    </a:fieldCfg>
    <a:fieldCfg a:uuid="5492659a-8c12-42f2-b023-d59a79fdded4" name="Make">
      <a:isSortable>false</a:isSortable>
      <a:isSearchable>false</a:isSearchable>
      <a:isFacet>true</a:isFacet>
      <a:facetType>EXPRESSION</a:facetType>
      <a:isExclusiveFacet>true</a:isExclusiveFacet>
      <a:facetExpr>a!localVariables(
  local!vehicleMake: #"SYSTEM_SYSRULES_queryRecordType_v1"(
    recordType: #"urn:appian:record-type:v1:adc51301-a486-48d0-8ed6-932118db7c24",
    pagingInfo: #"SYSTEM_SYSRULES_pagingInfo"(
      startIndex: 1,
      batchSize: 5000
    ),
    fields: #"SYSTEM_SYSRULES_aggregationFields"(
      groupings: #"SYSTEM_SYSRULES_grouping"(
        field:#"urn:appian:record-field:v1:adc51301-a486-48d0-8ed6-932118db7c24/4fd1b12b-2290-4dfb-ac18-d49eaec134b6",
        alias: "make"
      ),
      measures: #"SYSTEM_SYSRULES_measure"(
        field: #"urn:appian:record-field:v1:adc51301-a486-48d0-8ed6-932118db7c24/4fd1b12b-2290-4dfb-ac18-d49eaec134b6",
        alias: "count",
        function: "COUNT"
      )
    )
  ),
  #"SYSTEM_SYSRULES_recordFilterList"(
    name: "Vehicle Make",
    options: #"SYSTEM_SYSRULES_forEach"(
      items: local!vehicleMake.data,
      expression: #"SYSTEM_SYSRULES_recordFilterListOption"(
        id:fv!index,
        name:fv!item.make,
        filter: #"SYSTEM_SYSRULES_queryFilter"(
          field: #"urn:appian:record-field:v1:adc51301-a486-48d0-8ed6-932118db7c24/4fd1b12b-2290-4dfb-ac18-d49eaec134b6",
          operator: "=",
          value: fv!item.make
        ),
        dataCount: fv!item.count
      )
    )
  )
)</a:facetExpr>
      <a:sortOrderIndex>1</a:sortOrderIndex>
      <a:facetOrderIndex>1</a:facetOrderIndex>
      <a:visibilityExpr/>
      <a:defaultOptionExpr/>
      <a:allowMultipleSelections>true</a:allowMultipleSelections>
    </a:fieldCfg>
    <a:fieldCfg a:uuid="7a7c3874-e2a0-41b2-aa69-b6e31bbb48ea" name="Added By">
      <a:isSortable>false</a:isSortable>
      <a:isSearchable>false</a:isSearchable>
      <a:isFacet>true</a:isFacet>
      <a:facetType>EXPRESSION</a:facetType>
      <a:isExclusiveFacet>true</a:isExclusiveFacet>
      <a:facetExpr>a!localVariables(
  queryResult: #"SYSTEM_SYSRULES_queryRecordType_v1"(
    pagingInfo: #"SYSTEM_SYSRULES_pagingInfo"(startIndex: 1, batchSize: 500),
    recordType: #"urn:appian:record-type:v1:adc51301-a486-48d0-8ed6-932118db7c24",
    fields: #"SYSTEM_SYSRULES_aggregationFields"(
      groupings: #"SYSTEM_SYSRULES_grouping"(
        field: #"urn:appian:record-field:v1:adc51301-a486-48d0-8ed6-932118db7c24/78196efd-9bdd-47d0-af35-dede59f7990f",
        alias: "grouping"
      ),
      measures: #"SYSTEM_SYSRULES_measure"(
        field: #"urn:appian:record-field:v1:adc51301-a486-48d0-8ed6-932118db7c24/78196efd-9bdd-47d0-af35-dede59f7990f",
        function: "COUNT",
        alias: "measure"
      )
    )
  ).data,
  #"SYSTEM_SYSRULES_recordFilterList"(
    name: "Added By",
    options: #"SYSTEM_SYSRULES_forEach"(
      items: local!queryResult,
      expression: #"SYSTEM_SYSRULES_recordFilterListOption"(
        id: fv!index,
        name: fv!item.grouping,
        filter: #"SYSTEM_SYSRULES_queryFilter"(
          field: #"urn:appian:record-field:v1:adc51301-a486-48d0-8ed6-932118db7c24/78196efd-9bdd-47d0-af35-dede59f7990f",
          operator: "=",
          value: fv!item.grouping
        ),
        dataCount: fv!item.measure
      )
    ),
    defaultOption: loggedInUser()
  )
)</a:facetExpr>
      <a:sortOrderIndex>2</a:sortOrderIndex>
      <a:facetOrderIndex>2</a:facetOrderIndex>
      <a:visibilityExpr/>
      <a:defaultOptionExpr/>
      <a:allowMultipleSelections>true</a:allowMultipleSelections>
    </a:fieldCfg>
    <a:detailViewCfg>
      <a:nameExpr>#"SYSTEM_SYSRULES_rtd_getDefaultSummaryViewName"()</a:nameExpr>
      <a:uiExpr>#"87903e34-93f0-47f5-8bc9-94178aa3be56"(record: rv!record)</a:uiExpr>
      <a:visibilityExpr>=true()</a:visibilityExpr>
      <a:urlStub>summary</a:urlStub>
      <a:headerExpr/>
      <a:relatedActionCfg>refId-e210d2a5-16a8-4f51-80b8-620c93d4b499</a:relatedActionCfg>
      <a:relatedActionCfg>refId-a8040361-b44f-4f38-804f-6ca0d285c3a9</a:relatedActionCfg>
      <a:relatedActionCfg>refId-e2d4a128-578e-41d5-8603-0fc144e98154</a:relatedActionCfg>
      <a:recordActionLaunchType>DIALOG</a:recordActionLaunchType>
      <a:detailViewHeaderCfg>
        <a:headerTypeByte>2</a:headerTypeByte>
        <a:headerConfigJson>{"backgroundMediaExpr":"if(\n  isnull(\n    rv!record[#\"urn:appian:record-field:v1:adc51301-a486-48d0-8ed6-932118db7c24/9210933c-afcd-4e6b-bab3-3972a68c4194\"]\n  ),\n  #\"_a-0000eab3-f57a-8000-9bb4-011c48011c48_132865\",\n  rv!record[#\"urn:appian:record-field:v1:adc51301-a486-48d0-8ed6-932118db7c24/9210933c-afcd-4e6b-bab3-3972a68c4194\"]\n)","backgroundColor":"#efefef","overlayStyle":"BAR","overlayPosition":"TOP","imageType":"EXPRESSION","overlayColor":"SEMI_DARK","height":"MEDIUM_PLUS"}</a:headerConfigJson>
        <a:isHeaderFixed>false</a:isHeaderFixed>
      </a:detailViewHeaderCfg>
      <a:recordUiSecurityType>EXPRESSION</a:recordUiSecurityType>
    </a:detailViewCfg>
    <a:relatedActionCfg a:uuid="e210d2a5-16a8-4f51-80b8-620c93d4b499">
      <a:target a:uuid="0002ea9b-e82d-8000-1212-7f0000014e7a" xsi:type="a:ProcessModel"/>
      <a:contextExpr>{
  cancel: null, /* Boolean */
  maintenance: null, /* RDAA Maintainance */
  vehicle: #"_a-0000ea57-d5bf-8000-9bb3-011c48011c48_118195"(rv!identifier) /* RDAA Vehicle */
}</a:contextExpr>
      <a:visibilityExpr>#"urn:appian:function:v1:a:isusermemberofgroup?okey=a!isUserMemberOfGroup"(
  loggedInUser(),
  {
    #"_a-0000ea57-d5bf-8000-9bb3-011c48011c48_113331"
  }
)</a:visibilityExpr>
      <a:iconId>f31a</a:iconId>
      <a:refId>refId-e210d2a5-16a8-4f51-80b8-620c93d4b499</a:refId>
      <a:staticTitleString>Request Maintenance</a:staticTitleString>
      <a:staticDescriptionString>Request Maintenance for the selected Vehicle</a:staticDescriptionString>
      <a:referenceKey>requestMaintenance</a:referenceKey>
      <a:dialogSize>LARGE</a:dialogSize>
      <a:showInRecordList>false</a:showInRecordList>
      <a:recordUiSecurityType>EXPRESSION</a:recordUiSecurityType>
    </a:relatedActionCfg>
    <a:relatedActionCfg a:uuid="a8040361-b44f-4f38-804f-6ca0d285c3a9">
      <a:target a:uuid="0002ea9a-904f-8000-1207-7f0000014e7a" xsi:type="a:ProcessModel"/>
      <a:contextExpr>{
  cancel: null, /* Boolean */
  submit: null, /* Boolean */
  vehicle: #"_a-0000ea57-d5bf-8000-9bb3-011c48011c48_118195"(rv!identifier) /* RDAA_B2C_Vehicle */
}</a:contextExpr>
      <a:visibilityExpr>#"urn:appian:function:v1:a:isusermemberofgroup?okey=a!isUserMemberOfGroup"(
  loggedInUser(),
  #"_a-0000ea57-d5bf-8000-9bb3-011c48011c48_113325"
)</a:visibilityExpr>
      <a:iconId>f0e7</a:iconId>
      <a:refId>refId-a8040361-b44f-4f38-804f-6ca0d285c3a9</a:refId>
      <a:titleExpr>"Update " &amp; rv!record[#"urn:appian:record-field:v1:adc51301-a486-48d0-8ed6-932118db7c24/4fd1b12b-2290-4dfb-ac18-d49eaec134b6"] " " &amp; rv!record[#"urn:appian:record-field:v1:adc51301-a486-48d0-8ed6-932118db7c24/37217b1e-8cb5-4fd6-97a3-8598a869c72d"]</a:titleExpr>
      <a:descriptionExpr>"Update " &amp; rv!record[#"urn:appian:record-field:v1:adc51301-a486-48d0-8ed6-932118db7c24/4fd1b12b-2290-4dfb-ac18-d49eaec134b6"] " " &amp; rv!record[#"urn:appian:record-field:v1:adc51301-a486-48d0-8ed6-932118db7c24/37217b1e-8cb5-4fd6-97a3-8598a869c72d"]</a:descriptionExpr>
      <a:referenceKey>updateVehicle</a:referenceKey>
      <a:dialogSize>LARGE</a:dialogSize>
      <a:showInRecordList>false</a:showInRecordList>
      <a:recordUiSecurityType>EXPRESSION</a:recordUiSecurityType>
    </a:relatedActionCfg>
    <a:relatedActionCfg a:uuid="e2d4a128-578e-41d5-8603-0fc144e98154">
      <a:target a:uuid="0002eab6-9c9f-8000-13b6-7f0000014e7a" xsi:type="a:ProcessModel"/>
      <a:contextExpr>{
  cancel: null, /* Boolean */
  submit: null, /* Boolean */
  vehicle: #"_a-0000ea57-d5bf-8000-9bb3-011c48011c48_118195"(rv!identifier) /* RDAA_B2C_Vehicle */
}</a:contextExpr>
      <a:visibilityExpr/>
      <a:iconId>f2f5</a:iconId>
      <a:refId>refId-e2d4a128-578e-41d5-8603-0fc144e98154</a:refId>
      <a:staticTitleString>Delete Vehicle</a:staticTitleString>
      <a:staticDescriptionString>Delete Vehicle</a:staticDescriptionString>
      <a:referenceKey>deleteVehicle</a:referenceKey>
      <a:dialogSize>LARGE</a:dialogSize>
      <a:showInRecordList>false</a:showInRecordList>
      <a:recordUiSecurityType>GUIDED</a:recordUiSecurityType>
      <a:securityCfg>
        <a:membershipFilter>{"type":"MEMBERSHIP_ALL","config":{"#v":[],"#t":"Variant?list"},"#t":"RecordRowLevelSecurityMembershipFilter"}</a:membershipFilter>
        <a:dataFilter>{"type":"ALLOW_ALL","config":{"#v":[],"#t":"Variant?list"},"#t":"RecordRowLevelSecurityDataFilter"}</a:dataFilter>
      </a:securityCfg>
    </a:relatedActionCfg>
    <a:isSystem>false</a:isSystem>
    <a:dataSrcExpr/>
    <a:facetsListExpr/>
    <a:titleExpr>rv!record[#"urn:appian:record-field:v1:adc51301-a486-48d0-8ed6-932118db7c24/4fd1b12b-2290-4dfb-ac18-d49eaec134b6"]&amp;" "&amp;rv!record[#"urn:appian:record-field:v1:adc51301-a486-48d0-8ed6-932118db7c24/37217b1e-8cb5-4fd6-97a3-8598a869c72d"]</a:titleExpr>
    <a:defaultFiltersExpr/>
    <a:layoutType>GRID</a:layoutType>
    <a:security>16383</a:security>
    <a:hideLatestNews>false</a:hideLatestNews>
    <a:hideNewsView>false</a:hideNewsView>
    <a:hideRelatedActionsView>false</a:hideRelatedActionsView>
    <a:isExportable>true</a:isExportable>
    <a:listViewSrcExpr/>
    <a:recordViewSrcExpr/>
    <a:recordListActionCfg a:uuid="8a020b91-4d7e-42ca-a0d2-7324b5e40053">
      <a:staticTitle>Add Vehicle</a:staticTitle>
      <a:staticDescription>Add a New Vehicle to the Fleet</a:staticDescription>
      <a:iconId>f324</a:iconId>
      <a:target a:uuid="0002ea9a-904f-8000-1207-7f0000014e7a" xsi:type="a:ProcessModel"/>
      <a:visibilityExpr>#"urn:appian:function:v1:a:isusermemberofgroup?okey=a!isUserMemberOfGroup"(
  username:  loggedInUser(),
  groups: {
    #"_a-0000ea57-d5bf-8000-9bb3-011c48011c48_113325"
  }
)</a:visibilityExpr>
      <a:referenceKey>addVehicle</a:referenceKey>
      <a:dialogSize>LARGE</a:dialogSize>
      <a:showInRecordList>true</a:showInRecordList>
      <a:recordUiSecurityType>EXPRESSION</a:recordUiSecurityType>
    </a:recordListActionCfg>
    <a:recordRelationshipCfg>
      <uuid>fc3c49cb-1b5f-4a8e-9be8-45faa1e7855a</uuid>
      <relationshipName>rdaaMaintainance</relationshipName>
      <targetRecordTypeUuid>51427fd6-eb7a-4dc3-b19f-c8c3ed413f99</targetRecordTypeUuid>
      <relationshipType>ONE_TO_MANY</relationshipType>
      <relationshipData>{"sourceRecordTypeFieldUuid":"b52b6036-1348-4061-ab79-11bf82018c93","targetRecordTypeFieldUuid":"f31ded75-e511-44f1-9b0b-04ac6fb6d91a","relationshipOperator":"1","joinTableSourceField":"","joinTableTargetField":""}</relationshipData>
      <updateBehavior>CASCADING</updateBehavior>
    </a:recordRelationshipCfg>
    <a:recordRelationshipCfg>
      <uuid>26034d41-57ed-4a95-a92a-e14baf2f66e7</uuid>
      <relationshipName>eventHistory</relationshipName>
      <targetRecordTypeUuid>b64ba121-ba99-4632-8466-d47807e0b5d6</targetRecordTypeUuid>
      <relationshipType>ONE_TO_MANY</relationshipType>
      <relationshipData>{"sourceRecordTypeFieldUuid":"b52b6036-1348-4061-ab79-11bf82018c93","targetRecordTypeFieldUuid":"ebd05c3a-5157-436e-bee2-5a910d2a71fa","relationshipOperator":"1","joinTableSourceField":"","joinTableTargetField":""}</relationshipData>
      <updateBehavior>CASCADING</updateBehavior>
    </a:recordRelationshipCfg>
    <a:recordTypeSearchCfg>
      <searchFieldsSrc>DEFAULT</searchFieldsSrc>
      <placeholderSrc>DEFAULT</placeholderSrc>
      <placeholder/>
    </a:recordTypeSearchCfg>
    <a:iconId/>
    <a:listAutoRefreshInterval>0.0</a:listAutoRefreshInterval>
    <a:sourceConfiguration>
      <sourceUuid>B2C_Vehicle@jdbc/Appian</sourceUuid>
      <sourceType>RDBMS_TABLE</sourceType>
      <friendlyName>B2C_Vehicle</friendlyName>
      <sourceFilterExpr/>
      <field>
        <uuid>b52b6036-1348-4061-ab79-11bf82018c93</uuid>
        <type>{http://www.appian.com/ae/types/2009}Integer</type>
        <sourceFieldName>vehicle_id</sourceFieldName>
        <sourceFieldType>INTEGER</sourceFieldType>
        <fieldName>vehicleId</fieldName>
        <isRecordId>true</isRecordId>
        <isUnique>true</isUnique>
        <isCustomField>false</isCustomField>
        <customFieldExpr/>
        <customFieldDefaultValueStr>null</customFieldDefaultValueStr>
        <fieldCalculationType>NA</fieldCalculationType>
        <fieldTemplateType>NA</fieldTemplateType>
      </field>
      <field>
        <uuid>dbb51139-0f6f-461c-9908-a7e557757fe6</uuid>
        <type>{http://www.appian.com/ae/types/2009}Text</type>
        <sourceFieldName>vin</sourceFieldName>
        <sourceFieldType>VARCHAR(50)</sourceFieldType>
        <fieldName>vin</fieldName>
        <isRecordId>false</isRecordId>
        <isUnique>false</isUnique>
        <isCustomField>false</isCustomField>
        <customFieldExpr/>
        <customFieldDefaultValueStr>null</customFieldDefaultValueStr>
        <fieldCalculationType>NA</fieldCalculationType>
        <fieldTemplateType>NA</fieldTemplateType>
      </field>
      <field>
        <uuid>4fd1b12b-2290-4dfb-ac18-d49eaec134b6</uuid>
        <type>{http://www.appian.com/ae/types/2009}Text</type>
        <sourceFieldName>make</sourceFieldName>
        <sourceFieldType>VARCHAR(50)</sourceFieldType>
        <fieldName>make</fieldName>
        <isRecordId>false</isRecordId>
        <isUnique>false</isUnique>
        <isCustomField>false</isCustomField>
        <customFieldExpr/>
        <customFieldDefaultValueStr>null</customFieldDefaultValueStr>
        <fieldCalculationType>NA</fieldCalculationType>
        <fieldTemplateType>NA</fieldTemplateType>
      </field>
      <field>
        <uuid>37217b1e-8cb5-4fd6-97a3-8598a869c72d</uuid>
        <type>{http://www.appian.com/ae/types/2009}Text</type>
        <sourceFieldName>model</sourceFieldName>
        <sourceFieldType>VARCHAR(50)</sourceFieldType>
        <fieldName>model</fieldName>
        <isRecordId>false</isRecordId>
        <isUnique>false</isUnique>
        <isCustomField>false</isCustomField>
        <customFieldExpr/>
        <customFieldDefaultValueStr>null</customFieldDefaultValueStr>
        <fieldCalculationType>NA</fieldCalculationType>
        <fieldTemplateType>NA</fieldTemplateType>
      </field>
      <field>
        <uuid>3e4b5676-f32e-4e10-a077-c5c2a6de9494</uuid>
        <type>{http://www.appian.com/ae/types/2009}Integer</type>
        <sourceFieldName>year_built</sourceFieldName>
        <sourceFieldType>INTEGER</sourceFieldType>
        <fieldName>yearBuilt</fieldName>
        <isRecordId>false</isRecordId>
        <isUnique>false</isUnique>
        <isCustomField>false</isCustomField>
        <customFieldExpr/>
        <customFieldDefaultValueStr>null</customFieldDefaultValueStr>
        <fieldCalculationType>NA</fieldCalculationType>
        <fieldTemplateType>NA</fieldTemplateType>
      </field>
      <field>
        <uuid>96f96970-f39f-4b6f-ba1a-40f9f52df54c</uuid>
        <type>{http://www.appian.com/ae/types/2009}Integer</type>
        <sourceFieldName>mileage</sourceFieldName>
        <sourceFieldType>INTEGER</sourceFieldType>
        <fieldName>mileage</fieldName>
        <isRecordId>false</isRecordId>
        <isUnique>false</isUnique>
        <isCustomField>false</isCustomField>
        <customFieldExpr/>
        <customFieldDefaultValueStr>null</customFieldDefaultValueStr>
        <fieldCalculationType>NA</fieldCalculationType>
        <fieldTemplateType>NA</fieldTemplateType>
      </field>
      <field>
        <uuid>2e092d3c-7b41-4424-8975-851ee1326339</uuid>
        <type>{http://www.appian.com/ae/types/2009}Boolean</type>
        <sourceFieldName>is_available</sourceFieldName>
        <sourceFieldType>BIT</sourceFieldType>
        <fieldName>isAvailable</fieldName>
        <isRecordId>false</isRecordId>
        <isUnique>false</isUnique>
        <isCustomField>false</isCustomField>
        <customFieldExpr/>
        <customFieldDefaultValueStr>null</customFieldDefaultValueStr>
        <fieldCalculationType>NA</fieldCalculationType>
        <fieldTemplateType>NA</fieldTemplateType>
      </field>
      <field>
        <uuid>78196efd-9bdd-47d0-af35-dede59f7990f</uuid>
        <type>{http://www.appian.com/ae/types/2009}Text</type>
        <sourceFieldName>added_by</sourceFieldName>
        <sourceFieldType>VARCHAR(50)</sourceFieldType>
        <fieldName>addedBy</fieldName>
        <isRecordId>false</isRecordId>
        <isUnique>false</isUnique>
        <isCustomField>false</isCustomField>
        <customFieldExpr/>
        <customFieldDefaultValueStr>null</customFieldDefaultValueStr>
        <fieldCalculationType>NA</fieldCalculationType>
        <fieldTemplateType>NA</fieldTemplateType>
      </field>
      <field>
        <uuid>58f6859f-9960-42dd-85ff-14a6eadd52be</uuid>
        <type>{http://www.appian.com/ae/types/2009}Datetime</type>
        <sourceFieldName>added_on</sourceFieldName>
        <sourceFieldType>TIMESTAMP</sourceFieldType>
        <fieldName>addedOn</fieldName>
        <isRecordId>false</isRecordId>
        <isUnique>false</isUnique>
        <isCustomField>false</isCustomField>
        <customFieldExpr/>
        <customFieldDefaultValueStr>null</customFieldDefaultValueStr>
        <fieldCalculationType>NA</fieldCalculationType>
        <fieldTemplateType>NA</fieldTemplateType>
      </field>
      <field>
        <uuid>6de544c0-0551-4419-8641-8f098a007876</uuid>
        <type>{http://www.appian.com/ae/types/2009}Text</type>
        <sourceFieldName>modified_by</sourceFieldName>
        <sourceFieldType>VARCHAR(50)</sourceFieldType>
        <fieldName>modifiedBy</fieldName>
        <isRecordId>false</isRecordId>
        <isUnique>false</isUnique>
        <isCustomField>false</isCustomField>
        <customFieldExpr/>
        <customFieldDefaultValueStr>null</customFieldDefaultValueStr>
        <fieldCalculationType>NA</fieldCalculationType>
        <fieldTemplateType>NA</fieldTemplateType>
      </field>
      <field>
        <uuid>a7264ece-aecb-43f1-8092-bed5c476332f</uuid>
        <type>{http://www.appian.com/ae/types/2009}Datetime</type>
        <sourceFieldName>modified_on</sourceFieldName>
        <sourceFieldType>TIMESTAMP</sourceFieldType>
        <fieldName>modifiedOn</fieldName>
        <isRecordId>false</isRecordId>
        <isUnique>false</isUnique>
        <isCustomField>false</isCustomField>
        <customFieldExpr/>
        <customFieldDefaultValueStr>null</customFieldDefaultValueStr>
        <fieldCalculationType>NA</fieldCalculationType>
        <fieldTemplateType>NA</fieldTemplateType>
      </field>
      <field>
        <uuid>9210933c-afcd-4e6b-bab3-3972a68c4194</uuid>
        <type>{http://www.appian.com/ae/types/2009}Integer</type>
        <sourceFieldName>image_id</sourceFieldName>
        <sourceFieldType>INTEGER</sourceFieldType>
        <fieldName>imageId</fieldName>
        <isRecordId>false</isRecordId>
        <isUnique>false</isUnique>
        <isCustomField>false</isCustomField>
        <customFieldExpr/>
        <customFieldDefaultValueStr>null</customFieldDefaultValueStr>
        <fieldCalculationType>NA</fieldCalculationType>
        <fieldTemplateType>NA</fieldTemplateType>
      </field>
      <field>
        <uuid>5ac69f02-f33b-4bda-a9fe-c531ed6c49a5</uuid>
        <type>{http://www.appian.com/ae/types/2009}Text</type>
        <sourceFieldName>color</sourceFieldName>
        <sourceFieldType>VARCHAR(50)</sourceFieldType>
        <fieldName>color</fieldName>
        <isRecordId>false</isRecordId>
        <isUnique>false</isUnique>
        <isCustomField>false</isCustomField>
        <customFieldExpr/>
        <customFieldDefaultValueStr>null</customFieldDefaultValueStr>
        <fieldCalculationType>NA</fieldCalculationType>
        <fieldTemplateType>NA</fieldTemplateType>
      </field>
      <field>
        <uuid>196baed1-3770-4f31-be3d-006bbd4ae265</uuid>
        <type>{http://www.appian.com/ae/types/2009}Text</type>
        <sourceFieldName>type</sourceFieldName>
        <sourceFieldType>VARCHAR(11)</sourceFieldType>
        <fieldName>type</fieldName>
        <isRecordId>false</isRecordId>
        <isUnique>false</isUnique>
        <isCustomField>false</isCustomField>
        <customFieldExpr/>
        <customFieldDefaultValueStr>null</customFieldDefaultValueStr>
        <fieldCalculationType>NA</fieldCalculationType>
        <fieldTemplateType>NA</fieldTemplateType>
      </field>
      <field>
        <uuid>8daf352d-acd0-4181-881c-e4a006db2728</uuid>
        <type>{http://www.appian.com/ae/types/2009}Text</type>
        <sourceFieldName/>
        <sourceFieldType/>
        <fieldName>mileageCategory</fieldName>
        <isRecordId>false</isRecordId>
        <isUnique>false</isUnique>
        <isCustomField>true</isCustomField>
        <customFieldExpr>a!match(
  value: rv!record[#"urn:appian:record-field:v1:adc51301-a486-48d0-8ed6-932118db7c24/96f96970-f39f-4b6f-ba1a-40f9f52df54c"],
  whenTrue: fv!value &lt;= 50000,
  then: "Low Mileage",
  whenTrue: fv!value &lt;= 150000,
  then: " Medium Mileage",
  default: "High Mileage"
)</customFieldExpr>
        <customFieldDefaultValueStr>""</customFieldDefaultValueStr>
        <fieldCalculationType>WRITE_TIME</fieldCalculationType>
        <fieldTemplateType>NA</fieldTemplateType>
      </field>
      <field>
        <uuid>471085b1-3896-44d0-aade-289164a5b0cc</uuid>
        <type>{http://www.appian.com/ae/types/2009}Integer</type>
        <sourceFieldName/>
        <sourceFieldType/>
        <fieldName>maintenanceidCount</fieldName>
        <isRecordId>false</isRecordId>
        <isUnique>false</isUnique>
        <isCustomField>true</isCustomField>
        <customFieldExpr>#"SYSTEM_SYSRULES_measure"(
  function: "COUNT",
  field: #"urn:appian:record-field:v1:adc51301-a486-48d0-8ed6-932118db7c24/fc3c49cb-1b5f-4a8e-9be8-45faa1e7855a/7b16caec-9480-454e-b2a9-3acd1279d6c9"
)</customFieldExpr>
        <customFieldDefaultValueStr>null</customFieldDefaultValueStr>
        <fieldCalculationType>QUERY_TIME</fieldCalculationType>
        <fieldTemplateType>AGGREGATION</fieldTemplateType>
      </field>
      <joinType>LEFT</joinType>
      <uuid>748a2fd8-cdba-4167-b3a9-293e8a7859e1</uuid>
      <refreshSchedule>
        <frequency>DAILY</frequency>
        <value>{"hour":3,"minute":"00","amPM":"AM","timeZone":"IST","version":"v1"}</value>
        <activated>false</activated>
      </refreshSchedule>
      <skipFailureEnabled>true</skipFailureEnabled>
      <recordIdGeneratorUuid/>
    </a:sourceConfiguration>
    <a:enabledFeatures>63</a:enabledFeatures>
    <a:isVisibleInRecordTypeList>false</a:isVisibleInRecordTypeList>
    <a:recordActionLaunchType>DIALOG</a:recordActionLaunchType>
    <a:showSearchBox>true</a:showSearchBox>
    <a:recordEventsConfig>
      <uuid>5beccead-165c-419b-89c8-2d487abbf155</uuid>
      <eventRecordTypeUuid>b64ba121-ba99-4632-8466-d47807e0b5d6</eventRecordTypeUuid>
      <eventRelationshipUuid>26034d41-57ed-4a95-a92a-e14baf2f66e7</eventRelationshipUuid>
      <eventTypeRecordTypeUuid>ac865245-d5a8-4267-8c7a-d982d5d7daf5</eventTypeRecordTypeUuid>
      <eventTypeRelationshipUuid>3165db21-8ea3-45ba-b834-ea35c2cfe717</eventTypeRelationshipUuid>
      <eventTimestampFieldUuid>92fc12f2-0927-4cd9-a3cd-9e366e5ca8ca</eventTimestampFieldUuid>
      <eventUserFieldUuid>4525c1a2-6cf5-4c95-b8b3-0dee3736bb99</eventUserFieldUuid>
      <eventTypeValueFieldUuid>c7c3b230-8af3-4484-8c57-15e25745e2d1</eventTypeValueFieldUuid>
      <generateCommonEvents>true</generateCommonEvents>
    </a:recordEventsConfig>
  </recordType>
  <roleMap>
    <role name="record_type_administrator">
      <users/>
      <groups>
        <groupUuid>_e-0000ea32-688e-8000-9afe-01075c01075c_2837</groupUuid>
      </groups>
    </role>
    <role name="record_type_viewer">
      <users/>
      <groups>
        <groupUuid>_e-0000ea32-688e-8000-9afe-01075c01075c_2835</groupUuid>
      </groups>
    </role>
  </roleMap>
  <history>
    <historyInfo versionUuid="9bc963e9-f8a2-4b6e-a68b-f120c82b44c6"/>
    <historyInfo versionUuid="d7bc2be5-bbb3-4591-9b4c-a150cd10c55b"/>
    <historyInfo versionUuid="30e22898-59dd-468a-ba1e-e2342c92ffcf"/>
    <historyInfo versionUuid="097e9c45-dff4-42d1-af83-43401e024694"/>
    <historyInfo versionUuid="6cac741c-3d99-45c4-813f-62e4ea680381"/>
    <historyInfo versionUuid="159f277b-1b7e-451d-8d65-a085c9ec2d55"/>
    <historyInfo versionUuid="4db211b4-e93e-4f45-804b-44a1c3eb87db"/>
    <historyInfo versionUuid="2d90abe0-cbc1-4ff4-a93e-e64c56d611d9"/>
    <historyInfo versionUuid="a9913603-dcff-4d9d-a9be-637d2ff4c142"/>
    <historyInfo versionUuid="62e8992e-e019-4ced-b4af-af1439f2fd19"/>
  </history>
  <migrationVersion>1</migrationVersion>
</recordTypeHaul>
