<?xml version="1.0" encoding="UTF-8"?>
<recordTypeHaul xmlns:a="http://www.appian.com/ae/types/2009" xmlns:xsi="http://www.w3.org/2001/XMLSchema-instance">
  <versionUuid>b64ba121-ba99-4632-8466-d47807e0b5d6</versionUuid>
  <recordType a:uuid="b64ba121-ba99-4632-8466-d47807e0b5d6" name="RDAA Vehicle Event History">
    <a:pluralName>RDAA Vehicle Event History</a:pluralName>
    <a:description>Business events for Vehicle</a:description>
    <a:urlStub>bfVoBQ</a:urlStub>
    <a:source xsi:type="a:RecordsReplica"/>
    <a:listViewTemplateExpr>#"SYSTEM_SYSRULES_recordGridField"(
    columns: {
        #"SYSTEM_SYSRULES_gridColumn"(
          label: "Id",
          sortField: #"urn:appian:record-field:v1:b64ba121-ba99-4632-8466-d47807e0b5d6/41d02214-6ef0-48c8-9cb5-21e3da8d6456",
          value: fv!row[#"urn:appian:record-field:v1:b64ba121-ba99-4632-8466-d47807e0b5d6/41d02214-6ef0-48c8-9cb5-21e3da8d6456"],
          align: "END"
        ),
        #"SYSTEM_SYSRULES_gridColumn"(
          label: "vehicle",
          sortField: #"urn:appian:record-field:v1:b64ba121-ba99-4632-8466-d47807e0b5d6/2079c6c3-64fc-4927-b653-ea88137b0386/b52b6036-1348-4061-ab79-11bf82018c93",
          value: #"SYSTEM_SYSRULES_linkField"(
            links: {
              #"SYSTEM_SYSRULES_recordLink"(
                label: fv!row[#"urn:appian:record-field:v1:b64ba121-ba99-4632-8466-d47807e0b5d6/2079c6c3-64fc-4927-b653-ea88137b0386/b52b6036-1348-4061-ab79-11bf82018c93"],
                recordType: #"urn:appian:record-type:v1:b64ba121-ba99-4632-8466-d47807e0b5d6",
                identifier: fv!identifier
              )
            }
          ),
          align: "END"
        ),
        #"SYSTEM_SYSRULES_gridColumn"(
          label: "Timestamp",
          sortField: #"urn:appian:record-field:v1:b64ba121-ba99-4632-8466-d47807e0b5d6/92fc12f2-0927-4cd9-a3cd-9e366e5ca8ca",
          value: if(
            isnull(fv!row[#"urn:appian:record-field:v1:b64ba121-ba99-4632-8466-d47807e0b5d6/92fc12f2-0927-4cd9-a3cd-9e366e5ca8ca"]),
            fv!row[#"urn:appian:record-field:v1:b64ba121-ba99-4632-8466-d47807e0b5d6/92fc12f2-0927-4cd9-a3cd-9e366e5ca8ca"],
            datetext(fv!row[#"urn:appian:record-field:v1:b64ba121-ba99-4632-8466-d47807e0b5d6/92fc12f2-0927-4cd9-a3cd-9e366e5ca8ca"], "default")
          ),
          align: "END"
        ),
        #"SYSTEM_SYSRULES_gridColumn"(
          label: "User",
          sortField: #"urn:appian:record-field:v1:b64ba121-ba99-4632-8466-d47807e0b5d6/4525c1a2-6cf5-4c95-b8b3-0dee3736bb99",
          value: fv!row[#"urn:appian:record-field:v1:b64ba121-ba99-4632-8466-d47807e0b5d6/4525c1a2-6cf5-4c95-b8b3-0dee3736bb99"]
        ),
        #"SYSTEM_SYSRULES_gridColumn"(
          label: "eventType",
          sortField: #"urn:appian:record-field:v1:b64ba121-ba99-4632-8466-d47807e0b5d6/3165db21-8ea3-45ba-b834-ea35c2cfe717/a86d2f51-0b31-4a14-ab8b-32a3f5283c34",
          value: fv!row[#"urn:appian:record-field:v1:b64ba121-ba99-4632-8466-d47807e0b5d6/3165db21-8ea3-45ba-b834-ea35c2cfe717/a86d2f51-0b31-4a14-ab8b-32a3f5283c34"],
          align: "END"
        )
      },
      pageSize: 50,
      shadeAlternateRows: true
    )</a:listViewTemplateExpr>
    <a:detailViewCfg>
      <a:nameExpr>#"SYSTEM_SYSRULES_rtd_getDefaultSummaryViewName"()</a:nameExpr>
      <a:uiExpr/>
      <a:visibilityExpr>=true()</a:visibilityExpr>
      <a:urlStub>summary</a:urlStub>
      <a:headerExpr/>
      <a:recordActionLaunchType>DIALOG</a:recordActionLaunchType>
      <a:recordUiSecurityType>EXPRESSION</a:recordUiSecurityType>
    </a:detailViewCfg>
    <a:isSystem>false</a:isSystem>
    <a:dataSrcExpr/>
    <a:facetsListExpr/>
    <a:titleExpr>rv!record[#"urn:appian:record-field:v1:b64ba121-ba99-4632-8466-d47807e0b5d6/41d02214-6ef0-48c8-9cb5-21e3da8d6456"]</a:titleExpr>
    <a:defaultFiltersExpr/>
    <a:layoutType>GRID</a:layoutType>
    <a:security>16383</a:security>
    <a:hideLatestNews>false</a:hideLatestNews>
    <a:hideNewsView>false</a:hideNewsView>
    <a:hideRelatedActionsView>false</a:hideRelatedActionsView>
    <a:isExportable>true</a:isExportable>
    <a:listViewSrcExpr/>
    <a:recordViewSrcExpr/>
    <a:recordRelationshipCfg>
      <uuid>2079c6c3-64fc-4927-b653-ea88137b0386</uuid>
      <relationshipName>vehicle</relationshipName>
      <targetRecordTypeUuid>adc51301-a486-48d0-8ed6-932118db7c24</targetRecordTypeUuid>
      <relationshipType>MANY_TO_ONE</relationshipType>
      <relationshipData>{"sourceRecordTypeFieldUuid":"ebd05c3a-5157-436e-bee2-5a910d2a71fa","targetRecordTypeFieldUuid":"b52b6036-1348-4061-ab79-11bf82018c93","relationshipOperator":"1","joinTableSourceField":"","joinTableTargetField":""}</relationshipData>
      <updateBehavior>NON_CASCADING</updateBehavior>
    </a:recordRelationshipCfg>
    <a:recordRelationshipCfg>
      <uuid>3165db21-8ea3-45ba-b834-ea35c2cfe717</uuid>
      <relationshipName>eventType</relationshipName>
      <targetRecordTypeUuid>ac865245-d5a8-4267-8c7a-d982d5d7daf5</targetRecordTypeUuid>
      <relationshipType>MANY_TO_ONE</relationshipType>
      <relationshipData>{"sourceRecordTypeFieldUuid":"8bf0d01d-8ffe-4fab-a47b-1c5452cdbb96","targetRecordTypeFieldUuid":"a86d2f51-0b31-4a14-ab8b-32a3f5283c34","relationshipOperator":"1","joinTableSourceField":"","joinTableTargetField":""}</relationshipData>
      <updateBehavior>NON_CASCADING</updateBehavior>
    </a:recordRelationshipCfg>
    <a:iconId/>
    <a:listAutoRefreshInterval>0.0</a:listAutoRefreshInterval>
    <a:sourceConfiguration>
      <sourceUuid>RDAA_VEHICLE_EVENT_HISTORY@jdbc/Appian</sourceUuid>
      <sourceType>RDBMS_TABLE</sourceType>
      <friendlyName>RDAA_VEHICLE_EVENT_HISTORY</friendlyName>
      <sourceFilterExpr/>
      <field>
        <uuid>41d02214-6ef0-48c8-9cb5-21e3da8d6456</uuid>
        <type>{http://www.appian.com/ae/types/2009}Integer</type>
        <sourceFieldName>ID</sourceFieldName>
        <sourceFieldType>INTEGER</sourceFieldType>
        <fieldName>id</fieldName>
        <isRecordId>true</isRecordId>
        <isUnique>true</isUnique>
        <isCustomField>false</isCustomField>
        <customFieldExpr/>
        <fieldCalculationType>NA</fieldCalculationType>
        <fieldTemplateType>NA</fieldTemplateType>
      </field>
      <field>
        <uuid>ebd05c3a-5157-436e-bee2-5a910d2a71fa</uuid>
        <type>{http://www.appian.com/ae/types/2009}Integer</type>
        <sourceFieldName>RECORDID</sourceFieldName>
        <sourceFieldType>INTEGER</sourceFieldType>
        <fieldName>recordId</fieldName>
        <isRecordId>false</isRecordId>
        <isUnique>false</isUnique>
        <isCustomField>false</isCustomField>
        <customFieldExpr/>
        <fieldCalculationType>NA</fieldCalculationType>
        <fieldTemplateType>NA</fieldTemplateType>
      </field>
      <field>
        <uuid>92fc12f2-0927-4cd9-a3cd-9e366e5ca8ca</uuid>
        <type>{http://www.appian.com/ae/types/2009}Datetime</type>
        <sourceFieldName>TIMESTAMP</sourceFieldName>
        <sourceFieldType>TIMESTAMP</sourceFieldType>
        <fieldName>timestamp</fieldName>
        <isRecordId>false</isRecordId>
        <isUnique>false</isUnique>
        <isCustomField>false</isCustomField>
        <customFieldExpr/>
        <fieldCalculationType>NA</fieldCalculationType>
        <fieldTemplateType>NA</fieldTemplateType>
      </field>
      <field>
        <uuid>4525c1a2-6cf5-4c95-b8b3-0dee3736bb99</uuid>
        <type>{http://www.appian.com/ae/types/2009}User</type>
        <sourceFieldName>USER</sourceFieldName>
        <sourceFieldType>VARCHAR(255)</sourceFieldType>
        <fieldName>user</fieldName>
        <isRecordId>false</isRecordId>
        <isUnique>false</isUnique>
        <isCustomField>false</isCustomField>
        <customFieldExpr/>
        <fieldCalculationType>NA</fieldCalculationType>
        <fieldTemplateType>NA</fieldTemplateType>
      </field>
      <field>
        <uuid>8bf0d01d-8ffe-4fab-a47b-1c5452cdbb96</uuid>
        <type>{http://www.appian.com/ae/types/2009}Integer</type>
        <sourceFieldName>EVENTTYPEID</sourceFieldName>
        <sourceFieldType>INTEGER</sourceFieldType>
        <fieldName>eventTypeId</fieldName>
        <isRecordId>false</isRecordId>
        <isUnique>false</isUnique>
        <isCustomField>false</isCustomField>
        <customFieldExpr/>
        <fieldCalculationType>NA</fieldCalculationType>
        <fieldTemplateType>NA</fieldTemplateType>
      </field>
      <joinType>LEFT</joinType>
      <uuid>4d0cb1c9-ee04-46a0-af35-984e12776bce</uuid>
      <refreshSchedule>
        <frequency>DAILY</frequency>
        <value>{"hour":3,"minute":"00","amPM":"AM","timeZone":"Asia/Kolkata","version":"v1"}</value>
        <activated>false</activated>
      </refreshSchedule>
      <skipFailureEnabled>true</skipFailureEnabled>
      <recordIdGeneratorUuid/>
    </a:sourceConfiguration>
    <a:enabledFeatures>63</a:enabledFeatures>
    <a:isVisibleInRecordTypeList>false</a:isVisibleInRecordTypeList>
    <a:recordActionLaunchType>DIALOG</a:recordActionLaunchType>
    <a:showSearchBox>true</a:showSearchBox>
  </recordType>
  <roleMap>
    <role name="record_type_administrator">
      <users/>
      <groups>
        <groupUuid>_e-0000ea32-688e-8000-9afe-01075c01075c_2837</groupUuid>
      </groups>
    </role>
    <role name="record_type_viewer">
      <users/>
      <groups>
        <groupUuid>_e-0000ea32-688e-8000-9afe-01075c01075c_2835</groupUuid>
      </groups>
    </role>
  </roleMap>
  <history>
    <historyInfo versionUuid="b64ba121-ba99-4632-8466-d47807e0b5d6"/>
  </history>
  <migrationVersion>1</migrationVersion>
</recordTypeHaul>
