<?xml version="1.0" encoding="UTF-8"?>
<recordTypeHaul xmlns:a="http://www.appian.com/ae/types/2009" xmlns:xsi="http://www.w3.org/2001/XMLSchema-instance">
  <versionUuid>2c2b8f4a-bb91-49de-b0a8-dd9d1588ba83</versionUuid>
  <recordType a:uuid="3e4325eb-73c5-4416-b649-eba17aedeea6" name="AIA Request">
    <a:pluralName>Requests</a:pluralName>
    <a:description/>
    <a:urlStub>h2QOQw</a:urlStub>
    <a:source xsi:type="a:RecordsReplica"/>
    <a:listViewTemplateExpr>#"SYSTEM_SYSRULES_recordGridField"(
  columns: {
    #"SYSTEM_SYSRULES_gridColumn"(
      label: "Request ID",
      sortField: #"urn:appian:record-field:v1:3e4325eb-73c5-4416-b649-eba17aedeea6/85fb41e2-6a2a-4b43-bb6e-edbbd98d5267",
      value: #"SYSTEM_SYSRULES_linkField"(
        links: {
          #"SYSTEM_SYSRULES_recordLink"(
            label: "REQ#" &amp; fv!row[#"urn:appian:record-field:v1:3e4325eb-73c5-4416-b649-eba17aedeea6/85fb41e2-6a2a-4b43-bb6e-edbbd98d5267"],
            recordType: #"urn:appian:record-type:v1:3e4325eb-73c5-4416-b649-eba17aedeea6",
            identifier: fv!identifier
          )
        }
      ),
      align: "START"
    ),
    #"SYSTEM_SYSRULES_gridColumn"(
      label: "Status",
      sortField: #"urn:appian:record-field:v1:3e4325eb-73c5-4416-b649-eba17aedeea6/e76640e8-1b81-42d4-a809-e87f41e7a94b/3d7b7d7c-f224-4701-a5d9-ec5a62c34b0c",
      value: fv!row[#"urn:appian:record-field:v1:3e4325eb-73c5-4416-b649-eba17aedeea6/e76640e8-1b81-42d4-a809-e87f41e7a94b/3d7b7d7c-f224-4701-a5d9-ec5a62c34b0c"],
      align: "START"
    ),
    #"SYSTEM_SYSRULES_gridColumn"(
      label: "Category",
      sortField: #"urn:appian:record-field:v1:3e4325eb-73c5-4416-b649-eba17aedeea6/037399b2-09d8-4c19-9e5f-64a837527d80",
      value: fv!row[#"urn:appian:record-field:v1:3e4325eb-73c5-4416-b649-eba17aedeea6/55380c04-8e05-4a6a-8c74-833472ffebe9/3d1ac929-cfe3-4731-bb0c-5869e9f3a81e"],
      align: "START"
    ),
    #"SYSTEM_SYSRULES_gridColumn"(
      label: "Priority",
      sortField: #"urn:appian:record-field:v1:3e4325eb-73c5-4416-b649-eba17aedeea6/680b2911-effa-4698-831e-42c769c48de3",
      value: fv!row[#"urn:appian:record-field:v1:3e4325eb-73c5-4416-b649-eba17aedeea6/953c3336-9c0d-4466-8d36-588d86aa4350/6c3cfe86-9252-4638-97ab-65672fc7adf6"],
      align: "START"
    ),
    #"SYSTEM_SYSRULES_gridColumn"(
      label: "Assigned To",
      sortField: #"urn:appian:record-field:v1:3e4325eb-73c5-4416-b649-eba17aedeea6/2e3fb373-bfff-42c8-ac46-5433e5db4d16",
      value: if(
        a!isNullOrEmpty(
          fv!row[#"urn:appian:record-field:v1:3e4325eb-73c5-4416-b649-eba17aedeea6/2e3fb373-bfff-42c8-ac46-5433e5db4d16"]
        ),
        "-",
        fv!row[#"urn:appian:record-field:v1:3e4325eb-73c5-4416-b649-eba17aedeea6/2e3fb373-bfff-42c8-ac46-5433e5db4d16"]
      ),
      align: "START"
    ),
    #"SYSTEM_SYSRULES_gridColumn"(
      label: "Created On",
      sortField: #"urn:appian:record-field:v1:3e4325eb-73c5-4416-b649-eba17aedeea6/02f61946-ea43-45ea-9791-b5ca5fe2cc14",
      value: if(
      isnull(fv!row[#"urn:appian:record-field:v1:3e4325eb-73c5-4416-b649-eba17aedeea6/02f61946-ea43-45ea-9791-b5ca5fe2cc14"]),
      fv!row[#"urn:appian:record-field:v1:3e4325eb-73c5-4416-b649-eba17aedeea6/02f61946-ea43-45ea-9791-b5ca5fe2cc14"],
      datetext(fv!row[#"urn:appian:record-field:v1:3e4325eb-73c5-4416-b649-eba17aedeea6/02f61946-ea43-45ea-9791-b5ca5fe2cc14"], "default")
      ),
      align: "START"
    ),
    #"SYSTEM_SYSRULES_gridColumn"(
      label: "Closed On",
      sortField: #"urn:appian:record-field:v1:3e4325eb-73c5-4416-b649-eba17aedeea6/6e916f84-a051-4cfd-908a-b8ea5e5b67be",
      value: if(
        a!isNullOrEmpty(
          fv!row[#"urn:appian:record-field:v1:3e4325eb-73c5-4416-b649-eba17aedeea6/6e916f84-a051-4cfd-908a-b8ea5e5b67be"]
        ),
        "-",
        fv!row[#"urn:appian:record-field:v1:3e4325eb-73c5-4416-b649-eba17aedeea6/6e916f84-a051-4cfd-908a-b8ea5e5b67be"]
      ),
      align: "START"
    )
  },
  pageSize: 50,
  shadeAlternateRows: true
)</a:listViewTemplateExpr>
    <a:fieldCfg a:uuid="e3f22df8-8133-49a3-bf89-f2a6b584a720" name="AIA Asset">
      <a:description/>
      <a:sourceRef>74be2dcf-8099-44de-bf0c-6d3b17aa33a7/31266e48-8f26-40f0-afa5-9242c44d9a30</a:sourceRef>
      <a:isSortable>false</a:isSortable>
      <a:isSearchable>false</a:isSearchable>
      <a:isFacet>true</a:isFacet>
      <a:facetType>CUSTOM_BUCKETS_CLOSED</a:facetType>
      <a:isExclusiveFacet>true</a:isExclusiveFacet>
      <a:facetLabelExpr>"Aia Asset"</a:facetLabelExpr>
      <a:sortOrderIndex>0</a:sortOrderIndex>
      <a:facetOrderIndex>0</a:facetOrderIndex>
      <a:visibilityExpr/>
      <a:defaultOptionExpr/>
      <a:allowMultipleSelections>true</a:allowMultipleSelections>
      <a:relatedRecordFieldUuid>74be2dcf-8099-44de-bf0c-6d3b17aa33a7/31266e48-8f26-40f0-afa5-9242c44d9a30</a:relatedRecordFieldUuid>
    </a:fieldCfg>
    <a:fieldCfg a:uuid="38d589d1-48cc-49e3-9e4a-9f03d901132a" name="AIA Asset Type">
      <a:description/>
      <a:sourceRef>72714fd8-80e7-4988-bcea-126cc470f307/769429c2-1d5e-454f-b2fa-14bb2844c814</a:sourceRef>
      <a:isSortable>false</a:isSortable>
      <a:isSearchable>false</a:isSearchable>
      <a:isFacet>true</a:isFacet>
      <a:facetType>CUSTOM_BUCKETS_CLOSED</a:facetType>
      <a:isExclusiveFacet>true</a:isExclusiveFacet>
      <a:facetLabelExpr>"Aia Asset Type"</a:facetLabelExpr>
      <a:sortOrderIndex>1</a:sortOrderIndex>
      <a:facetOrderIndex>1</a:facetOrderIndex>
      <a:visibilityExpr/>
      <a:defaultOptionExpr/>
      <a:allowMultipleSelections>true</a:allowMultipleSelections>
      <a:relatedRecordFieldUuid>72714fd8-80e7-4988-bcea-126cc470f307/769429c2-1d5e-454f-b2fa-14bb2844c814</a:relatedRecordFieldUuid>
    </a:fieldCfg>
    <a:detailViewCfg>
      <a:nameExpr>#"SYSTEM_SYSRULES_rtd_getDefaultSummaryViewName"()</a:nameExpr>
      <a:uiExpr>#"802b3d81-9abe-44d8-8123-f328604b4864"(record: rv!record)</a:uiExpr>
      <a:visibilityExpr>=true()</a:visibilityExpr>
      <a:urlStub>summary</a:urlStub>
      <a:headerExpr/>
      <a:relatedActionCfg>refId-9ac342dd-b8fd-48d7-be4d-008260ca5345</a:relatedActionCfg>
      <a:recordActionLaunchType>DIALOG</a:recordActionLaunchType>
      <a:recordUiSecurityType>EXPRESSION</a:recordUiSecurityType>
    </a:detailViewCfg>
    <a:relatedActionCfg a:uuid="9ac342dd-b8fd-48d7-be4d-008260ca5345">
      <a:target a:uuid="64728182-159a-449d-8d36-2a1d09a4466d" xsi:type="a:ProcessModel"/>
      <a:contextExpr>{
  record: #"44258e1d-9ce0-4323-9207-3a948674c544"(id: rv!identifier),
  cancel: false()
}</a:contextExpr>
      <a:visibilityExpr/>
      <a:iconId>f044</a:iconId>
      <a:refId>refId-9ac342dd-b8fd-48d7-be4d-008260ca5345</a:refId>
      <a:staticTitleString>Update Request</a:staticTitleString>
      <a:staticDescriptionString>Action to update a Request</a:staticDescriptionString>
      <a:referenceKey>updateRequest</a:referenceKey>
      <a:dialogSize>LARGE</a:dialogSize>
      <a:showInRecordList>false</a:showInRecordList>
      <a:recordUiSecurityType>GUIDED</a:recordUiSecurityType>
      <a:securityCfg>
        <a:membershipFilter>{"type":"MEMBERSHIP_ALL","config":{"#v":[],"#t":"Variant?list"},"#t":"RecordRowLevelSecurityMembershipFilter"}</a:membershipFilter>
        <a:dataFilter>{"type":"ALLOW_ALL","config":{"#v":[],"#t":"Variant?list"},"#t":"RecordRowLevelSecurityDataFilter"}</a:dataFilter>
      </a:securityCfg>
    </a:relatedActionCfg>
    <a:isSystem>false</a:isSystem>
    <a:dataSrcExpr/>
    <a:facetsListExpr/>
    <a:titleExpr>"Request#" &amp; rv!record[#"urn:appian:record-field:v1:3e4325eb-73c5-4416-b649-eba17aedeea6/85fb41e2-6a2a-4b43-bb6e-edbbd98d5267"]</a:titleExpr>
    <a:defaultFiltersExpr/>
    <a:layoutType>GRID</a:layoutType>
    <a:security>16383</a:security>
    <a:hideLatestNews>false</a:hideLatestNews>
    <a:hideNewsView>false</a:hideNewsView>
    <a:hideRelatedActionsView>true</a:hideRelatedActionsView>
    <a:isExportable>true</a:isExportable>
    <a:listViewSrcExpr/>
    <a:recordViewSrcExpr/>
    <a:recordListActionCfg a:uuid="145032ba-0bf1-4204-9350-dc70554c13b4">
      <a:staticTitle>New Request</a:staticTitle>
      <a:staticDescription>Create a new request</a:staticDescription>
      <a:iconId>f196</a:iconId>
      <a:target a:uuid="0002eabe-375d-8000-1476-7f0000014e7a" xsi:type="a:ProcessModel"/>
      <a:visibilityExpr/>
      <a:referenceKey>newRequest</a:referenceKey>
      <a:dialogSize>LARGE</a:dialogSize>
      <a:showInRecordList>true</a:showInRecordList>
      <a:recordUiSecurityType>GUIDED</a:recordUiSecurityType>
      <a:securityCfg>
        <a:membershipFilter>{"type":"MEMBERSHIP_ALL","config":{"#v":[],"#t":"Variant?list"},"#t":"RecordRowLevelSecurityMembershipFilter"}</a:membershipFilter>
        <a:dataFilter>{"type":"ALLOW_ALL","config":{"#v":[],"#t":"Variant?list"},"#t":"RecordRowLevelSecurityDataFilter"}</a:dataFilter>
      </a:securityCfg>
    </a:recordListActionCfg>
    <a:recordRelationshipCfg>
      <uuid>e76640e8-1b81-42d4-a809-e87f41e7a94b</uuid>
      <relationshipName>aiaRequestStatus</relationshipName>
      <targetRecordTypeUuid>b931dede-8077-4735-89f7-048c9fbaf03f</targetRecordTypeUuid>
      <relationshipType>MANY_TO_ONE</relationshipType>
      <relationshipData>{"sourceRecordTypeFieldUuid":"e319f8d6-19d9-4b5a-b7e4-e3dcd882570c","targetRecordTypeFieldUuid":"63f5c937-09b2-4227-b3f0-2a32140d62c8","relationshipOperator":"1","joinTableSourceField":"","joinTableTargetField":""}</relationshipData>
      <updateBehavior>NON_CASCADING</updateBehavior>
    </a:recordRelationshipCfg>
    <a:recordRelationshipCfg>
      <uuid>55380c04-8e05-4a6a-8c74-833472ffebe9</uuid>
      <relationshipName>aiaRequestCategory</relationshipName>
      <targetRecordTypeUuid>f962a883-1c2a-430d-8c15-ade21c0db7b0</targetRecordTypeUuid>
      <relationshipType>MANY_TO_ONE</relationshipType>
      <relationshipData>{"sourceRecordTypeFieldUuid":"037399b2-09d8-4c19-9e5f-64a837527d80","targetRecordTypeFieldUuid":"d9fea322-da87-4501-ba19-97a87154d150","relationshipOperator":"1","joinTableSourceField":"","joinTableTargetField":""}</relationshipData>
      <updateBehavior>NON_CASCADING</updateBehavior>
    </a:recordRelationshipCfg>
    <a:recordRelationshipCfg>
      <uuid>953c3336-9c0d-4466-8d36-588d86aa4350</uuid>
      <relationshipName>aiaRequestPriority</relationshipName>
      <targetRecordTypeUuid>8b780b12-bfe5-4faf-bf63-0404a8f1c6bd</targetRecordTypeUuid>
      <relationshipType>MANY_TO_ONE</relationshipType>
      <relationshipData>{"sourceRecordTypeFieldUuid":"680b2911-effa-4698-831e-42c769c48de3","targetRecordTypeFieldUuid":"f8331b83-162c-45cc-a5eb-a22e9531103f","relationshipOperator":"1","joinTableSourceField":"","joinTableTargetField":""}</relationshipData>
      <updateBehavior>NON_CASCADING</updateBehavior>
    </a:recordRelationshipCfg>
    <a:recordRelationshipCfg>
      <uuid>74be2dcf-8099-44de-bf0c-6d3b17aa33a7</uuid>
      <relationshipName>aiaAsset</relationshipName>
      <targetRecordTypeUuid>c7c1accb-c59c-45e7-9b38-59d598c6a3de</targetRecordTypeUuid>
      <relationshipType>MANY_TO_ONE</relationshipType>
      <relationshipData>{"sourceRecordTypeFieldUuid":"f34d99f6-62dc-44e3-a006-9dc5b34f8cf0","targetRecordTypeFieldUuid":"b81f717e-2c30-4296-9c2b-832e3d1aa8a6","relationshipOperator":"1","joinTableSourceField":"","joinTableTargetField":""}</relationshipData>
      <updateBehavior>NON_CASCADING</updateBehavior>
    </a:recordRelationshipCfg>
    <a:recordRelationshipCfg>
      <uuid>72714fd8-80e7-4988-bcea-126cc470f307</uuid>
      <relationshipName>aiaAssetType</relationshipName>
      <targetRecordTypeUuid>70635a44-0cba-45de-970e-aef5f08f5e46</targetRecordTypeUuid>
      <relationshipType>MANY_TO_ONE</relationshipType>
      <relationshipData>{"sourceRecordTypeFieldUuid":"59d2dc07-45d5-4277-9bb6-1f66becd8a90","targetRecordTypeFieldUuid":"af3826aa-6088-49a6-8c94-7d2678732263","relationshipOperator":"1","joinTableSourceField":"","joinTableTargetField":""}</relationshipData>
      <updateBehavior>NON_CASCADING</updateBehavior>
    </a:recordRelationshipCfg>
    <a:recordTypeSearchCfg>
      <searchFieldsSrc>DEFAULT</searchFieldsSrc>
      <placeholderSrc>DEFAULT</placeholderSrc>
      <placeholder/>
    </a:recordTypeSearchCfg>
    <a:iconId/>
    <a:listAutoRefreshInterval>0.0</a:listAutoRefreshInterval>
    <a:sourceConfiguration>
      <sourceUuid>AIA_REQUEST@jdbc/Appian</sourceUuid>
      <sourceType>RDBMS_TABLE</sourceType>
      <friendlyName>AIA_REQUEST</friendlyName>
      <sourceFilterExpr/>
      <field>
        <uuid>85fb41e2-6a2a-4b43-bb6e-edbbd98d5267</uuid>
        <type>{http://www.appian.com/ae/types/2009}Integer</type>
        <sourceFieldName>ID</sourceFieldName>
        <sourceFieldType>INTEGER</sourceFieldType>
        <fieldName>id</fieldName>
        <isRecordId>true</isRecordId>
        <isUnique>true</isUnique>
        <isCustomField>false</isCustomField>
        <customFieldExpr/>
        <customFieldDefaultValueStr>null</customFieldDefaultValueStr>
        <fieldCalculationType>NA</fieldCalculationType>
        <fieldTemplateType>NA</fieldTemplateType>
      </field>
      <field>
        <uuid>fa358f51-4727-4cff-b251-02d75c06fbff</uuid>
        <type>{http://www.appian.com/ae/types/2009}Text</type>
        <sourceFieldName>DESCRIPTION</sourceFieldName>
        <sourceFieldType>VARCHAR(255)</sourceFieldType>
        <fieldName>description</fieldName>
        <isRecordId>false</isRecordId>
        <isUnique>false</isUnique>
        <isCustomField>false</isCustomField>
        <customFieldExpr/>
        <customFieldDefaultValueStr>null</customFieldDefaultValueStr>
        <fieldCalculationType>NA</fieldCalculationType>
        <fieldTemplateType>NA</fieldTemplateType>
      </field>
      <field>
        <uuid>f34d99f6-62dc-44e3-a006-9dc5b34f8cf0</uuid>
        <type>{http://www.appian.com/ae/types/2009}Integer</type>
        <sourceFieldName>ASSET</sourceFieldName>
        <sourceFieldType>INTEGER</sourceFieldType>
        <fieldName>asset</fieldName>
        <isRecordId>false</isRecordId>
        <isUnique>false</isUnique>
        <isCustomField>false</isCustomField>
        <customFieldExpr/>
        <customFieldDefaultValueStr>null</customFieldDefaultValueStr>
        <fieldCalculationType>NA</fieldCalculationType>
        <fieldTemplateType>NA</fieldTemplateType>
      </field>
      <field>
        <uuid>59d2dc07-45d5-4277-9bb6-1f66becd8a90</uuid>
        <type>{http://www.appian.com/ae/types/2009}Integer</type>
        <sourceFieldName>REQUESTED_ASSET_TYPE</sourceFieldName>
        <sourceFieldType>INTEGER</sourceFieldType>
        <fieldName>requestedAssetType</fieldName>
        <isRecordId>false</isRecordId>
        <isUnique>false</isUnique>
        <isCustomField>false</isCustomField>
        <customFieldExpr/>
        <customFieldDefaultValueStr>null</customFieldDefaultValueStr>
        <fieldCalculationType>NA</fieldCalculationType>
        <fieldTemplateType>NA</fieldTemplateType>
      </field>
      <field>
        <uuid>2e3fb373-bfff-42c8-ac46-5433e5db4d16</uuid>
        <type>{http://www.appian.com/ae/types/2009}User</type>
        <sourceFieldName>ASSIGNED_TO</sourceFieldName>
        <sourceFieldType>VARCHAR(255)</sourceFieldType>
        <fieldName>assignedTo</fieldName>
        <isRecordId>false</isRecordId>
        <isUnique>false</isUnique>
        <isCustomField>false</isCustomField>
        <customFieldExpr/>
        <customFieldDefaultValueStr>null</customFieldDefaultValueStr>
        <fieldCalculationType>NA</fieldCalculationType>
        <fieldTemplateType>NA</fieldTemplateType>
      </field>
      <field>
        <uuid>e319f8d6-19d9-4b5a-b7e4-e3dcd882570c</uuid>
        <type>{http://www.appian.com/ae/types/2009}Integer</type>
        <sourceFieldName>STATUS</sourceFieldName>
        <sourceFieldType>INTEGER</sourceFieldType>
        <fieldName>status</fieldName>
        <isRecordId>false</isRecordId>
        <isUnique>false</isUnique>
        <isCustomField>false</isCustomField>
        <customFieldExpr/>
        <customFieldDefaultValueStr>null</customFieldDefaultValueStr>
        <fieldCalculationType>NA</fieldCalculationType>
        <fieldTemplateType>NA</fieldTemplateType>
      </field>
      <field>
        <uuid>680b2911-effa-4698-831e-42c769c48de3</uuid>
        <type>{http://www.appian.com/ae/types/2009}Integer</type>
        <sourceFieldName>PRIORITY</sourceFieldName>
        <sourceFieldType>INTEGER</sourceFieldType>
        <fieldName>priority</fieldName>
        <isRecordId>false</isRecordId>
        <isUnique>false</isUnique>
        <isCustomField>false</isCustomField>
        <customFieldExpr/>
        <customFieldDefaultValueStr>null</customFieldDefaultValueStr>
        <fieldCalculationType>NA</fieldCalculationType>
        <fieldTemplateType>NA</fieldTemplateType>
      </field>
      <field>
        <uuid>037399b2-09d8-4c19-9e5f-64a837527d80</uuid>
        <type>{http://www.appian.com/ae/types/2009}Integer</type>
        <sourceFieldName>CATEGORY</sourceFieldName>
        <sourceFieldType>INTEGER</sourceFieldType>
        <fieldName>category</fieldName>
        <isRecordId>false</isRecordId>
        <isUnique>false</isUnique>
        <isCustomField>false</isCustomField>
        <customFieldExpr/>
        <customFieldDefaultValueStr>null</customFieldDefaultValueStr>
        <fieldCalculationType>NA</fieldCalculationType>
        <fieldTemplateType>NA</fieldTemplateType>
      </field>
      <field>
        <uuid>dd097adc-dea2-439c-be70-3cf319c4a10a</uuid>
        <type>{http://www.appian.com/ae/types/2009}Text</type>
        <sourceFieldName>NOTES</sourceFieldName>
        <sourceFieldType>VARCHAR(255)</sourceFieldType>
        <fieldName>notes</fieldName>
        <isRecordId>false</isRecordId>
        <isUnique>false</isUnique>
        <isCustomField>false</isCustomField>
        <customFieldExpr/>
        <customFieldDefaultValueStr>null</customFieldDefaultValueStr>
        <fieldCalculationType>NA</fieldCalculationType>
        <fieldTemplateType>NA</fieldTemplateType>
      </field>
      <field>
        <uuid>6e916f84-a051-4cfd-908a-b8ea5e5b67be</uuid>
        <type>{http://www.appian.com/ae/types/2009}Datetime</type>
        <sourceFieldName>CLOSED_ON</sourceFieldName>
        <sourceFieldType>TIMESTAMP</sourceFieldType>
        <fieldName>closedOn</fieldName>
        <isRecordId>false</isRecordId>
        <isUnique>false</isUnique>
        <isCustomField>false</isCustomField>
        <customFieldExpr/>
        <customFieldDefaultValueStr>null</customFieldDefaultValueStr>
        <fieldCalculationType>NA</fieldCalculationType>
        <fieldTemplateType>NA</fieldTemplateType>
      </field>
      <field>
        <uuid>b4e96aad-fb50-4380-9e7b-2cc9e9c3c13c</uuid>
        <type>{http://www.appian.com/ae/types/2009}User</type>
        <sourceFieldName>CREATED_BY</sourceFieldName>
        <sourceFieldType>VARCHAR(255)</sourceFieldType>
        <fieldName>createdBy</fieldName>
        <isRecordId>false</isRecordId>
        <isUnique>false</isUnique>
        <isCustomField>false</isCustomField>
        <customFieldExpr/>
        <customFieldDefaultValueStr>null</customFieldDefaultValueStr>
        <fieldCalculationType>NA</fieldCalculationType>
        <fieldTemplateType>NA</fieldTemplateType>
      </field>
      <field>
        <uuid>02f61946-ea43-45ea-9791-b5ca5fe2cc14</uuid>
        <type>{http://www.appian.com/ae/types/2009}Datetime</type>
        <sourceFieldName>CREATED_ON</sourceFieldName>
        <sourceFieldType>TIMESTAMP</sourceFieldType>
        <fieldName>createdOn</fieldName>
        <isRecordId>false</isRecordId>
        <isUnique>false</isUnique>
        <isCustomField>false</isCustomField>
        <customFieldExpr/>
        <customFieldDefaultValueStr>null</customFieldDefaultValueStr>
        <fieldCalculationType>NA</fieldCalculationType>
        <fieldTemplateType>NA</fieldTemplateType>
      </field>
      <field>
        <uuid>7fed82dc-e57b-4225-9b7c-4a016ef5df69</uuid>
        <type>{http://www.appian.com/ae/types/2009}User</type>
        <sourceFieldName>LAST_MODIFIED_BY</sourceFieldName>
        <sourceFieldType>VARCHAR(255)</sourceFieldType>
        <fieldName>lastModifiedBy</fieldName>
        <isRecordId>false</isRecordId>
        <isUnique>false</isUnique>
        <isCustomField>false</isCustomField>
        <customFieldExpr/>
        <customFieldDefaultValueStr>null</customFieldDefaultValueStr>
        <fieldCalculationType>NA</fieldCalculationType>
        <fieldTemplateType>NA</fieldTemplateType>
      </field>
      <field>
        <uuid>92902957-7dc6-4b11-b285-87b1eb84f355</uuid>
        <type>{http://www.appian.com/ae/types/2009}Datetime</type>
        <sourceFieldName>LAST_MODIFIED_ON</sourceFieldName>
        <sourceFieldType>TIMESTAMP</sourceFieldType>
        <fieldName>lastModifiedOn</fieldName>
        <isRecordId>false</isRecordId>
        <isUnique>false</isUnique>
        <isCustomField>false</isCustomField>
        <customFieldExpr/>
        <customFieldDefaultValueStr>null</customFieldDefaultValueStr>
        <fieldCalculationType>NA</fieldCalculationType>
        <fieldTemplateType>NA</fieldTemplateType>
      </field>
      <joinType>LEFT</joinType>
      <uuid>a544e934-a49b-488e-8931-2c3db3c66155</uuid>
      <refreshSchedule>
        <frequency>DAILY</frequency>
        <value>{"hour":3,"minute":"00","amPM":"AM","timeZone":"IST","version":"v1"}</value>
        <activated>false</activated>
      </refreshSchedule>
      <skipFailureEnabled>true</skipFailureEnabled>
      <recordIdGeneratorUuid/>
    </a:sourceConfiguration>
    <a:enabledFeatures>63</a:enabledFeatures>
    <a:isVisibleInRecordTypeList>false</a:isVisibleInRecordTypeList>
    <a:recordActionLaunchType>DIALOG</a:recordActionLaunchType>
    <a:showSearchBox>true</a:showSearchBox>
  </recordType>
  <roleMap>
    <role name="record_type_administrator">
      <users/>
      <groups>
        <groupUuid>_e-0000eab3-f57a-8000-9b01-01075c01075c_3410</groupUuid>
      </groups>
    </role>
    <role name="record_type_viewer">
      <users/>
      <groups>
        <groupUuid>_e-0000eab3-f57a-8000-9b01-01075c01075c_3408</groupUuid>
      </groups>
    </role>
  </roleMap>
  <history>
    <historyInfo versionUuid="6b4868f0-8a3c-45c9-b85a-55bb0bdd9a8e"/>
    <historyInfo versionUuid="e5d73e23-67c0-4e18-8e94-2635ea5b1a1d"/>
    <historyInfo versionUuid="2c2b8f4a-bb91-49de-b0a8-dd9d1588ba83"/>
  </history>
  <migrationVersion>1</migrationVersion>
</recordTypeHaul>
