<?xml version="1.0" encoding="UTF-8"?>
<recordTypeHaul xmlns:a="http://www.appian.com/ae/types/2009" xmlns:xsi="http://www.w3.org/2001/XMLSchema-instance">
  <versionUuid>f2b50171-1ddd-4314-a930-9cd0f7d30314</versionUuid>
  <recordType a:uuid="70635a44-0cba-45de-970e-aef5f08f5e46" name="AIA Asset Type">
    <a:pluralName>Asset Types</a:pluralName>
    <a:description>A Record Type object for Asset Type data</a:description>
    <a:urlStub>BjAGgg</a:urlStub>
    <a:source xsi:type="a:RecordsReplica"/>
    <a:listViewTemplateExpr>#"SYSTEM_SYSRULES_recordGridField"(
  columns: {
    #"SYSTEM_SYSRULES_gridColumn"(
      label: "Id",
      sortField: #"urn:appian:record-field:v1:70635a44-0cba-45de-970e-aef5f08f5e46/af3826aa-6088-49a6-8c94-7d2678732263",
      value: fv!row[#"urn:appian:record-field:v1:70635a44-0cba-45de-970e-aef5f08f5e46/af3826aa-6088-49a6-8c94-7d2678732263"],
      align: "END"
    ),
    #"SYSTEM_SYSRULES_gridColumn"(
      label: "Value",
      sortField: #"urn:appian:record-field:v1:70635a44-0cba-45de-970e-aef5f08f5e46/769429c2-1d5e-454f-b2fa-14bb2844c814",
      value: #"SYSTEM_SYSRULES_linkField"(
        links: {
          #"SYSTEM_SYSRULES_recordLink"(
            label: fv!row[#"urn:appian:record-field:v1:70635a44-0cba-45de-970e-aef5f08f5e46/769429c2-1d5e-454f-b2fa-14bb2844c814"],
            recordType: #"urn:appian:record-type:v1:70635a44-0cba-45de-970e-aef5f08f5e46",
            identifier: fv!identifier
          )
        }
      )
    ),
    #"SYSTEM_SYSRULES_gridColumn"(
      label: "Icon",
      sortField: #"urn:appian:record-field:v1:70635a44-0cba-45de-970e-aef5f08f5e46/d1017b91-9098-4352-8d60-e796a66cc9c9",
      value: fv!row[#"urn:appian:record-field:v1:70635a44-0cba-45de-970e-aef5f08f5e46/d1017b91-9098-4352-8d60-e796a66cc9c9"]
    ),
    #"SYSTEM_SYSRULES_gridColumn"(
      label: "Is Active",
      sortField: #"urn:appian:record-field:v1:70635a44-0cba-45de-970e-aef5f08f5e46/366633a3-fadd-4750-806e-3bf14a2fbc8b",
      value: fv!row[#"urn:appian:record-field:v1:70635a44-0cba-45de-970e-aef5f08f5e46/366633a3-fadd-4750-806e-3bf14a2fbc8b"]
    ),
    #"SYSTEM_SYSRULES_gridColumn"(
      label: "Sort Order",
      sortField: #"urn:appian:record-field:v1:70635a44-0cba-45de-970e-aef5f08f5e46/eb191c1e-8950-4a03-88a7-d29ad11216ab",
      value: fv!row[#"urn:appian:record-field:v1:70635a44-0cba-45de-970e-aef5f08f5e46/eb191c1e-8950-4a03-88a7-d29ad11216ab"],
      align: "END"
    )
  },
  pageSize: 50,
  shadeAlternateRows: true
)</a:listViewTemplateExpr>
    <a:detailViewCfg>
      <a:nameExpr>#"SYSTEM_SYSRULES_rtd_getDefaultSummaryViewName"()</a:nameExpr>
      <a:uiExpr/>
      <a:visibilityExpr>=true()</a:visibilityExpr>
      <a:urlStub>summary</a:urlStub>
      <a:headerExpr/>
      <a:recordActionLaunchType>DIALOG</a:recordActionLaunchType>
      <a:recordUiSecurityType>EXPRESSION</a:recordUiSecurityType>
    </a:detailViewCfg>
    <a:isSystem>false</a:isSystem>
    <a:dataSrcExpr/>
    <a:facetsListExpr/>
    <a:titleExpr>rv!record[#"urn:appian:record-field:v1:70635a44-0cba-45de-970e-aef5f08f5e46/769429c2-1d5e-454f-b2fa-14bb2844c814"]</a:titleExpr>
    <a:defaultFiltersExpr/>
    <a:layoutType>GRID</a:layoutType>
    <a:security>16383</a:security>
    <a:hideLatestNews>false</a:hideLatestNews>
    <a:hideNewsView>false</a:hideNewsView>
    <a:hideRelatedActionsView>false</a:hideRelatedActionsView>
    <a:isExportable>true</a:isExportable>
    <a:listViewSrcExpr/>
    <a:recordViewSrcExpr/>
    <a:recordListActionCfg a:uuid="4f365c69-ab06-48c4-8933-837adb477876">
      <a:staticTitle>New Asset Type</a:staticTitle>
      <a:staticDescription>Action to create a new Asset Type</a:staticDescription>
      <a:iconId>f067</a:iconId>
      <a:target a:uuid="343186be-bec7-4559-968f-46c9b71ab88a" xsi:type="a:ProcessModel"/>
      <a:visibilityExpr/>
      <a:referenceKey>newAssetType</a:referenceKey>
      <a:dialogSize>LARGE</a:dialogSize>
      <a:showInRecordList>true</a:showInRecordList>
      <a:recordUiSecurityType>GUIDED</a:recordUiSecurityType>
      <a:securityCfg>
        <a:membershipFilter>{"type":"MEMBERSHIP_ALL","config":{"#v":[],"#t":"Variant?list"},"#t":"RecordRowLevelSecurityMembershipFilter"}</a:membershipFilter>
        <a:dataFilter>{"type":"ALLOW_ALL","config":{"#v":[],"#t":"Variant?list"},"#t":"RecordRowLevelSecurityDataFilter"}</a:dataFilter>
      </a:securityCfg>
    </a:recordListActionCfg>
    <a:recordRelationshipCfg>
      <uuid>d6b7f204-64ab-40ed-b4e8-23af9ddbfda8</uuid>
      <relationshipName>asset</relationshipName>
      <targetRecordTypeUuid>c7c1accb-c59c-45e7-9b38-59d598c6a3de</targetRecordTypeUuid>
      <relationshipType>ONE_TO_MANY</relationshipType>
      <relationshipData>{"sourceRecordTypeFieldUuid":"af3826aa-6088-49a6-8c94-7d2678732263","targetRecordTypeFieldUuid":"fdc80d30-1f26-455e-9edb-81c5ac2476db","relationshipOperator":"1","joinTableSourceField":"","joinTableTargetField":""}</relationshipData>
      <updateBehavior>CASCADING</updateBehavior>
    </a:recordRelationshipCfg>
    <a:recordRelationshipCfg>
      <uuid>80c5b5bd-b667-40ff-8f49-11108bfe695f</uuid>
      <relationshipName>aiaRequest</relationshipName>
      <targetRecordTypeUuid>3e4325eb-73c5-4416-b649-eba17aedeea6</targetRecordTypeUuid>
      <relationshipType>ONE_TO_MANY</relationshipType>
      <relationshipData>{"sourceRecordTypeFieldUuid":"af3826aa-6088-49a6-8c94-7d2678732263","targetRecordTypeFieldUuid":"59d2dc07-45d5-4277-9bb6-1f66becd8a90","relationshipOperator":"1","joinTableSourceField":"","joinTableTargetField":""}</relationshipData>
      <updateBehavior>CASCADING</updateBehavior>
    </a:recordRelationshipCfg>
    <a:recordTypeSearchCfg>
      <searchFieldsSrc>DEFAULT</searchFieldsSrc>
      <placeholderSrc>DEFAULT</placeholderSrc>
      <placeholder/>
    </a:recordTypeSearchCfg>
    <a:iconId/>
    <a:listAutoRefreshInterval>0.0</a:listAutoRefreshInterval>
    <a:sourceConfiguration>
      <sourceUuid>AIA_ASSET_TYPE@jdbc/Appian</sourceUuid>
      <sourceType>RDBMS_TABLE</sourceType>
      <friendlyName>AIA_ASSET_TYPE</friendlyName>
      <sourceFilterExpr/>
      <field>
        <uuid>af3826aa-6088-49a6-8c94-7d2678732263</uuid>
        <type>{http://www.appian.com/ae/types/2009}Integer</type>
        <sourceFieldName>ID</sourceFieldName>
        <sourceFieldType>INTEGER</sourceFieldType>
        <fieldName>id</fieldName>
        <isRecordId>true</isRecordId>
        <isUnique>true</isUnique>
        <isCustomField>false</isCustomField>
        <customFieldExpr/>
        <customFieldDefaultValueStr>null</customFieldDefaultValueStr>
        <fieldCalculationType>NA</fieldCalculationType>
        <fieldTemplateType>NA</fieldTemplateType>
      </field>
      <field>
        <uuid>769429c2-1d5e-454f-b2fa-14bb2844c814</uuid>
        <type>{http://www.appian.com/ae/types/2009}Text</type>
        <sourceFieldName>VALUE</sourceFieldName>
        <sourceFieldType>VARCHAR(255)</sourceFieldType>
        <fieldName>value</fieldName>
        <isRecordId>false</isRecordId>
        <isUnique>false</isUnique>
        <isCustomField>false</isCustomField>
        <customFieldExpr/>
        <customFieldDefaultValueStr>null</customFieldDefaultValueStr>
        <fieldCalculationType>NA</fieldCalculationType>
        <fieldTemplateType>NA</fieldTemplateType>
      </field>
      <field>
        <uuid>d1017b91-9098-4352-8d60-e796a66cc9c9</uuid>
        <type>{http://www.appian.com/ae/types/2009}Text</type>
        <sourceFieldName>ICON</sourceFieldName>
        <sourceFieldType>VARCHAR(255)</sourceFieldType>
        <fieldName>icon</fieldName>
        <isRecordId>false</isRecordId>
        <isUnique>false</isUnique>
        <isCustomField>false</isCustomField>
        <customFieldExpr/>
        <customFieldDefaultValueStr>null</customFieldDefaultValueStr>
        <fieldCalculationType>NA</fieldCalculationType>
        <fieldTemplateType>NA</fieldTemplateType>
      </field>
      <field>
        <uuid>366633a3-fadd-4750-806e-3bf14a2fbc8b</uuid>
        <type>{http://www.appian.com/ae/types/2009}Boolean</type>
        <sourceFieldName>IS_ACTIVE</sourceFieldName>
        <sourceFieldType>BIT</sourceFieldType>
        <fieldName>isActive</fieldName>
        <isRecordId>false</isRecordId>
        <isUnique>false</isUnique>
        <isCustomField>false</isCustomField>
        <customFieldExpr/>
        <customFieldDefaultValueStr>null</customFieldDefaultValueStr>
        <fieldCalculationType>NA</fieldCalculationType>
        <fieldTemplateType>NA</fieldTemplateType>
      </field>
      <field>
        <uuid>eb191c1e-8950-4a03-88a7-d29ad11216ab</uuid>
        <type>{http://www.appian.com/ae/types/2009}Integer</type>
        <sourceFieldName>SORT_ORDER</sourceFieldName>
        <sourceFieldType>INTEGER</sourceFieldType>
        <fieldName>sortOrder</fieldName>
        <isRecordId>false</isRecordId>
        <isUnique>false</isUnique>
        <isCustomField>false</isCustomField>
        <customFieldExpr/>
        <customFieldDefaultValueStr>null</customFieldDefaultValueStr>
        <fieldCalculationType>NA</fieldCalculationType>
        <fieldTemplateType>NA</fieldTemplateType>
      </field>
      <joinType>LEFT</joinType>
      <uuid>a16d877e-0bf5-47b3-8d04-a5ee03ca7b62</uuid>
      <refreshSchedule>
        <frequency>DAILY</frequency>
        <value>{"hour":3,"minute":"00","amPM":"AM","timeZone":"IST","version":"v1"}</value>
        <activated>false</activated>
      </refreshSchedule>
      <skipFailureEnabled>true</skipFailureEnabled>
      <recordIdGeneratorUuid/>
    </a:sourceConfiguration>
    <a:enabledFeatures>63</a:enabledFeatures>
    <a:isVisibleInRecordTypeList>false</a:isVisibleInRecordTypeList>
    <a:recordActionLaunchType>DIALOG</a:recordActionLaunchType>
    <a:showSearchBox>true</a:showSearchBox>
  </recordType>
  <roleMap>
    <role name="record_type_administrator">
      <users/>
      <groups>
        <groupUuid>_e-0000eab3-f57a-8000-9b01-01075c01075c_3410</groupUuid>
      </groups>
    </role>
    <role name="record_type_viewer">
      <users/>
      <groups>
        <groupUuid>_e-0000eab3-f57a-8000-9b01-01075c01075c_3408</groupUuid>
      </groups>
    </role>
  </roleMap>
  <history>
    <historyInfo versionUuid="e0a5f795-2167-4ce2-bd54-848d6446e6ed"/>
    <historyInfo versionUuid="2d36f0d2-dc48-4578-a548-b57a20007be7"/>
    <historyInfo versionUuid="f2b50171-1ddd-4314-a930-9cd0f7d30314"/>
  </history>
  <migrationVersion>1</migrationVersion>
</recordTypeHaul>
