<?xml version="1.0" encoding="UTF-8"?>
<recordTypeHaul xmlns:a="http://www.appian.com/ae/types/2009" xmlns:xsi="http://www.w3.org/2001/XMLSchema-instance">
  <versionUuid>cdebff44-57cb-4a94-80dc-8f1356380008</versionUuid>
  <recordType a:uuid="b931dede-8077-4735-89f7-048c9fbaf03f" name="AIA Request Status">
    <a:pluralName>Request Statuses</a:pluralName>
    <a:description/>
    <a:urlStub>GNo9Ew</a:urlStub>
    <a:source xsi:type="a:RecordsReplica"/>
    <a:listViewTemplateExpr>#"SYSTEM_SYSRULES_recordGridField"(
  columns: {
    #"SYSTEM_SYSRULES_gridColumn"(
      label: "Id",
      sortField: 'recordType!{b931dede-8077-4735-89f7-048c9fbaf03f}AIA Request Status.fields.{63f5c937-09b2-4227-b3f0-2a32140d62c8}id',
      value: fv!row['recordType!{b931dede-8077-4735-89f7-048c9fbaf03f}AIA Request Status.fields.{63f5c937-09b2-4227-b3f0-2a32140d62c8}id'],
      align: "END"
    ),
    #"SYSTEM_SYSRULES_gridColumn"(
      label: "Value",
      sortField: 'recordType!{b931dede-8077-4735-89f7-048c9fbaf03f}AIA Request Status.fields.{3d7b7d7c-f224-4701-a5d9-ec5a62c34b0c}value',
      value: #"SYSTEM_SYSRULES_linkField"(
        links: {
          #"SYSTEM_SYSRULES_recordLink"(
            label: fv!row['recordType!{b931dede-8077-4735-89f7-048c9fbaf03f}AIA Request Status.fields.{3d7b7d7c-f224-4701-a5d9-ec5a62c34b0c}value'],
            recordType: #"urn:appian:record-type:v1:b931dede-8077-4735-89f7-048c9fbaf03f",
            identifier: fv!identifier
          )
        }
      )
    ),
    #"SYSTEM_SYSRULES_gridColumn"(
      label: "Is Active",
      sortField: 'recordType!{b931dede-8077-4735-89f7-048c9fbaf03f}AIA Request Status.fields.{6bb92e48-fc6b-472e-8040-2d8a874758eb}isActive',
      value: fv!row['recordType!{b931dede-8077-4735-89f7-048c9fbaf03f}AIA Request Status.fields.{6bb92e48-fc6b-472e-8040-2d8a874758eb}isActive']
    ),
    #"SYSTEM_SYSRULES_gridColumn"(
      label: "Sort Order",
      sortField: 'recordType!{b931dede-8077-4735-89f7-048c9fbaf03f}AIA Request Status.fields.{5dd05a4d-04ab-482b-b8e0-1e27daa966e2}sortOrder',
      value: fv!row['recordType!{b931dede-8077-4735-89f7-048c9fbaf03f}AIA Request Status.fields.{5dd05a4d-04ab-482b-b8e0-1e27daa966e2}sortOrder'],
      align: "END"
    )
  },
  pageSize: 50,
  shadeAlternateRows: true
)</a:listViewTemplateExpr>
    <a:detailViewCfg>
      <a:nameExpr>#"SYSTEM_SYSRULES_rtd_getDefaultSummaryViewName"()</a:nameExpr>
      <a:uiExpr/>
      <a:visibilityExpr>=true()</a:visibilityExpr>
      <a:urlStub>summary</a:urlStub>
      <a:headerExpr/>
      <a:recordActionLaunchType>DIALOG</a:recordActionLaunchType>
      <a:recordUiSecurityType>EXPRESSION</a:recordUiSecurityType>
    </a:detailViewCfg>
    <a:isSystem>false</a:isSystem>
    <a:dataSrcExpr/>
    <a:facetsListExpr/>
    <a:titleExpr>rv!record[#"urn:appian:record-field:v1:b931dede-8077-4735-89f7-048c9fbaf03f/3d7b7d7c-f224-4701-a5d9-ec5a62c34b0c"]</a:titleExpr>
    <a:defaultFiltersExpr/>
    <a:layoutType>GRID</a:layoutType>
    <a:security>16383</a:security>
    <a:hideLatestNews>false</a:hideLatestNews>
    <a:hideNewsView>false</a:hideNewsView>
    <a:hideRelatedActionsView>false</a:hideRelatedActionsView>
    <a:isExportable>true</a:isExportable>
    <a:listViewSrcExpr/>
    <a:recordViewSrcExpr/>
    <a:recordRelationshipCfg>
      <uuid>f88e7141-0c22-4dd2-b32a-da4c0b40e528</uuid>
      <relationshipName>request</relationshipName>
      <targetRecordTypeUuid>3e4325eb-73c5-4416-b649-eba17aedeea6</targetRecordTypeUuid>
      <relationshipType>ONE_TO_MANY</relationshipType>
      <relationshipData>{"sourceRecordTypeFieldUuid":"63f5c937-09b2-4227-b3f0-2a32140d62c8","targetRecordTypeFieldUuid":"e319f8d6-19d9-4b5a-b7e4-e3dcd882570c","relationshipOperator":"1","joinTableSourceField":"","joinTableTargetField":""}</relationshipData>
      <updateBehavior>CASCADING</updateBehavior>
    </a:recordRelationshipCfg>
    <a:recordTypeSearchCfg>
      <searchFieldsSrc>DEFAULT</searchFieldsSrc>
      <placeholderSrc>DEFAULT</placeholderSrc>
      <placeholder/>
    </a:recordTypeSearchCfg>
    <a:iconId/>
    <a:listAutoRefreshInterval>0.0</a:listAutoRefreshInterval>
    <a:sourceConfiguration>
      <sourceUuid>AIA_REQUEST_STATUS@jdbc/Appian</sourceUuid>
      <sourceType>RDBMS_TABLE</sourceType>
      <friendlyName>AIA_REQUEST_STATUS</friendlyName>
      <sourceFilterExpr/>
      <field>
        <uuid>63f5c937-09b2-4227-b3f0-2a32140d62c8</uuid>
        <type>{http://www.appian.com/ae/types/2009}Integer</type>
        <sourceFieldName>ID</sourceFieldName>
        <sourceFieldType>INTEGER</sourceFieldType>
        <fieldName>id</fieldName>
        <isRecordId>true</isRecordId>
        <isUnique>true</isUnique>
        <isCustomField>false</isCustomField>
        <customFieldExpr/>
        <customFieldDefaultValueStr>null</customFieldDefaultValueStr>
        <fieldCalculationType>NA</fieldCalculationType>
        <fieldTemplateType>NA</fieldTemplateType>
      </field>
      <field>
        <uuid>3d7b7d7c-f224-4701-a5d9-ec5a62c34b0c</uuid>
        <type>{http://www.appian.com/ae/types/2009}Text</type>
        <sourceFieldName>VALUE</sourceFieldName>
        <sourceFieldType>VARCHAR(255)</sourceFieldType>
        <fieldName>value</fieldName>
        <isRecordId>false</isRecordId>
        <isUnique>false</isUnique>
        <isCustomField>false</isCustomField>
        <customFieldExpr/>
        <customFieldDefaultValueStr>null</customFieldDefaultValueStr>
        <fieldCalculationType>NA</fieldCalculationType>
        <fieldTemplateType>NA</fieldTemplateType>
      </field>
      <field>
        <uuid>6bb92e48-fc6b-472e-8040-2d8a874758eb</uuid>
        <type>{http://www.appian.com/ae/types/2009}Boolean</type>
        <sourceFieldName>IS_ACTIVE</sourceFieldName>
        <sourceFieldType>BIT</sourceFieldType>
        <fieldName>isActive</fieldName>
        <isRecordId>false</isRecordId>
        <isUnique>false</isUnique>
        <isCustomField>false</isCustomField>
        <customFieldExpr/>
        <customFieldDefaultValueStr>null</customFieldDefaultValueStr>
        <fieldCalculationType>NA</fieldCalculationType>
        <fieldTemplateType>NA</fieldTemplateType>
      </field>
      <field>
        <uuid>5dd05a4d-04ab-482b-b8e0-1e27daa966e2</uuid>
        <type>{http://www.appian.com/ae/types/2009}Integer</type>
        <sourceFieldName>SORT_ORDER</sourceFieldName>
        <sourceFieldType>INTEGER</sourceFieldType>
        <fieldName>sortOrder</fieldName>
        <isRecordId>false</isRecordId>
        <isUnique>false</isUnique>
        <isCustomField>false</isCustomField>
        <customFieldExpr/>
        <customFieldDefaultValueStr>null</customFieldDefaultValueStr>
        <fieldCalculationType>NA</fieldCalculationType>
        <fieldTemplateType>NA</fieldTemplateType>
      </field>
      <joinType>LEFT</joinType>
      <uuid>5b08699f-674d-43ed-bb81-fdbf9d2c9943</uuid>
      <refreshSchedule>
        <frequency>DAILY</frequency>
        <value>{"hour":3,"minute":"00","amPM":"AM","timeZone":"IST","version":"v1"}</value>
        <activated>false</activated>
      </refreshSchedule>
      <skipFailureEnabled>true</skipFailureEnabled>
      <recordIdGeneratorUuid/>
    </a:sourceConfiguration>
    <a:enabledFeatures>63</a:enabledFeatures>
    <a:isVisibleInRecordTypeList>false</a:isVisibleInRecordTypeList>
    <a:recordActionLaunchType>DIALOG</a:recordActionLaunchType>
    <a:showSearchBox>true</a:showSearchBox>
  </recordType>
  <roleMap>
    <role name="record_type_administrator">
      <users/>
      <groups>
        <groupUuid>_e-0000eab3-f57a-8000-9b01-01075c01075c_3410</groupUuid>
      </groups>
    </role>
    <role name="record_type_viewer">
      <users/>
      <groups>
        <groupUuid>_e-0000eab3-f57a-8000-9b01-01075c01075c_3408</groupUuid>
      </groups>
    </role>
  </roleMap>
  <history>
    <historyInfo versionUuid="cdebff44-57cb-4a94-80dc-8f1356380008"/>
  </history>
  <migrationVersion>1</migrationVersion>
</recordTypeHaul>
