<?xml version="1.0" encoding="UTF-8"?>
<recordTypeHaul xmlns:a="http://www.appian.com/ae/types/2009" xmlns:xsi="http://www.w3.org/2001/XMLSchema-instance">
  <versionUuid>7617694f-a326-446a-b627-fad338d79b25</versionUuid>
  <recordType a:uuid="c7c1accb-c59c-45e7-9b38-59d598c6a3de" name="AIA Asset">
    <a:pluralName>Assets</a:pluralName>
    <a:description>A RecordType Object for Asset Data</a:description>
    <a:urlStub>-02Ezw</a:urlStub>
    <a:source xsi:type="a:RecordsReplica"/>
    <a:listViewTemplateExpr>#"SYSTEM_SYSRULES_recordGridField"(
  columns: {
    #"SYSTEM_SYSRULES_gridColumn"(
      label: "Type",
      sortField: #"urn:appian:record-field:v1:c7c1accb-c59c-45e7-9b38-59d598c6a3de/fdc80d30-1f26-455e-9edb-81c5ac2476db",
      value: fv!row[#"urn:appian:record-field:v1:c7c1accb-c59c-45e7-9b38-59d598c6a3de/6687555d-44be-486e-abff-a74eae16dfb1/769429c2-1d5e-454f-b2fa-14bb2844c814"],
      align: "CENTER"
    ),
    #"SYSTEM_SYSRULES_gridColumn"(
      label: "Name",
      sortField: #"urn:appian:record-field:v1:c7c1accb-c59c-45e7-9b38-59d598c6a3de/2e296317-d105-4264-a22f-ca278233e854",
      value: fv!row[#"urn:appian:record-field:v1:c7c1accb-c59c-45e7-9b38-59d598c6a3de/2e296317-d105-4264-a22f-ca278233e854"],
      align: "CENTER"
    ),
    #"SYSTEM_SYSRULES_gridColumn"(
      label: "Serial Number",
      sortField: #"urn:appian:record-field:v1:c7c1accb-c59c-45e7-9b38-59d598c6a3de/31266e48-8f26-40f0-afa5-9242c44d9a30",
      value: #"SYSTEM_SYSRULES_linkField"(
        links: {
          #"SYSTEM_SYSRULES_recordLink"(
            label: fv!row[#"urn:appian:record-field:v1:c7c1accb-c59c-45e7-9b38-59d598c6a3de/31266e48-8f26-40f0-afa5-9242c44d9a30"],
            recordType: #"urn:appian:record-type:v1:c7c1accb-c59c-45e7-9b38-59d598c6a3de",
            identifier: fv!identifier
          )
        }
      ),
      align: "CENTER"
    ),
    #"SYSTEM_SYSRULES_gridColumn"(
      label: "Owner",
      sortField: #"urn:appian:record-field:v1:c7c1accb-c59c-45e7-9b38-59d598c6a3de/de985c0d-c36f-4eb8-bdf9-cc04d9a17454",
      value: if(
        isnull(
          fv!row[#"urn:appian:record-field:v1:c7c1accb-c59c-45e7-9b38-59d598c6a3de/de985c0d-c36f-4eb8-bdf9-cc04d9a17454"]
        ),
        "-",
        #"_a-0000eab3-f57a-8000-9bb4-011c48011c48_133776"(
          fv!row[#"urn:appian:record-field:v1:c7c1accb-c59c-45e7-9b38-59d598c6a3de/de985c0d-c36f-4eb8-bdf9-cc04d9a17454"]
        )
      ),
      align: "CENTER"
    ),
    #"SYSTEM_SYSRULES_gridColumn"(
      label: "Modified By",
      sortField: #"urn:appian:record-field:v1:c7c1accb-c59c-45e7-9b38-59d598c6a3de/efa77d7b-70a2-4c33-b1b0-12149b27926b",
      value: if(
        isnull(
          fv!row[#"urn:appian:record-field:v1:c7c1accb-c59c-45e7-9b38-59d598c6a3de/efa77d7b-70a2-4c33-b1b0-12149b27926b"]
        ),
        "-",
        #"_a-0000eab3-f57a-8000-9bb4-011c48011c48_133776"(
          fv!row[#"urn:appian:record-field:v1:c7c1accb-c59c-45e7-9b38-59d598c6a3de/efa77d7b-70a2-4c33-b1b0-12149b27926b"]
        )
      ),
      align: "CENTER"
    ),
    #"SYSTEM_SYSRULES_gridColumn"(
      label: "Modified On",
      sortField: #"urn:appian:record-field:v1:c7c1accb-c59c-45e7-9b38-59d598c6a3de/29e3029e-0622-4e60-8171-5cfcaff33a1f",
      value: if(
      isnull(fv!row[#"urn:appian:record-field:v1:c7c1accb-c59c-45e7-9b38-59d598c6a3de/29e3029e-0622-4e60-8171-5cfcaff33a1f"]),
      fv!row[#"urn:appian:record-field:v1:c7c1accb-c59c-45e7-9b38-59d598c6a3de/29e3029e-0622-4e60-8171-5cfcaff33a1f"],
      datetext(fv!row[#"urn:appian:record-field:v1:c7c1accb-c59c-45e7-9b38-59d598c6a3de/29e3029e-0622-4e60-8171-5cfcaff33a1f"], "default")
      ),
      align: "CENTER"
    )
  },
  pageSize: 50,
  shadeAlternateRows: true
)</a:listViewTemplateExpr>
    <a:fieldCfg a:uuid="b698a37c-8a7d-47dd-a5ed-d3dac5a5bc0e" name="Type">
      <a:description/>
      <a:sourceRef>fdc80d30-1f26-455e-9edb-81c5ac2476db</a:sourceRef>
      <a:isSortable>false</a:isSortable>
      <a:isSearchable>false</a:isSearchable>
      <a:isFacet>true</a:isFacet>
      <a:facetType>CUSTOM_BUCKETS_CLOSED</a:facetType>
      <a:isExclusiveFacet>true</a:isExclusiveFacet>
      <a:facetLabelExpr>"Type"</a:facetLabelExpr>
      <a:sortOrderIndex>0</a:sortOrderIndex>
      <a:facetOrderIndex>0</a:facetOrderIndex>
      <a:visibilityExpr/>
      <a:defaultOptionExpr/>
      <a:allowMultipleSelections>true</a:allowMultipleSelections>
      <a:relatedRecordFieldUuid>6687555d-44be-486e-abff-a74eae16dfb1/769429c2-1d5e-454f-b2fa-14bb2844c814</a:relatedRecordFieldUuid>
    </a:fieldCfg>
    <a:fieldCfg a:uuid="66c7d422-2152-41c7-8483-cb5f0aa3a433" name="Owned By">
      <a:isSortable>false</a:isSortable>
      <a:isSearchable>false</a:isSearchable>
      <a:isFacet>true</a:isFacet>
      <a:facetType>EXPRESSION</a:facetType>
      <a:isExclusiveFacet>true</a:isExclusiveFacet>
      <a:facetExpr>a!localVariables(
  queryResult: #"SYSTEM_SYSRULES_queryRecordType_v1"(
    pagingInfo: #"SYSTEM_SYSRULES_pagingInfo"(
      startIndex: 1,
      batchSize: 100
    ),
    recordType: #"urn:appian:record-type:v1:c7c1accb-c59c-45e7-9b38-59d598c6a3de",
    fields: #"SYSTEM_SYSRULES_aggregationFields"(
      groupings: #"SYSTEM_SYSRULES_grouping"(
        field: #"urn:appian:record-field:v1:c7c1accb-c59c-45e7-9b38-59d598c6a3de/de985c0d-c36f-4eb8-bdf9-cc04d9a17454",
        alias: "grouping"
      ),
      measures: #"SYSTEM_SYSRULES_measure"(
        field: #"urn:appian:record-field:v1:c7c1accb-c59c-45e7-9b38-59d598c6a3de/de985c0d-c36f-4eb8-bdf9-cc04d9a17454",
        function: "COUNT",
        alias: "measure"
      )
    )
  ).data,
  #"SYSTEM_SYSRULES_recordFilterList"(
    name:"Owned By",
    options: #"SYSTEM_SYSRULES_forEach"(
      items: local!queryResult,
      expression: #"SYSTEM_SYSRULES_recordFilterListOption"(
        id:fv!index,
        name: fv!item.grouping,
        filter: #"SYSTEM_SYSRULES_queryFilter"(
          field: #"urn:appian:record-field:v1:c7c1accb-c59c-45e7-9b38-59d598c6a3de/de985c0d-c36f-4eb8-bdf9-cc04d9a17454",
          operator: "=",
          value: fv!item.grouping
        ),
        dataCount: fv!item.measure
      )
    )
  )
)</a:facetExpr>
      <a:sortOrderIndex>1</a:sortOrderIndex>
      <a:facetOrderIndex>1</a:facetOrderIndex>
      <a:visibilityExpr/>
      <a:defaultOptionExpr/>
      <a:allowMultipleSelections>true</a:allowMultipleSelections>
    </a:fieldCfg>
    <a:detailViewCfg>
      <a:nameExpr>#"SYSTEM_SYSRULES_rtd_getDefaultSummaryViewName"()</a:nameExpr>
      <a:uiExpr>#"_a-0000eab3-f57a-8000-9bb4-011c48011c48_133770"(rv!record)</a:uiExpr>
      <a:visibilityExpr>=true()</a:visibilityExpr>
      <a:urlStub>summary</a:urlStub>
      <a:headerExpr/>
      <a:relatedActionCfg>refId-0e02a0a5-f317-40fe-a984-95a665f72cda</a:relatedActionCfg>
      <a:relatedActionCfg>refId-0b7d68bf-2bfc-495e-b437-81b8102225b7</a:relatedActionCfg>
      <a:relatedActionCfg>refId-064338b5-6100-4d17-9701-d884862cc1ee</a:relatedActionCfg>
      <a:recordActionLaunchType>DIALOG</a:recordActionLaunchType>
      <a:detailViewHeaderCfg>
        <a:headerTypeByte>2</a:headerTypeByte>
        <a:headerConfigJson>{"backgroundMediaExpr":"\"_a-0000eab3-f57a-8000-9bb4-011c48011c48_134229\"","backgroundColor":"#efefef","overlayStyle":"BAR","overlayPosition":"TOP","imageType":"DOCUMENT","overlayColor":"SEMI_DARK","height":"MEDIUM"}</a:headerConfigJson>
        <a:isHeaderFixed>true</a:isHeaderFixed>
      </a:detailViewHeaderCfg>
      <a:recordUiSecurityType>EXPRESSION</a:recordUiSecurityType>
    </a:detailViewCfg>
    <a:relatedActionCfg a:uuid="0e02a0a5-f317-40fe-a984-95a665f72cda">
      <a:target a:uuid="0004eab8-4949-8000-1417-7f0000014e7a" xsi:type="a:ProcessModel"/>
      <a:contextExpr>{
  asset: #"_a-0000eab3-f57a-8000-9bb4-011c48011c48_133970"(rv!identifier), /* AIA Asset */
  cancel: null /* Boolean */
}</a:contextExpr>
      <a:visibilityExpr/>
      <a:iconId>f0e7</a:iconId>
      <a:refId>refId-0e02a0a5-f317-40fe-a984-95a665f72cda</a:refId>
      <a:staticTitleString>Update Asset</a:staticTitleString>
      <a:staticDescriptionString>Update the Asset</a:staticDescriptionString>
      <a:referenceKey>updateAsset</a:referenceKey>
      <a:dialogSize>LARGE</a:dialogSize>
      <a:showInRecordList>false</a:showInRecordList>
      <a:recordUiSecurityType>GUIDED</a:recordUiSecurityType>
      <a:securityCfg>
        <a:membershipFilter>{"type":"COMBINED","config":{"groupsMembership":{"type":"GROUPS","config":{"uuids":["_e-0000eab3-f57a-8000-9b01-01075c01075c_3412"],"#t":"RecordRowLevelSecurityMembershipGroups"}},"#t":"RecordRowLevelSecurityMembershipCombined"},"#t":"RecordRowLevelSecurityMembershipFilter"}</a:membershipFilter>
        <a:dataFilter>{"type":"ALLOW_ALL","config":{"#v":[],"#t":"Variant?list"},"#t":"RecordRowLevelSecurityDataFilter"}</a:dataFilter>
      </a:securityCfg>
    </a:relatedActionCfg>
    <a:relatedActionCfg a:uuid="0b7d68bf-2bfc-495e-b437-81b8102225b7">
      <a:target a:uuid="0004eaba-b5ac-8000-1426-7f0000014e7a" xsi:type="a:ProcessModel"/>
      <a:contextExpr>{
  asset: #"_a-0000eab3-f57a-8000-9bb4-011c48011c48_133970"(rv!identifier), /* AIA Asset */
  cancel: null /* Boolean */
}</a:contextExpr>
      <a:visibilityExpr>a!isNullOrEmpty(
  rv!record[#"urn:appian:record-field:v1:c7c1accb-c59c-45e7-9b38-59d598c6a3de/de985c0d-c36f-4eb8-bdf9-cc04d9a17454"]
)</a:visibilityExpr>
      <a:iconId>f1f8</a:iconId>
      <a:refId>refId-0b7d68bf-2bfc-495e-b437-81b8102225b7</a:refId>
      <a:staticTitleString>Remove Asset</a:staticTitleString>
      <a:staticDescriptionString/>
      <a:referenceKey>removeAsset</a:referenceKey>
      <a:dialogSize>LARGE</a:dialogSize>
      <a:showInRecordList>false</a:showInRecordList>
      <a:recordUiSecurityType>EXPRESSION</a:recordUiSecurityType>
    </a:relatedActionCfg>
    <a:relatedActionCfg a:uuid="064338b5-6100-4d17-9701-d884862cc1ee">
      <a:target a:uuid="0002eabb-cfbf-8000-1449-7f0000014e7a" xsi:type="a:ProcessModel"/>
      <a:contextExpr>{
  asset: #"_a-0000eab3-f57a-8000-9bb4-011c48011c48_133970"(rv!identifier), /* AIA Asset */
  cancel: null /* Boolean */
}</a:contextExpr>
      <a:visibilityExpr>and(
  loggedInUser() = rv!record[#"urn:appian:record-field:v1:c7c1accb-c59c-45e7-9b38-59d598c6a3de/de985c0d-c36f-4eb8-bdf9-cc04d9a17454"],
  not(
    rv!record[#"urn:appian:record-field:v1:c7c1accb-c59c-45e7-9b38-59d598c6a3de/efa77d7b-70a2-4c33-b1b0-12149b27926b"] = rv!record[#"urn:appian:record-field:v1:c7c1accb-c59c-45e7-9b38-59d598c6a3de/de985c0d-c36f-4eb8-bdf9-cc04d9a17454"]
  )
)</a:visibilityExpr>
      <a:iconId>f0e7</a:iconId>
      <a:refId>refId-064338b5-6100-4d17-9701-d884862cc1ee</a:refId>
      <a:staticTitleString>Relinquish Asset</a:staticTitleString>
      <a:staticDescriptionString>Relinquish your Asset</a:staticDescriptionString>
      <a:referenceKey>relinquishAsset</a:referenceKey>
      <a:dialogSize>LARGE</a:dialogSize>
      <a:showInRecordList>false</a:showInRecordList>
      <a:recordUiSecurityType>EXPRESSION</a:recordUiSecurityType>
    </a:relatedActionCfg>
    <a:isSystem>false</a:isSystem>
    <a:dataSrcExpr/>
    <a:facetsListExpr/>
    <a:titleExpr>rv!record[#"urn:appian:record-field:v1:c7c1accb-c59c-45e7-9b38-59d598c6a3de/2e296317-d105-4264-a22f-ca278233e854"] &amp; " (S.No:" &amp; rv!record[#"urn:appian:record-field:v1:c7c1accb-c59c-45e7-9b38-59d598c6a3de/31266e48-8f26-40f0-afa5-9242c44d9a30"] &amp; ")"</a:titleExpr>
    <a:defaultFiltersExpr/>
    <a:layoutType>GRID</a:layoutType>
    <a:security>16383</a:security>
    <a:hideLatestNews>false</a:hideLatestNews>
    <a:hideNewsView>false</a:hideNewsView>
    <a:hideRelatedActionsView>false</a:hideRelatedActionsView>
    <a:isExportable>true</a:isExportable>
    <a:listViewSrcExpr/>
    <a:recordViewSrcExpr/>
    <a:recordListActionCfg a:uuid="bae7d179-9459-43b6-a55e-d94249b813d2">
      <a:staticTitle>Add Asset</a:staticTitle>
      <a:staticDescription>Add an Asset</a:staticDescription>
      <a:iconId>f0fe</a:iconId>
      <a:target a:uuid="0002eab8-446a-8000-1414-7f0000014e7a" xsi:type="a:ProcessModel"/>
      <a:visibilityExpr/>
      <a:referenceKey>addAsset</a:referenceKey>
      <a:dialogSize>LARGE</a:dialogSize>
      <a:showInRecordList>true</a:showInRecordList>
      <a:recordUiSecurityType>GUIDED</a:recordUiSecurityType>
      <a:securityCfg>
        <a:membershipFilter>{"type":"MEMBERSHIP_ALL","config":{"#v":[],"#t":"Variant?list"},"#t":"RecordRowLevelSecurityMembershipFilter"}</a:membershipFilter>
        <a:dataFilter>{"type":"ALLOW_ALL","config":{"#v":[],"#t":"Variant?list"},"#t":"RecordRowLevelSecurityDataFilter"}</a:dataFilter>
      </a:securityCfg>
    </a:recordListActionCfg>
    <a:recordRelationshipCfg>
      <uuid>6687555d-44be-486e-abff-a74eae16dfb1</uuid>
      <relationshipName>aiaAssetType</relationshipName>
      <targetRecordTypeUuid>70635a44-0cba-45de-970e-aef5f08f5e46</targetRecordTypeUuid>
      <relationshipType>MANY_TO_ONE</relationshipType>
      <relationshipData>{"sourceRecordTypeFieldUuid":"fdc80d30-1f26-455e-9edb-81c5ac2476db","targetRecordTypeFieldUuid":"af3826aa-6088-49a6-8c94-7d2678732263","relationshipOperator":"1","joinTableSourceField":"","joinTableTargetField":""}</relationshipData>
      <updateBehavior>NON_CASCADING</updateBehavior>
    </a:recordRelationshipCfg>
    <a:recordRelationshipCfg>
      <uuid>446aa1d5-fbb4-481d-b7d0-efadb10dd57a</uuid>
      <relationshipName>aiaRequest</relationshipName>
      <targetRecordTypeUuid>3e4325eb-73c5-4416-b649-eba17aedeea6</targetRecordTypeUuid>
      <relationshipType>ONE_TO_MANY</relationshipType>
      <relationshipData>{"sourceRecordTypeFieldUuid":"b81f717e-2c30-4296-9c2b-832e3d1aa8a6","targetRecordTypeFieldUuid":"f34d99f6-62dc-44e3-a006-9dc5b34f8cf0","relationshipOperator":"1","joinTableSourceField":"","joinTableTargetField":""}</relationshipData>
      <updateBehavior>CASCADING</updateBehavior>
    </a:recordRelationshipCfg>
    <a:recordTypeSearchCfg>
      <searchFieldsSrc>DEFAULT</searchFieldsSrc>
      <placeholderSrc>DEFAULT</placeholderSrc>
      <placeholder/>
    </a:recordTypeSearchCfg>
    <a:iconId/>
    <a:listAutoRefreshInterval>0.0</a:listAutoRefreshInterval>
    <a:sourceConfiguration>
      <sourceUuid>aiaasset@jdbc/Appian</sourceUuid>
      <sourceType>RDBMS_TABLE</sourceType>
      <friendlyName>aiaasset</friendlyName>
      <sourceFilterExpr>#"SYSTEM_SYSRULES_queryLogicalExpression"(
  operator: "AND",
  filters: {
    #"SYSTEM_SYSRULES_queryFilter"(
      field: "isactive",
      operator: "=",
      value: true
    )
  },
  ignoreFiltersWithEmptyValues: true
)</sourceFilterExpr>
      <field>
        <uuid>31266e48-8f26-40f0-afa5-9242c44d9a30</uuid>
        <type>{http://www.appian.com/ae/types/2009}Text</type>
        <sourceFieldName>serialnumber</sourceFieldName>
        <sourceFieldType>VARCHAR(255)</sourceFieldType>
        <fieldName>serialnumber</fieldName>
        <isRecordId>false</isRecordId>
        <isUnique>false</isUnique>
        <isCustomField>false</isCustomField>
        <customFieldExpr/>
        <customFieldDefaultValueStr>null</customFieldDefaultValueStr>
        <fieldCalculationType>NA</fieldCalculationType>
        <fieldTemplateType>NA</fieldTemplateType>
      </field>
      <field>
        <uuid>fdc80d30-1f26-455e-9edb-81c5ac2476db</uuid>
        <type>{http://www.appian.com/ae/types/2009}Integer</type>
        <sourceFieldName>type</sourceFieldName>
        <sourceFieldType>INTEGER</sourceFieldType>
        <fieldName>type</fieldName>
        <isRecordId>false</isRecordId>
        <isUnique>false</isUnique>
        <isCustomField>false</isCustomField>
        <customFieldExpr/>
        <customFieldDefaultValueStr>null</customFieldDefaultValueStr>
        <fieldCalculationType>NA</fieldCalculationType>
        <fieldTemplateType>NA</fieldTemplateType>
      </field>
      <field>
        <uuid>2e296317-d105-4264-a22f-ca278233e854</uuid>
        <type>{http://www.appian.com/ae/types/2009}Text</type>
        <sourceFieldName>name</sourceFieldName>
        <sourceFieldType>VARCHAR(255)</sourceFieldType>
        <fieldName>name</fieldName>
        <isRecordId>false</isRecordId>
        <isUnique>false</isUnique>
        <isCustomField>false</isCustomField>
        <customFieldExpr/>
        <customFieldDefaultValueStr>null</customFieldDefaultValueStr>
        <fieldCalculationType>NA</fieldCalculationType>
        <fieldTemplateType>NA</fieldTemplateType>
      </field>
      <field>
        <uuid>de985c0d-c36f-4eb8-bdf9-cc04d9a17454</uuid>
        <type>{http://www.appian.com/ae/types/2009}Text</type>
        <sourceFieldName>owner</sourceFieldName>
        <sourceFieldType>VARCHAR(255)</sourceFieldType>
        <fieldName>owner</fieldName>
        <isRecordId>false</isRecordId>
        <isUnique>false</isUnique>
        <isCustomField>false</isCustomField>
        <customFieldExpr/>
        <customFieldDefaultValueStr>null</customFieldDefaultValueStr>
        <fieldCalculationType>NA</fieldCalculationType>
        <fieldTemplateType>NA</fieldTemplateType>
      </field>
      <field>
        <uuid>efa77d7b-70a2-4c33-b1b0-12149b27926b</uuid>
        <type>{http://www.appian.com/ae/types/2009}Text</type>
        <sourceFieldName>lastmodifiedby</sourceFieldName>
        <sourceFieldType>VARCHAR(255)</sourceFieldType>
        <fieldName>lastmodifiedby</fieldName>
        <isRecordId>false</isRecordId>
        <isUnique>false</isUnique>
        <isCustomField>false</isCustomField>
        <customFieldExpr/>
        <customFieldDefaultValueStr>null</customFieldDefaultValueStr>
        <fieldCalculationType>NA</fieldCalculationType>
        <fieldTemplateType>NA</fieldTemplateType>
      </field>
      <field>
        <uuid>29e3029e-0622-4e60-8171-5cfcaff33a1f</uuid>
        <type>{http://www.appian.com/ae/types/2009}Datetime</type>
        <sourceFieldName>lastmodifiedon</sourceFieldName>
        <sourceFieldType>TIMESTAMP</sourceFieldType>
        <fieldName>lastmodifiedon</fieldName>
        <isRecordId>false</isRecordId>
        <isUnique>false</isUnique>
        <isCustomField>false</isCustomField>
        <customFieldExpr/>
        <customFieldDefaultValueStr>null</customFieldDefaultValueStr>
        <fieldCalculationType>NA</fieldCalculationType>
        <fieldTemplateType>NA</fieldTemplateType>
      </field>
      <field>
        <uuid>b81f717e-2c30-4296-9c2b-832e3d1aa8a6</uuid>
        <type>{http://www.appian.com/ae/types/2009}Integer</type>
        <sourceFieldName>id</sourceFieldName>
        <sourceFieldType>INTEGER</sourceFieldType>
        <fieldName>id</fieldName>
        <isRecordId>true</isRecordId>
        <isUnique>true</isUnique>
        <isCustomField>false</isCustomField>
        <customFieldExpr/>
        <customFieldDefaultValueStr>null</customFieldDefaultValueStr>
        <fieldCalculationType>NA</fieldCalculationType>
        <fieldTemplateType>NA</fieldTemplateType>
      </field>
      <field>
        <uuid>a28c4f28-6f97-4c7f-9ab7-944c2afa413e</uuid>
        <type>{http://www.appian.com/ae/types/2009}Boolean</type>
        <sourceFieldName>isactive</sourceFieldName>
        <sourceFieldType>BIT</sourceFieldType>
        <fieldName>isactive</fieldName>
        <isRecordId>false</isRecordId>
        <isUnique>false</isUnique>
        <isCustomField>false</isCustomField>
        <customFieldExpr/>
        <customFieldDefaultValueStr>null</customFieldDefaultValueStr>
        <fieldCalculationType>NA</fieldCalculationType>
        <fieldTemplateType>NA</fieldTemplateType>
      </field>
      <field>
        <uuid>4dec718a-471b-407f-920b-4449345ce3a3</uuid>
        <type>{http://www.appian.com/ae/types/2009}Text</type>
        <sourceFieldName>createdby</sourceFieldName>
        <sourceFieldType>VARCHAR(255)</sourceFieldType>
        <fieldName>createdby</fieldName>
        <isRecordId>false</isRecordId>
        <isUnique>false</isUnique>
        <isCustomField>false</isCustomField>
        <customFieldExpr/>
        <customFieldDefaultValueStr>null</customFieldDefaultValueStr>
        <fieldCalculationType>NA</fieldCalculationType>
        <fieldTemplateType>NA</fieldTemplateType>
      </field>
      <field>
        <uuid>41405e11-5d0c-4f91-a14f-3f7e9dba130b</uuid>
        <type>{http://www.appian.com/ae/types/2009}Datetime</type>
        <sourceFieldName>createdon</sourceFieldName>
        <sourceFieldType>TIMESTAMP</sourceFieldType>
        <fieldName>createdon</fieldName>
        <isRecordId>false</isRecordId>
        <isUnique>false</isUnique>
        <isCustomField>false</isCustomField>
        <customFieldExpr/>
        <customFieldDefaultValueStr>null</customFieldDefaultValueStr>
        <fieldCalculationType>NA</fieldCalculationType>
        <fieldTemplateType>NA</fieldTemplateType>
      </field>
      <joinType>LEFT</joinType>
      <uuid>cd50b4ef-a78b-4666-a861-92b0278d0feb</uuid>
      <refreshSchedule>
        <frequency>DAILY</frequency>
        <value>{"hour":3,"minute":"00","amPM":"AM","timeZone":"IST","version":"v1"}</value>
        <activated>false</activated>
      </refreshSchedule>
      <skipFailureEnabled>true</skipFailureEnabled>
      <recordIdGeneratorUuid/>
    </a:sourceConfiguration>
    <a:enabledFeatures>63</a:enabledFeatures>
    <a:isVisibleInRecordTypeList>false</a:isVisibleInRecordTypeList>
    <a:recordActionLaunchType>DIALOG</a:recordActionLaunchType>
    <a:showSearchBox>true</a:showSearchBox>
  </recordType>
  <roleMap>
    <role name="record_type_administrator">
      <users/>
      <groups>
        <groupUuid>_e-0000eab3-f57a-8000-9b01-01075c01075c_3410</groupUuid>
      </groups>
    </role>
    <role name="record_type_viewer">
      <users/>
      <groups>
        <groupUuid>_e-0000eab3-f57a-8000-9b01-01075c01075c_3408</groupUuid>
      </groups>
    </role>
  </roleMap>
  <history>
    <historyInfo versionUuid="7617694f-a326-446a-b627-fad338d79b25"/>
  </history>
  <migrationVersion>1</migrationVersion>
</recordTypeHaul>
