<?xml version="1.0" encoding="UTF-8"?>
<recordTypeHaul xmlns:a="http://www.appian.com/ae/types/2009" xmlns:xsi="http://www.w3.org/2001/XMLSchema-instance">
  <versionUuid>2dc105f0-6848-4dc0-a0a3-538cac6a5599</versionUuid>
  <recordType a:uuid="f962a883-1c2a-430d-8c15-ade21c0db7b0" name="AIA Request Category">
    <a:pluralName>Request Categories</a:pluralName>
    <a:description/>
    <a:urlStub>Frm6sw</a:urlStub>
    <a:source xsi:type="a:RecordsReplica"/>
    <a:listViewTemplateExpr>#"SYSTEM_SYSRULES_recordGridField"(
  columns: {
    #"SYSTEM_SYSRULES_gridColumn"(
      label: "Id",
      sortField: #"urn:appian:record-field:v1:f962a883-1c2a-430d-8c15-ade21c0db7b0/d9fea322-da87-4501-ba19-97a87154d150",
      value: fv!row[#"urn:appian:record-field:v1:f962a883-1c2a-430d-8c15-ade21c0db7b0/d9fea322-da87-4501-ba19-97a87154d150"],
      align: "END"
    ),
    #"SYSTEM_SYSRULES_gridColumn"(
      label: "Value",
      sortField: #"urn:appian:record-field:v1:f962a883-1c2a-430d-8c15-ade21c0db7b0/3d1ac929-cfe3-4731-bb0c-5869e9f3a81e",
      value: #"SYSTEM_SYSRULES_linkField"(
        links: {
          #"SYSTEM_SYSRULES_recordLink"(
            label: fv!row[#"urn:appian:record-field:v1:f962a883-1c2a-430d-8c15-ade21c0db7b0/3d1ac929-cfe3-4731-bb0c-5869e9f3a81e"],
            recordType: #"urn:appian:record-type:v1:f962a883-1c2a-430d-8c15-ade21c0db7b0",
            identifier: fv!identifier
          )
        }
      )
    ),
    #"SYSTEM_SYSRULES_gridColumn"(
      label: "Icon",
      sortField: #"urn:appian:record-field:v1:f962a883-1c2a-430d-8c15-ade21c0db7b0/8e5e0785-d745-44ba-975a-6515b2d910d9",
      value: fv!row[#"urn:appian:record-field:v1:f962a883-1c2a-430d-8c15-ade21c0db7b0/8e5e0785-d745-44ba-975a-6515b2d910d9"]
    ),
    #"SYSTEM_SYSRULES_gridColumn"(
      label: "Is Active",
      sortField: #"urn:appian:record-field:v1:f962a883-1c2a-430d-8c15-ade21c0db7b0/37837e2b-a605-4ffa-b297-5b5ec51b8346",
      value: fv!row[#"urn:appian:record-field:v1:f962a883-1c2a-430d-8c15-ade21c0db7b0/37837e2b-a605-4ffa-b297-5b5ec51b8346"]
    ),
    #"SYSTEM_SYSRULES_gridColumn"(
      label: "Sort Order",
      sortField: #"urn:appian:record-field:v1:f962a883-1c2a-430d-8c15-ade21c0db7b0/a53a7bf2-c897-4ee8-a970-caaa28a55835",
      value: fv!row[#"urn:appian:record-field:v1:f962a883-1c2a-430d-8c15-ade21c0db7b0/a53a7bf2-c897-4ee8-a970-caaa28a55835"],
      align: "END"
    )
  },
  pageSize: 50,
  shadeAlternateRows: true
)</a:listViewTemplateExpr>
    <a:detailViewCfg>
      <a:nameExpr>#"SYSTEM_SYSRULES_rtd_getDefaultSummaryViewName"()</a:nameExpr>
      <a:uiExpr/>
      <a:visibilityExpr>=true()</a:visibilityExpr>
      <a:urlStub>summary</a:urlStub>
      <a:headerExpr/>
      <a:recordActionLaunchType>DIALOG</a:recordActionLaunchType>
      <a:recordUiSecurityType>EXPRESSION</a:recordUiSecurityType>
    </a:detailViewCfg>
    <a:isSystem>false</a:isSystem>
    <a:dataSrcExpr/>
    <a:facetsListExpr/>
    <a:titleExpr>rv!record[#"urn:appian:record-field:v1:f962a883-1c2a-430d-8c15-ade21c0db7b0/3d1ac929-cfe3-4731-bb0c-5869e9f3a81e"]</a:titleExpr>
    <a:defaultFiltersExpr/>
    <a:layoutType>GRID</a:layoutType>
    <a:security>16383</a:security>
    <a:hideLatestNews>false</a:hideLatestNews>
    <a:hideNewsView>false</a:hideNewsView>
    <a:hideRelatedActionsView>false</a:hideRelatedActionsView>
    <a:isExportable>true</a:isExportable>
    <a:listViewSrcExpr/>
    <a:recordViewSrcExpr/>
    <a:recordListActionCfg a:uuid="e42ebe13-8603-4632-b2b1-e5d338daf428">
      <a:staticTitle>New Request Category</a:staticTitle>
      <a:staticDescription>Action to create a new Request Category</a:staticDescription>
      <a:iconId>f067</a:iconId>
      <a:target a:uuid="69bd6ec7-4697-41d0-9d4d-9baba406fd61" xsi:type="a:ProcessModel"/>
      <a:visibilityExpr/>
      <a:referenceKey>newRequestCategory</a:referenceKey>
      <a:dialogSize>LARGE</a:dialogSize>
      <a:showInRecordList>true</a:showInRecordList>
      <a:recordUiSecurityType>GUIDED</a:recordUiSecurityType>
      <a:securityCfg>
        <a:membershipFilter>{"type":"MEMBERSHIP_ALL","config":{"#v":[],"#t":"Variant?list"},"#t":"RecordRowLevelSecurityMembershipFilter"}</a:membershipFilter>
        <a:dataFilter>{"type":"ALLOW_ALL","config":{"#v":[],"#t":"Variant?list"},"#t":"RecordRowLevelSecurityDataFilter"}</a:dataFilter>
      </a:securityCfg>
    </a:recordListActionCfg>
    <a:recordRelationshipCfg>
      <uuid>fde4c4d4-ac86-43dd-a5ea-09f17848d9c0</uuid>
      <relationshipName>request</relationshipName>
      <targetRecordTypeUuid>3e4325eb-73c5-4416-b649-eba17aedeea6</targetRecordTypeUuid>
      <relationshipType>ONE_TO_MANY</relationshipType>
      <relationshipData>{"sourceRecordTypeFieldUuid":"d9fea322-da87-4501-ba19-97a87154d150","targetRecordTypeFieldUuid":"037399b2-09d8-4c19-9e5f-64a837527d80","relationshipOperator":"1","joinTableSourceField":"","joinTableTargetField":""}</relationshipData>
      <updateBehavior>CASCADING</updateBehavior>
    </a:recordRelationshipCfg>
    <a:recordTypeSearchCfg>
      <searchFieldsSrc>DEFAULT</searchFieldsSrc>
      <placeholderSrc>DEFAULT</placeholderSrc>
      <placeholder/>
    </a:recordTypeSearchCfg>
    <a:iconId/>
    <a:listAutoRefreshInterval>0.0</a:listAutoRefreshInterval>
    <a:sourceConfiguration>
      <sourceUuid>AIA_REQUEST_CATEGORY@jdbc/Appian</sourceUuid>
      <sourceType>RDBMS_TABLE</sourceType>
      <friendlyName>AIA_REQUEST_CATEGORY</friendlyName>
      <sourceFilterExpr/>
      <field>
        <uuid>d9fea322-da87-4501-ba19-97a87154d150</uuid>
        <type>{http://www.appian.com/ae/types/2009}Integer</type>
        <sourceFieldName>ID</sourceFieldName>
        <sourceFieldType>INTEGER</sourceFieldType>
        <fieldName>id</fieldName>
        <isRecordId>true</isRecordId>
        <isUnique>true</isUnique>
        <isCustomField>false</isCustomField>
        <customFieldExpr/>
        <fieldCalculationType>NA</fieldCalculationType>
        <fieldTemplateType>NA</fieldTemplateType>
      </field>
      <field>
        <uuid>3d1ac929-cfe3-4731-bb0c-5869e9f3a81e</uuid>
        <type>{http://www.appian.com/ae/types/2009}Text</type>
        <sourceFieldName>VALUE</sourceFieldName>
        <sourceFieldType>VARCHAR(255)</sourceFieldType>
        <fieldName>value</fieldName>
        <isRecordId>false</isRecordId>
        <isUnique>false</isUnique>
        <isCustomField>false</isCustomField>
        <customFieldExpr/>
        <fieldCalculationType>NA</fieldCalculationType>
        <fieldTemplateType>NA</fieldTemplateType>
      </field>
      <field>
        <uuid>8e5e0785-d745-44ba-975a-6515b2d910d9</uuid>
        <type>{http://www.appian.com/ae/types/2009}Text</type>
        <sourceFieldName>ICON</sourceFieldName>
        <sourceFieldType>VARCHAR(255)</sourceFieldType>
        <fieldName>icon</fieldName>
        <isRecordId>false</isRecordId>
        <isUnique>false</isUnique>
        <isCustomField>false</isCustomField>
        <customFieldExpr/>
        <fieldCalculationType>NA</fieldCalculationType>
        <fieldTemplateType>NA</fieldTemplateType>
      </field>
      <field>
        <uuid>37837e2b-a605-4ffa-b297-5b5ec51b8346</uuid>
        <type>{http://www.appian.com/ae/types/2009}Boolean</type>
        <sourceFieldName>IS_ACTIVE</sourceFieldName>
        <sourceFieldType>BIT</sourceFieldType>
        <fieldName>isActive</fieldName>
        <isRecordId>false</isRecordId>
        <isUnique>false</isUnique>
        <isCustomField>false</isCustomField>
        <customFieldExpr/>
        <fieldCalculationType>NA</fieldCalculationType>
        <fieldTemplateType>NA</fieldTemplateType>
      </field>
      <field>
        <uuid>a53a7bf2-c897-4ee8-a970-caaa28a55835</uuid>
        <type>{http://www.appian.com/ae/types/2009}Integer</type>
        <sourceFieldName>SORT_ORDER</sourceFieldName>
        <sourceFieldType>INTEGER</sourceFieldType>
        <fieldName>sortOrder</fieldName>
        <isRecordId>false</isRecordId>
        <isUnique>false</isUnique>
        <isCustomField>false</isCustomField>
        <customFieldExpr/>
        <fieldCalculationType>NA</fieldCalculationType>
        <fieldTemplateType>NA</fieldTemplateType>
      </field>
      <joinType>LEFT</joinType>
      <uuid>ab39e27f-1b24-44b6-90b6-a6650ca969d3</uuid>
      <refreshSchedule>
        <frequency>DAILY</frequency>
        <value>{"hour":3,"minute":"00","amPM":"AM","timeZone":"IST","version":"v1"}</value>
        <activated>false</activated>
      </refreshSchedule>
      <skipFailureEnabled>true</skipFailureEnabled>
      <recordIdGeneratorUuid/>
    </a:sourceConfiguration>
    <a:enabledFeatures>63</a:enabledFeatures>
    <a:isVisibleInRecordTypeList>false</a:isVisibleInRecordTypeList>
    <a:recordActionLaunchType>DIALOG</a:recordActionLaunchType>
    <a:showSearchBox>true</a:showSearchBox>
  </recordType>
  <roleMap>
    <role name="record_type_administrator">
      <users/>
      <groups>
        <groupUuid>_e-0000eab3-f57a-8000-9b01-01075c01075c_3410</groupUuid>
      </groups>
    </role>
    <role name="record_type_viewer">
      <users/>
      <groups>
        <groupUuid>_e-0000eab3-f57a-8000-9b01-01075c01075c_3408</groupUuid>
      </groups>
    </role>
  </roleMap>
  <history>
    <historyInfo versionUuid="ff77893a-cc18-4bf2-9c73-c4845365607a"/>
    <historyInfo versionUuid="2dc105f0-6848-4dc0-a0a3-538cac6a5599"/>
  </history>
  <migrationVersion>1</migrationVersion>
</recordTypeHaul>
