<?xml version="1.0" encoding="UTF-8" standalone="yes"?>
<processModelFolderHaul xmlns:a="http://www.appian.com/ae/types/2009">
    <versionUuid>_g-0000eab3-f57a-8000-1347-7f0000014e7a_809</versionUuid>
    <processModelFolder>
        <name>AIA Process Models</name>
        <uuid>6dea2e0c-12af-4447-8ebf-057d7438b71b</uuid>
        <description>Process models folder for the Acme IT Application application</description>
    </processModelFolder>
    <roleMap>
        <role name="ADMIN_OWNER">
            <users/>
            <groups>
                <groupUuid>_e-0000eab3-f57a-8000-9b01-01075c01075c_3410</groupUuid>
            </groups>
        </role>
        <role name="EDITOR">
            <users/>
            <groups/>
        </role>
        <role name="EXPLICIT_NONMEMBER">
            <users/>
            <groups/>
        </role>
        <role name="VIEWER">
            <users/>
            <groups>
                <groupUuid>_e-0000eab3-f57a-8000-9b01-01075c01075c_3408</groupUuid>
            </groups>
        </role>
        <role name="MANAGER">
            <users/>
            <groups/>
        </role>
        <role name="INITIATOR">
            <users/>
            <groups/>
        </role>
    </roleMap>
    <history>
        <historyInfo versionUuid="b9066bc5-4192-4332-beeb-e48ac30b01f6"/>
        <historyInfo versionUuid="_g-0000eab3-f57a-8000-1347-7f0000014e7a_809"/>
    </history>
</processModelFolderHaul>
