<?xml version="1.0" encoding="UTF-8" standalone="yes"?>
<applicationHaul xmlns:a="http://www.appian.com/ae/types/2009">
    <versionUuid>_a-0000eab3-f57a-8000-9bb4-011c48011c48_133424</versionUuid>
    <application>
        <name>Roshan Automobile Application</name>
        <uuid>_a-0000ea32-688e-8000-9bb1-011c48011c48_111394</uuid>
        <description>Automobile Application</description>
        <parentUuid>SYSTEM_APPLICATIONS_ROOT</parentUuid>
        <visibility>
            <advertise>false</advertise>
            <hierarchy>true</hierarchy>
            <indexable>true</indexable>
            <quota>false</quota>
            <searchable>true</searchable>
            <system>false</system>
            <unlogged>false</unlogged>
        </visibility>
        <urlIdentifier>MMvBDA</urlIdentifier>
        <published>false</published>
        <public>false</public>
        <prefix>RDAA</prefix>
        <associatedObjects>
            <globalIdMap>
                <item>
                    <type>datatype</type>
                    <uuids>
                        <uuid>{urn:com:appian:types:RDAA}RDAA_Vehicle</uuid>
                        <uuid>{urn:com:appian:types:RDAA}RDAA_B2C_Vehicle</uuid>
                        <uuid>{urn:com:appian:types:RDAA}RDAA_Student</uuid>
                        <uuid>{urn:com:appian:types:RDAA}RDAA_AA_MAINTENANCE</uuid>
                    </uuids>
                </item>
                <item>
                    <type>dataStore</type>
                    <uuids>
                        <uuid>_a-0000ea57-d5bf-8000-9bb3-011c48011c48_118103</uuid>
                    </uuids>
                </item>
                <item>
                    <type>user</type>
                    <uuids/>
                </item>
                <item>
                    <type>groupType</type>
                    <uuids/>
                </item>
                <item>
                    <type>group</type>
                    <uuids>
                        <uuid>_e-0000ea32-688e-8000-9afe-01075c01075c_2835</uuid>
                        <uuid>_e-0000ea32-688e-8000-9afe-01075c01075c_2837</uuid>
                        <uuid>_e-0000ea32-688e-8000-9afe-01075c01075c_2861</uuid>
                        <uuid>_e-0000ea32-688e-8000-9afe-01075c01075c_2864</uuid>
                        <uuid>_e-0000ea32-688e-8000-9afe-01075c01075c_2866</uuid>
                        <uuid>_e-0000ea32-688e-8000-9afe-01075c01075c_2825</uuid>
                        <uuid>2e5699bd-29da-4d53-9b49-95e55b01b988</uuid>
                    </uuids>
                </item>
                <item>
                    <type>content</type>
                    <uuids>
                        <uuid>_a-0000ea32-688e-8000-9bb1-011c48011c48_112472</uuid>
                        <uuid>_a-0000ea32-688e-8000-9bb1-011c48011c48_112479</uuid>
                        <uuid>_a-0000ea32-688e-8000-9bb1-011c48011c48_112487</uuid>
                        <uuid>_a-0000ea32-688e-8000-9bb1-011c48011c48_112493</uuid>
                        <uuid>_a-0000ea32-688e-8000-9bb1-011c48011c48_112499</uuid>
                        <uuid>_a-0000ea32-688e-8000-9bb1-011c48011c48_112780</uuid>
                        <uuid>_a-0000ea32-688e-8000-9bb1-011c48011c48_112798</uuid>
                        <uuid>_a-0000ea32-688e-8000-9bb1-011c48011c48_112804</uuid>
                        <uuid>_a-0000ea32-688e-8000-9bb1-011c48011c48_112898</uuid>
                        <uuid>_a-0000ea32-688e-8000-9bb1-011c48011c48_112910</uuid>
                        <uuid>_a-0000ea32-688e-8000-9bb1-011c48011c48_112929</uuid>
                        <uuid>_a-0000ea57-d5bf-8000-9bb3-011c48011c48_113010</uuid>
                        <uuid>_a-0000ea57-d5bf-8000-9bb3-011c48011c48_113022</uuid>
                        <uuid>_a-0000ea57-d5bf-8000-9bb3-011c48011c48_113034</uuid>
                        <uuid>_a-0000ea57-d5bf-8000-9bb3-011c48011c48_113046</uuid>
                        <uuid>_a-0000ea57-d5bf-8000-9bb3-011c48011c48_113110</uuid>
                        <uuid>_a-0000ea57-d5bf-8000-9bb3-011c48011c48_113129</uuid>
                        <uuid>_a-0000ea57-d5bf-8000-9bb3-011c48011c48_113151</uuid>
                        <uuid>_a-0000ea57-d5bf-8000-9bb3-011c48011c48_113157</uuid>
                        <uuid>_a-0000ea57-d5bf-8000-9bb3-011c48011c48_113163</uuid>
                        <uuid>_a-0000ea57-d5bf-8000-9bb3-011c48011c48_113295</uuid>
                        <uuid>_a-0000ea57-d5bf-8000-9bb3-011c48011c48_113307</uuid>
                        <uuid>_a-0000ea57-d5bf-8000-9bb3-011c48011c48_113313</uuid>
                        <uuid>_a-0000ea57-d5bf-8000-9bb3-011c48011c48_113319</uuid>
                        <uuid>_a-0000ea57-d5bf-8000-9bb3-011c48011c48_113325</uuid>
                        <uuid>_a-0000ea57-d5bf-8000-9bb3-011c48011c48_113331</uuid>
                        <uuid>_a-0000ea57-d5bf-8000-9bb3-011c48011c48_113343</uuid>
                        <uuid>_a-0000ea57-d5bf-8000-9bb3-011c48011c48_113349</uuid>
                        <uuid>_a-0000ea57-d5bf-8000-9bb3-011c48011c48_113355</uuid>
                        <uuid>_a-0000ea57-d5bf-8000-9bb3-011c48011c48_113459</uuid>
                        <uuid>87903e34-93f0-47f5-8bc9-94178aa3be56</uuid>
                        <uuid>13ee7a14-014d-4b20-a936-63a14e3ed693</uuid>
                        <uuid>_a-0000ea57-d5bf-8000-9bb3-011c48011c48_114311</uuid>
                        <uuid>7fcdbdf7-f1a2-4049-8b47-2a8e6d7ee56f</uuid>
                        <uuid>_a-0000ea57-d5bf-8000-9bb3-011c48011c48_118110</uuid>
                        <uuid>_a-0000ea57-d5bf-8000-9bb3-011c48011c48_118125</uuid>
                        <uuid>_a-0000ea57-d5bf-8000-9bb3-011c48011c48_118195</uuid>
                        <uuid>_a-0000ea57-d5bf-8000-9bb3-011c48011c48_121222</uuid>
                        <uuid>_a-0000ea57-d5bf-8000-9bb3-011c48011c48_121251</uuid>
                        <uuid>_a-0000ea57-d5bf-8000-9bb3-011c48011c48_121282</uuid>
                        <uuid>_a-0000ea57-d5bf-8000-9bb3-011c48011c48_124102</uuid>
                        <uuid>_a-0000ea57-d5bf-8000-9bb3-011c48011c48_124108</uuid>
                        <uuid>_a-0000ea57-d5bf-8000-9bb3-011c48011c48_124150</uuid>
                        <uuid>_a-0000ea57-d5bf-8000-9bb3-011c48011c48_124752</uuid>
                        <uuid>_a-0000ea57-d5bf-8000-9bb3-011c48011c48_124764</uuid>
                        <uuid>_a-0000ea57-d5bf-8000-9bb3-011c48011c48_124784</uuid>
                        <uuid>_a-0000ea57-d5bf-8000-9bb3-011c48011c48_124866</uuid>
                        <uuid>_a-0000ea57-d5bf-8000-9bb3-011c48011c48_125134</uuid>
                        <uuid>_a-0000ea57-d5bf-8000-9bb3-011c48011c48_125228</uuid>
                        <uuid>_a-0000ea57-d5bf-8000-9bb3-011c48011c48_125234</uuid>
                        <uuid>_a-0000ea57-d5bf-8000-9bb3-011c48011c48_125275</uuid>
                        <uuid>_a-0000ea57-d5bf-8000-9bb3-011c48011c48_128069</uuid>
                        <uuid>_a-0000ea57-d5bf-8000-9bb3-011c48011c48_128075</uuid>
                        <uuid>_a-0000ea57-d5bf-8000-9bb3-011c48011c48_128168</uuid>
                        <uuid>_a-0000ea57-d5bf-8000-9bb3-011c48011c48_128207</uuid>
                        <uuid>_a-0000ea57-d5bf-8000-9bb3-011c48011c48_128253</uuid>
                        <uuid>_a-0000ea57-d5bf-8000-9bb3-011c48011c48_128415</uuid>
                        <uuid>_a-0000ea57-d5bf-8000-9bb3-011c48011c48_128427</uuid>
                        <uuid>_a-0000ea57-d5bf-8000-9bb3-011c48011c48_128439</uuid>
                        <uuid>_a-0000eab3-f57a-8000-9bb4-011c48011c48_132581</uuid>
                        <uuid>_a-0000eab3-f57a-8000-9bb4-011c48011c48_132811</uuid>
                        <uuid>_a-0000eab3-f57a-8000-9bb4-011c48011c48_132823</uuid>
                        <uuid>_a-0000eab3-f57a-8000-9bb4-011c48011c48_132859</uuid>
                        <uuid>_a-0000eab3-f57a-8000-9bb4-011c48011c48_132865</uuid>
                        <uuid>_a-0000eab3-f57a-8000-9bb4-011c48011c48_133161</uuid>
                        <uuid>_a-0000eab3-f57a-8000-9bb4-011c48011c48_133250</uuid>
                        <uuid>_a-0000eab3-f57a-8000-9bb4-011c48011c48_133256</uuid>
                        <uuid>_a-0000eab3-f57a-8000-9bb4-011c48011c48_133288</uuid>
                        <uuid>_a-0000eab3-f57a-8000-9bb4-011c48011c48_133294</uuid>
                    </uuids>
                </item>
                <item>
                    <type>forum</type>
                    <uuids/>
                </item>
                <item>
                    <type>processModelFolder</type>
                    <uuids>
                        <uuid>_g-0000ea32-688e-8000-0d67-7f0000014e7a_665</uuid>
                    </uuids>
                </item>
                <item>
                    <type>processModel</type>
                    <uuids>
                        <uuid>0002ea92-aaef-8000-11db-7f0000014e7a</uuid>
                        <uuid>0002ea9a-904f-8000-1207-7f0000014e7a</uuid>
                        <uuid>0002ea9b-e82d-8000-1212-7f0000014e7a</uuid>
                        <uuid>0002ea9e-e006-8000-122a-7f0000014e7a</uuid>
                        <uuid>0002eab6-9c9f-8000-13b6-7f0000014e7a</uuid>
                    </uuids>
                </item>
                <item>
                    <type>portlet</type>
                    <uuids/>
                </item>
                <item>
                    <type>page</type>
                    <uuids/>
                </item>
                <item>
                    <type>application</type>
                    <uuids/>
                </item>
                <item>
                    <type>tempoFeed</type>
                    <uuids/>
                </item>
                <item>
                    <type>recordType</type>
                    <uuids>
                        <uuid>adc51301-a486-48d0-8ed6-932118db7c24</uuid>
                        <uuid>51427fd6-eb7a-4dc3-b19f-c8c3ed413f99</uuid>
                        <uuid>9e64ffdc-8532-4e61-b109-fa290a4b523f</uuid>
                        <uuid>1b53bfe0-3c18-4684-9fb6-4b577eab24e6</uuid>
                        <uuid>ac865245-d5a8-4267-8c7a-d982d5d7daf5</uuid>
                        <uuid>b64ba121-ba99-4632-8466-d47807e0b5d6</uuid>
                    </uuids>
                </item>
                <item>
                    <type>recordField</type>
                    <uuids/>
                </item>
                <item>
                    <type>recordRelationship</type>
                    <uuids/>
                </item>
                <item>
                    <type>tempoReport</type>
                    <uuids>
                        <uuid>351155d0-63e2-41e5-8ee1-7a187b770f7a</uuid>
                    </uuids>
                </item>
                <item>
                    <type>taskReport</type>
                    <uuids>
                        <uuid>00cd3f5b-a40c-4651-9793-8ab3980c33f7</uuid>
                    </uuids>
                </item>
                <item>
                    <type>webApi</type>
                    <uuids/>
                </item>
                <item>
                    <type>site</type>
                    <uuids>
                        <uuid>4367f77a-bfa9-4882-8cbe-f2ba33e46de8</uuid>
                    </uuids>
                </item>
                <item>
                    <type>adminSetting</type>
                    <uuids/>
                </item>
                <item>
                    <type>thirdPartyCredentials</type>
                    <uuids/>
                </item>
                <item>
                    <type>dataSource</type>
                    <uuids/>
                </item>
                <item>
                    <type>embeddedSailTheme</type>
                    <uuids/>
                </item>
                <item>
                    <type>connectedSystem</type>
                    <uuids/>
                </item>
                <item>
                    <type>pluginInfo</type>
                    <uuids/>
                </item>
                <item>
                    <type>featureFlag</type>
                    <uuids/>
                </item>
                <item>
                    <type>designObjectReferenceImplementation</type>
                    <uuids/>
                </item>
                <item>
                    <type>aiSkill</type>
                    <uuids/>
                </item>
                <item>
                    <type>roboticTaskDesignObject</type>
                    <uuids/>
                </item>
                <item>
                    <type>robotPoolDesignObject</type>
                    <uuids/>
                </item>
                <item>
                    <type>portal</type>
                    <uuids/>
                </item>
                <item>
                    <type>translationSetDesignObject</type>
                    <uuids/>
                </item>
            </globalIdMap>
        </associatedObjects>
        <applicationNavigation/>
        <applicationActions/>
        <associatedApplications>
            <globalIdMap>
                <item>
                    <type>datatype</type>
                    <uuids/>
                </item>
                <item>
                    <type>dataStore</type>
                    <uuids/>
                </item>
                <item>
                    <type>user</type>
                    <uuids/>
                </item>
                <item>
                    <type>groupType</type>
                    <uuids/>
                </item>
                <item>
                    <type>group</type>
                    <uuids/>
                </item>
                <item>
                    <type>content</type>
                    <uuids/>
                </item>
                <item>
                    <type>forum</type>
                    <uuids/>
                </item>
                <item>
                    <type>processModelFolder</type>
                    <uuids/>
                </item>
                <item>
                    <type>processModel</type>
                    <uuids/>
                </item>
                <item>
                    <type>portlet</type>
                    <uuids/>
                </item>
                <item>
                    <type>page</type>
                    <uuids/>
                </item>
                <item>
                    <type>application</type>
                    <uuids/>
                </item>
                <item>
                    <type>tempoFeed</type>
                    <uuids/>
                </item>
                <item>
                    <type>recordType</type>
                    <uuids/>
                </item>
                <item>
                    <type>recordField</type>
                    <uuids/>
                </item>
                <item>
                    <type>recordRelationship</type>
                    <uuids/>
                </item>
                <item>
                    <type>tempoReport</type>
                    <uuids/>
                </item>
                <item>
                    <type>taskReport</type>
                    <uuids/>
                </item>
                <item>
                    <type>webApi</type>
                    <uuids/>
                </item>
                <item>
                    <type>site</type>
                    <uuids/>
                </item>
                <item>
                    <type>adminSetting</type>
                    <uuids/>
                </item>
                <item>
                    <type>thirdPartyCredentials</type>
                    <uuids/>
                </item>
                <item>
                    <type>dataSource</type>
                    <uuids/>
                </item>
                <item>
                    <type>embeddedSailTheme</type>
                    <uuids/>
                </item>
                <item>
                    <type>connectedSystem</type>
                    <uuids/>
                </item>
                <item>
                    <type>pluginInfo</type>
                    <uuids/>
                </item>
                <item>
                    <type>featureFlag</type>
                    <uuids/>
                </item>
                <item>
                    <type>designObjectReferenceImplementation</type>
                    <uuids/>
                </item>
                <item>
                    <type>aiSkill</type>
                    <uuids/>
                </item>
                <item>
                    <type>roboticTaskDesignObject</type>
                    <uuids/>
                </item>
                <item>
                    <type>robotPoolDesignObject</type>
                    <uuids/>
                </item>
                <item>
                    <type>portal</type>
                    <uuids/>
                </item>
                <item>
                    <type>translationSetDesignObject</type>
                    <uuids/>
                </item>
            </globalIdMap>
        </associatedApplications>
    </application>
    <roleMap>
        <contentRoleMap public="true">
            <role inherit="false" allowForAll="false" name="readers">
                <users/>
                <groups>
                    <groupUuid>_e-0000ea32-688e-8000-9afe-01075c01075c_2835</groupUuid>
                </groups>
            </role>
            <role inherit="false" allowForAll="false" name="authors">
                <users/>
                <groups/>
            </role>
            <role inherit="false" allowForAll="false" name="administrators">
                <users/>
                <groups>
                    <groupUuid>_e-0000ea32-688e-8000-9afe-01075c01075c_2837</groupUuid>
                </groups>
            </role>
            <role inherit="false" allowForAll="false" name="denyReaders">
                <users/>
                <groups/>
            </role>
            <role inherit="false" allowForAll="false" name="denyAuthors">
                <users/>
                <groups/>
            </role>
            <role inherit="false" allowForAll="false" name="denyAdministrators">
                <users/>
                <groups/>
            </role>
        </contentRoleMap>
    </roleMap>
    <defaultApplicationObjects/>
    <applicationDocumentation/>
    <history>
        <historyInfo versionUuid="_a-0000eab3-f57a-8000-9bb4-011c48011c48_133424"/>
    </history>
    <postDeploymentProcessData/>
</applicationHaul>
