<?xml version="1.0" encoding="UTF-8" standalone="yes"?>
<applicationHaul xmlns:a="http://www.appian.com/ae/types/2009">
    <versionUuid>_a-0000eac6-85bc-8000-9bb6-011c48011c48_177540</versionUuid>
    <application>
        <name>Acme IT Application</name>
        <uuid>_a-0000eab3-f57a-8000-9bb4-011c48011c48_133563</uuid>
        <description>An Application for Acme IT Management</description>
        <parentUuid>SYSTEM_APPLICATIONS_ROOT</parentUuid>
        <visibility>
            <advertise>false</advertise>
            <hierarchy>true</hierarchy>
            <indexable>true</indexable>
            <quota>false</quota>
            <searchable>true</searchable>
            <system>false</system>
            <unlogged>false</unlogged>
        </visibility>
        <urlIdentifier>3DXh9g</urlIdentifier>
        <published>false</published>
        <public>false</public>
        <prefix>AIA</prefix>
        <associatedObjects>
            <globalIdMap>
                <item>
                    <type>datatype</type>
                    <uuids>
                        <uuid>{urn:com:appian:types:AIA}AIA_Asset</uuid>
                    </uuids>
                </item>
                <item>
                    <type>dataStore</type>
                    <uuids>
                        <uuid>_a-0000eab3-f57a-8000-9bb4-011c48011c48_133579</uuid>
                    </uuids>
                </item>
                <item>
                    <type>user</type>
                    <uuids/>
                </item>
                <item>
                    <type>groupType</type>
                    <uuids/>
                </item>
                <item>
                    <type>group</type>
                    <uuids>
                        <uuid>_e-0000eab3-f57a-8000-9b01-01075c01075c_3408</uuid>
                        <uuid>_e-0000eab3-f57a-8000-9b01-01075c01075c_3410</uuid>
                        <uuid>_e-0000eab3-f57a-8000-9b01-01075c01075c_3412</uuid>
                        <uuid>_e-0000eab3-f57a-8000-9b01-01075c01075c_3414</uuid>
                        <uuid>_e-0000eab3-f57a-8000-9b01-01075c01075c_3416</uuid>
                        <uuid>_e-0000eab3-f57a-8000-9b01-01075c01075c_3418</uuid>
                    </uuids>
                </item>
                <item>
                    <type>content</type>
                    <uuids>
                        <uuid>281348e4-9a9a-4870-8f9e-bc467897dc51</uuid>
                        <uuid>9bdfdcf2-5583-4ee5-a45c-567685483ac4</uuid>
                        <uuid>_a-0000eab3-f57a-8000-9bb4-011c48011c48_133654</uuid>
                        <uuid>_a-0000eab3-f57a-8000-9bb4-011c48011c48_133664</uuid>
                        <uuid>_a-0000eab3-f57a-8000-9bb4-011c48011c48_133670</uuid>
                        <uuid>_a-0000eab3-f57a-8000-9bb4-011c48011c48_133770</uuid>
                        <uuid>_a-0000eab3-f57a-8000-9bb4-011c48011c48_133776</uuid>
                        <uuid>_a-0000eab3-f57a-8000-9bb4-011c48011c48_133846</uuid>
                        <uuid>_a-0000eab3-f57a-8000-9bb4-011c48011c48_133852</uuid>
                        <uuid>_a-0000eab3-f57a-8000-9bb4-011c48011c48_133864</uuid>
                        <uuid>_a-0000eab3-f57a-8000-9bb4-011c48011c48_133928</uuid>
                        <uuid>_a-0000eab3-f57a-8000-9bb4-011c48011c48_133936</uuid>
                        <uuid>_a-0000eab3-f57a-8000-9bb4-011c48011c48_133970</uuid>
                        <uuid>_a-0000eab3-f57a-8000-9bb4-011c48011c48_134162</uuid>
                        <uuid>_a-0000eab3-f57a-8000-9bb4-011c48011c48_134192</uuid>
                        <uuid>_a-0000eab3-f57a-8000-9bb4-011c48011c48_134199</uuid>
                        <uuid>_a-0000eab3-f57a-8000-9bb4-011c48011c48_134211</uuid>
                        <uuid>_a-0000eab3-f57a-8000-9bb4-011c48011c48_134217</uuid>
                        <uuid>_a-0000eab3-f57a-8000-9bb4-011c48011c48_134229</uuid>
                        <uuid>_a-0000eab3-f57a-8000-9bb4-011c48011c48_134235</uuid>
                        <uuid>_a-0000eab3-f57a-8000-9bb4-011c48011c48_135464</uuid>
                        <uuid>_a-0000eab3-f57a-8000-9bb4-011c48011c48_135856</uuid>
                        <uuid>_a-0000eab3-f57a-8000-9bb4-011c48011c48_136423</uuid>
                        <uuid>_a-0000eab3-f57a-8000-9bb4-011c48011c48_136485</uuid>
                        <uuid>_a-0000eab3-f57a-8000-9bb4-011c48011c48_137647</uuid>
                        <uuid>97c5318f-3d18-4add-9af2-4c071ce24f1c</uuid>
                        <uuid>_a-0000eab3-f57a-8000-9bb4-011c48011c48_137686</uuid>
                        <uuid>_a-0000eab3-f57a-8000-9bb4-011c48011c48_137705</uuid>
                        <uuid>e3f9c205-0795-4dca-aad7-6dcc14e10223</uuid>
                        <uuid>_a-0000eab3-f57a-8000-9bb4-011c48011c48_137768</uuid>
                        <uuid>_a-0000eab3-f57a-8000-9bb4-011c48011c48_138186</uuid>
                        <uuid>802b3d81-9abe-44d8-8123-f328604b4864</uuid>
                        <uuid>_a-0000eab3-f57a-8000-9bb4-011c48011c48_140678</uuid>
                        <uuid>44258e1d-9ce0-4323-9207-3a948674c544</uuid>
                        <uuid>_a-0000eab3-f57a-8000-9bb4-011c48011c48_140996</uuid>
                        <uuid>_a-0000eab3-f57a-8000-9bb4-011c48011c48_141397</uuid>
                        <uuid>_a-0000eab3-f57a-8000-9bb4-011c48011c48_141740</uuid>
                        <uuid>_a-0000eac6-85bc-8000-9bb6-011c48011c48_168340</uuid>
                        <uuid>_a-0000eac6-85bc-8000-9bb6-011c48011c48_169169</uuid>
                        <uuid>_a-0000eac6-85bc-8000-9bb6-011c48011c48_169483</uuid>
                        <uuid>_a-0000eac6-85bc-8000-9bb6-011c48011c48_169554</uuid>
                        <uuid>_a-0000eac6-85bc-8000-9bb6-011c48011c48_169622</uuid>
                        <uuid>_a-0000eac6-85bc-8000-9bb6-011c48011c48_169801</uuid>
                        <uuid>_a-0000eac6-85bc-8000-9bb6-011c48011c48_169813</uuid>
                        <uuid>_a-0000eac6-85bc-8000-9bb6-011c48011c48_170172</uuid>
                        <uuid>_a-0000eac6-85bc-8000-9bb6-011c48011c48_170178</uuid>
                        <uuid>_a-0000eac6-85bc-8000-9bb6-011c48011c48_177515</uuid>
                        <uuid>_a-0000eac6-85bc-8000-9bb6-011c48011c48_177528</uuid>
                    </uuids>
                </item>
                <item>
                    <type>forum</type>
                    <uuids/>
                </item>
                <item>
                    <type>processModelFolder</type>
                    <uuids>
                        <uuid>6dea2e0c-12af-4447-8ebf-057d7438b71b</uuid>
                    </uuids>
                </item>
                <item>
                    <type>processModel</type>
                    <uuids>
                        <uuid>343186be-bec7-4559-968f-46c9b71ab88a</uuid>
                        <uuid>0002eab8-446a-8000-1414-7f0000014e7a</uuid>
                        <uuid>0004eab8-4949-8000-1417-7f0000014e7a</uuid>
                        <uuid>0004eaba-b5ac-8000-1426-7f0000014e7a</uuid>
                        <uuid>0002eabb-cfbf-8000-1449-7f0000014e7a</uuid>
                        <uuid>69bd6ec7-4697-41d0-9d4d-9baba406fd61</uuid>
                        <uuid>3f4819d7-cb7d-4301-a07b-40cf0dfeb446</uuid>
                        <uuid>0002eabe-375d-8000-1476-7f0000014e7a</uuid>
                        <uuid>64728182-159a-449d-8d36-2a1d09a4466d</uuid>
                    </uuids>
                </item>
                <item>
                    <type>portlet</type>
                    <uuids/>
                </item>
                <item>
                    <type>page</type>
                    <uuids/>
                </item>
                <item>
                    <type>application</type>
                    <uuids/>
                </item>
                <item>
                    <type>tempoFeed</type>
                    <uuids/>
                </item>
                <item>
                    <type>recordType</type>
                    <uuids>
                        <uuid>c7c1accb-c59c-45e7-9b38-59d598c6a3de</uuid>
                        <uuid>70635a44-0cba-45de-970e-aef5f08f5e46</uuid>
                        <uuid>3e4325eb-73c5-4416-b649-eba17aedeea6</uuid>
                        <uuid>b931dede-8077-4735-89f7-048c9fbaf03f</uuid>
                        <uuid>f962a883-1c2a-430d-8c15-ade21c0db7b0</uuid>
                        <uuid>8b780b12-bfe5-4faf-bf63-0404a8f1c6bd</uuid>
                    </uuids>
                </item>
                <item>
                    <type>recordField</type>
                    <uuids/>
                </item>
                <item>
                    <type>recordRelationship</type>
                    <uuids/>
                </item>
                <item>
                    <type>tempoReport</type>
                    <uuids>
                        <uuid>185df842-4b75-4fd8-8cb8-edefdd03b55a</uuid>
                    </uuids>
                </item>
                <item>
                    <type>taskReport</type>
                    <uuids/>
                </item>
                <item>
                    <type>webApi</type>
                    <uuids/>
                </item>
                <item>
                    <type>site</type>
                    <uuids>
                        <uuid>7a42842b-a827-491c-b121-de0585589cb0</uuid>
                    </uuids>
                </item>
                <item>
                    <type>adminSetting</type>
                    <uuids/>
                </item>
                <item>
                    <type>thirdPartyCredentials</type>
                    <uuids/>
                </item>
                <item>
                    <type>dataSource</type>
                    <uuids/>
                </item>
                <item>
                    <type>embeddedSailTheme</type>
                    <uuids/>
                </item>
                <item>
                    <type>connectedSystem</type>
                    <uuids/>
                </item>
                <item>
                    <type>pluginInfo</type>
                    <uuids/>
                </item>
                <item>
                    <type>featureFlag</type>
                    <uuids/>
                </item>
                <item>
                    <type>designObjectReferenceImplementation</type>
                    <uuids/>
                </item>
                <item>
                    <type>aiSkill</type>
                    <uuids/>
                </item>
                <item>
                    <type>roboticTaskDesignObject</type>
                    <uuids/>
                </item>
                <item>
                    <type>robotPoolDesignObject</type>
                    <uuids/>
                </item>
                <item>
                    <type>portal</type>
                    <uuids/>
                </item>
                <item>
                    <type>translationSet</type>
                    <uuids/>
                </item>
            </globalIdMap>
        </associatedObjects>
        <applicationNavigation/>
        <applicationActions/>
        <associatedApplications>
            <globalIdMap>
                <item>
                    <type>datatype</type>
                    <uuids/>
                </item>
                <item>
                    <type>dataStore</type>
                    <uuids/>
                </item>
                <item>
                    <type>user</type>
                    <uuids/>
                </item>
                <item>
                    <type>groupType</type>
                    <uuids/>
                </item>
                <item>
                    <type>group</type>
                    <uuids/>
                </item>
                <item>
                    <type>content</type>
                    <uuids/>
                </item>
                <item>
                    <type>forum</type>
                    <uuids/>
                </item>
                <item>
                    <type>processModelFolder</type>
                    <uuids/>
                </item>
                <item>
                    <type>processModel</type>
                    <uuids/>
                </item>
                <item>
                    <type>portlet</type>
                    <uuids/>
                </item>
                <item>
                    <type>page</type>
                    <uuids/>
                </item>
                <item>
                    <type>application</type>
                    <uuids/>
                </item>
                <item>
                    <type>tempoFeed</type>
                    <uuids/>
                </item>
                <item>
                    <type>recordType</type>
                    <uuids/>
                </item>
                <item>
                    <type>recordField</type>
                    <uuids/>
                </item>
                <item>
                    <type>recordRelationship</type>
                    <uuids/>
                </item>
                <item>
                    <type>tempoReport</type>
                    <uuids/>
                </item>
                <item>
                    <type>taskReport</type>
                    <uuids/>
                </item>
                <item>
                    <type>webApi</type>
                    <uuids/>
                </item>
                <item>
                    <type>site</type>
                    <uuids/>
                </item>
                <item>
                    <type>adminSetting</type>
                    <uuids/>
                </item>
                <item>
                    <type>thirdPartyCredentials</type>
                    <uuids/>
                </item>
                <item>
                    <type>dataSource</type>
                    <uuids/>
                </item>
                <item>
                    <type>embeddedSailTheme</type>
                    <uuids/>
                </item>
                <item>
                    <type>connectedSystem</type>
                    <uuids/>
                </item>
                <item>
                    <type>pluginInfo</type>
                    <uuids/>
                </item>
                <item>
                    <type>featureFlag</type>
                    <uuids/>
                </item>
                <item>
                    <type>designObjectReferenceImplementation</type>
                    <uuids/>
                </item>
                <item>
                    <type>aiSkill</type>
                    <uuids/>
                </item>
                <item>
                    <type>roboticTaskDesignObject</type>
                    <uuids/>
                </item>
                <item>
                    <type>robotPoolDesignObject</type>
                    <uuids/>
                </item>
                <item>
                    <type>portal</type>
                    <uuids/>
                </item>
                <item>
                    <type>translationSet</type>
                    <uuids/>
                </item>
            </globalIdMap>
        </associatedApplications>
    </application>
    <roleMap>
        <contentRoleMap public="true">
            <role inherit="false" allowForAll="false" name="readers">
                <users/>
                <groups>
                    <groupUuid>_e-0000eab3-f57a-8000-9b01-01075c01075c_3408</groupUuid>
                </groups>
            </role>
            <role inherit="false" allowForAll="false" name="authors">
                <users/>
                <groups/>
            </role>
            <role inherit="false" allowForAll="false" name="administrators">
                <users/>
                <groups>
                    <groupUuid>_e-0000eab3-f57a-8000-9b01-01075c01075c_3410</groupUuid>
                </groups>
            </role>
            <role inherit="false" allowForAll="false" name="denyReaders">
                <users/>
                <groups/>
            </role>
            <role inherit="false" allowForAll="false" name="denyAuthors">
                <users/>
                <groups/>
            </role>
            <role inherit="false" allowForAll="false" name="denyAdministrators">
                <users/>
                <groups/>
            </role>
        </contentRoleMap>
    </roleMap>
    <defaultApplicationObjects/>
    <applicationDocumentation/>
    <history>
        <historyInfo versionUuid="_a-0000eac6-85bc-8000-9bb6-011c48011c48_177540"/>
    </history>
    <postDeploymentProcessData/>
</applicationHaul>
