<?xml version="1.0" encoding="UTF-8"?>
<siteHaul xmlns:a="http://www.appian.com/ae/types/2009" xmlns:xsi="http://www.w3.org/2001/XMLSchema-instance">
  <versionUuid>c9fd2ff4-2b6c-4613-82fe-0fbeb47cc515</versionUuid>
  <site a:uuid="4367f77a-bfa9-4882-8cbe-f2ba33e46de8" name="RDAA Vehicles">
    <description/>
    <urlStub>rdaa-vehicles</urlStub>
    <page a:uuid="eb66b0d9-7100-400b-b3cd-29436bc85753">
      <staticName>My Tasks</staticName>
      <description/>
      <urlStub>my-tasks</urlStub>
      <uiObject a:uuid="00cd3f5b-a40c-4651-9793-8ab3980c33f7" xsi:type="a:TaskReport"/>
      <iconId>f0ae</iconId>
      <visibilityExpr>fn!true()</visibilityExpr>
      <pageWidth>WIDE</pageWidth>
    </page>
    <page a:uuid="34c84d84-8364-4224-9cfb-bf67363aea3e">
      <staticName>Vehicles</staticName>
      <description/>
      <urlStub>vehicles</urlStub>
      <uiObject a:uuid="adc51301-a486-48d0-8ed6-932118db7c24" xsi:type="a:RecordType"/>
      <iconId>f1b9</iconId>
      <visibilityExpr>fn!true()</visibilityExpr>
      <pageWidth>WIDE</pageWidth>
    </page>
    <page a:uuid="21c89066-c630-48f9-8602-726797047dfa">
      <staticName>Maintenance</staticName>
      <description/>
      <urlStub>maintenance</urlStub>
      <uiObject a:uuid="51427fd6-eb7a-4dc3-b19f-c8c3ed413f99" xsi:type="a:RecordType"/>
      <iconId>f510</iconId>
      <visibilityExpr>#"urn:appian:function:v1:a:isusermemberofgroup?okey=a!isUserMemberOfGroup"(
  loggedInUser(),
  {
    #"_a-0000ea57-d5bf-8000-9bb3-011c48011c48_113331",
    #"_a-0000ea57-d5bf-8000-9bb3-011c48011c48_113319",
  }
)</visibilityExpr>
      <pageWidth>WIDE</pageWidth>
    </page>
    <page a:uuid="150560cf-531d-4af3-8d04-184553f36e03">
      <staticName>Fleet Report</staticName>
      <description/>
      <urlStub>report</urlStub>
      <uiObject a:uuid="_a-0000ea57-d5bf-8000-9bb3-011c48011c48_128253" xsi:type="a:ContentFreeformRule"/>
      <iconId>f201</iconId>
      <visibilityExpr>#"urn:appian:function:v1:a:isusermemberofgroup?okey=a!isUserMemberOfGroup"(
  loggedInUser(),
  #"_a-0000ea57-d5bf-8000-9bb3-011c48011c48_113319"
)</visibilityExpr>
      <pageWidth>WIDE</pageWidth>
    </page>
    <page a:uuid="321c524b-7b53-41ab-b58a-51af6230b73b">
      <staticName>Maintenance Report</staticName>
      <description/>
      <urlStub>maintenance-report</urlStub>
      <uiObject a:uuid="351155d0-63e2-41e5-8ee1-7a187b770f7a" xsi:type="a:TempoReport"/>
      <iconId>f200</iconId>
      <visibilityExpr>#"urn:appian:function:v1:a:isusermemberofgroup?okey=a!isUserMemberOfGroup"(
  loggedInUser(),
  #"_a-0000ea57-d5bf-8000-9bb3-011c48011c48_113319"
)</visibilityExpr>
      <pageWidth>FULL</pageWidth>
    </page>
    <visibility>268435456</visibility>
    <headerBackgroundColor>#1a1e21</headerBackgroundColor>
    <selectedTabBackgroundColor>#99a8c5</selectedTabBackgroundColor>
    <faviconRef a:uuid="SYSTEM_CONTENT_SITES_DEFAULT_FAVICON" xsi:type="a:CollaborationDocument"/>
    <logoRef a:uuid="SYSTEM_CONTENT_SITES_DEFAULT_LOGO" xsi:type="a:CollaborationDocument"/>
    <accentColor>#0b5394</accentColor>
    <showName>false</showName>
    <tempoLinkVisibility>HIDDEN</tempoLinkVisibility>
    <showRecordNews>true</showRecordNews>
    <tasksInSitesVisibility>HIDDEN</tasksInSitesVisibility>
    <buttonShape>ROUNDED</buttonShape>
    <navigationBarStyle>STYLE2</navigationBarStyle>
    <inputShape>SEMI_ROUNDED</inputShape>
    <isSystem>false</isSystem>
    <displayName>RDAA Vehicles </displayName>
    <isStaticDisplayName>true</isStaticDisplayName>
  </site>
  <roleMap>
    <role name="site_administrator">
      <users/>
      <groups>
        <groupUuid>_e-0000ea32-688e-8000-9afe-01075c01075c_2837</groupUuid>
      </groups>
    </role>
    <role name="site_viewer">
      <users/>
      <groups>
        <groupUuid>_e-0000ea32-688e-8000-9afe-01075c01075c_2835</groupUuid>
      </groups>
    </role>
  </roleMap>
  <history>
    <historyInfo versionUuid="c9fd2ff4-2b6c-4613-82fe-0fbeb47cc515"/>
  </history>
</siteHaul>
