<?xml version="1.0" encoding="UTF-8" standalone="yes"?>
<groupHaul xmlns:a="http://www.appian.com/ae/types/2009">
    <versionUuid>_e-0000eab3-f57a-8000-9b01-01075c01075c_3420</versionUuid>
    <group>
        <name>AIA IT Supervisor</name>
        <securityMap>SECURITYMAP_TEAM</securityMap>
        <uuid>_e-0000eab3-f57a-8000-9b01-01075c01075c_3418</uuid>
        <groupTypeUuid>SYSTEM_GROUP_TYPE_CUSTOM</groupTypeUuid>
        <parentUuid>_e-0000eab3-f57a-8000-9b01-01075c01075c_3408</parentUuid>
        <description>A Group for all the IT Supervisors of the Application</description>
        <delegatedCreation>false</delegatedCreation>
        <memberPolicy>MEMBERPOLICY_CLOSED</memberPolicy>
        <viewingPolicy>VIEWINGPOLICY_LOW</viewingPolicy>
        <attributes/>
    </group>
    <members>
        <users/>
        <groups/>
    </members>
    <admins>
        <users/>
        <groups/>
    </admins>
    <ruleSet/>
    <history>
        <historyInfo versionUuid="_e-0000eab3-f57a-8000-9b01-01075c01075c_3420"/>
    </history>
</groupHaul>
