<?xml version="1.0" encoding="UTF-8" standalone="yes"?>
<groupHaul xmlns:a="http://www.appian.com/ae/types/2009">
    <versionUuid>2e5699bd-29da-4d53-9b49-95e55b01b988</versionUuid>
    <group>
        <name>RDAA Users1</name>
        <securityMap>SECURITYMAP_TEAM</securityMap>
        <uuid>2e5699bd-29da-4d53-9b49-95e55b01b988</uuid>
        <groupTypeUuid>SYSTEM_GROUP_TYPE_CUSTOM</groupTypeUuid>
        <description>Group that all Roshan Dummy Automobile Application activity is secured to</description>
        <delegatedCreation>false</delegatedCreation>
        <memberPolicy>MEMBERPOLICY_CLOSED</memberPolicy>
        <viewingPolicy>VIEWINGPOLICY_LOW</viewingPolicy>
        <attributes/>
    </group>
    <members>
        <users/>
        <groups/>
    </members>
    <admins>
        <users/>
        <groups/>
    </admins>
    <ruleSet/>
    <history>
        <historyInfo versionUuid="2e5699bd-29da-4d53-9b49-95e55b01b988"/>
    </history>
</groupHaul>
