<?xml version="1.0" encoding="UTF-8" standalone="yes"?>
<groupHaul xmlns:a="http://www.appian.com/ae/types/2009">
    <versionUuid>_e-0000ea32-688e-8000-9afe-01075c01075c_2838</versionUuid>
    <group>
        <name>RDAA Admin</name>
        <securityMap>SECURITYMAP_TEAM</securityMap>
        <uuid>_e-0000ea32-688e-8000-9afe-01075c01075c_2837</uuid>
        <groupTypeUuid>SYSTEM_GROUP_TYPE_CUSTOM</groupTypeUuid>
        <parentUuid>_e-0000ea32-688e-8000-9afe-01075c01075c_2835</parentUuid>
        <description>Admin</description>
        <delegatedCreation>false</delegatedCreation>
        <memberPolicy>MEMBERPOLICY_CLOSED</memberPolicy>
        <viewingPolicy>VIEWINGPOLICY_HIGH</viewingPolicy>
        <attributes/>
    </group>
    <members>
        <users/>
        <groups>
            <groupUuid>_e-0000ea32-688e-8000-9afe-01075c01075c_2825</groupUuid>
        </groups>
    </members>
    <admins>
        <users/>
        <groups/>
    </admins>
    <ruleSet/>
    <history>
        <historyInfo versionUuid="_e-0000ea32-688e-8000-9afe-01075c01075c_2838"/>
    </history>
</groupHaul>
