<?xml version="1.0" encoding="UTF-8" standalone="yes"?>
<taskReportHaul xmlns:a="http://www.appian.com/ae/types/2009">
    <versionUuid>c30470c3-9901-41e8-a607-0d40b64c566f</versionUuid>
    <taskReport a:uuid="00cd3f5b-a40c-4651-9793-8ab3980c33f7" name="RDAA Task Report">
        <a:description></a:description>
        <a:uiExpr>=#"_a-0000eab3-f57a-8000-9bb4-011c48011c48_133256"()</a:uiExpr>
        <a:urlStub>gWG8Lg</a:urlStub>
    </taskReport>
    <roleMap>
        <role name="report_administrator">
            <users/>
            <groups>
                <groupUuid>_e-0000ea32-688e-8000-9afe-01075c01075c_2837</groupUuid>
            </groups>
        </role>
        <role name="report_viewer">
            <users/>
            <groups>
                <groupUuid>_e-0000ea32-688e-8000-9afe-01075c01075c_2835</groupUuid>
            </groups>
        </role>
    </roleMap>
    <history>
        <historyInfo versionUuid="c30470c3-9901-41e8-a607-0d40b64c566f"/>
    </history>
</taskReportHaul>
